path	classification	note
artifacts/market_dashboard_landmark_discovery_delta_v1/MANIFEST.sha256	DELETE_DASHBOARD_SPECIFIC	deleted
artifacts/market_dashboard_landmark_discovery_delta_v1/browser_network_audit.json	DELETE_DASHBOARD_SPECIFIC	deleted
artifacts/market_dashboard_landmark_discovery_delta_v1/capture_raw.json	DELETE_DASHBOARD_SPECIFIC	deleted
artifacts/market_dashboard_landmark_discovery_delta_v1/component_to_landmark_matrix.json	DELETE_DASHBOARD_SPECIFIC	deleted
artifacts/market_dashboard_landmark_discovery_delta_v1/discovery_report.md	DELETE_DASHBOARD_SPECIFIC	deleted
artifacts/market_dashboard_landmark_discovery_delta_v1/full_page_composition_baseline.json	DELETE_DASHBOARD_SPECIFIC	deleted
artifacts/market_dashboard_landmark_discovery_delta_v1/landmark_owner_matrix.json	DELETE_DASHBOARD_SPECIFIC	deleted
artifacts/market_dashboard_landmark_discovery_delta_v1/next_slice_binding.json	DELETE_DASHBOARD_SPECIFIC	deleted
artifacts/market_dashboard_landmark_discovery_delta_v1/render_chain.json	DELETE_DASHBOARD_SPECIFIC	deleted
artifacts/market_dashboard_landmark_discovery_delta_v1/requirement_traceability_delta.json	DELETE_DASHBOARD_SPECIFIC	deleted
artifacts/market_dashboard_landmark_discovery_delta_v1/screenshots/landmark_discovery_1024x768_above_fold.png	DELETE_DASHBOARD_SPECIFIC	deleted
artifacts/market_dashboard_landmark_discovery_delta_v1/screenshots/landmark_discovery_1024x768_full.png	DELETE_DASHBOARD_SPECIFIC	deleted
artifacts/market_dashboard_landmark_discovery_delta_v1/screenshots/landmark_discovery_1280x800_above_fold.png	DELETE_DASHBOARD_SPECIFIC	deleted
artifacts/market_dashboard_landmark_discovery_delta_v1/screenshots/landmark_discovery_1280x800_full.png	DELETE_DASHBOARD_SPECIFIC	deleted
artifacts/market_dashboard_landmark_discovery_delta_v1/screenshots/landmark_discovery_1440x900_above_fold.png	DELETE_DASHBOARD_SPECIFIC	deleted
artifacts/market_dashboard_landmark_discovery_delta_v1/screenshots/landmark_discovery_1440x900_full.png	DELETE_DASHBOARD_SPECIFIC	deleted
artifacts/market_dashboard_landmark_discovery_delta_v1/screenshots/landmark_discovery_1440x900_header_hero_chart.png	DELETE_DASHBOARD_SPECIFIC	deleted
artifacts/market_dashboard_landmark_discovery_delta_v1/screenshots/landmark_discovery_1728x1117_above_fold.png	DELETE_DASHBOARD_SPECIFIC	deleted
artifacts/market_dashboard_landmark_discovery_delta_v1/screenshots/landmark_discovery_1728x1117_full.png	DELETE_DASHBOARD_SPECIFIC	deleted
artifacts/market_dashboard_landmark_discovery_delta_v1/ssot_boundary_audit.json	DELETE_DASHBOARD_SPECIFIC	deleted
artifacts/market_dashboard_landmark_discovery_delta_v1/ux_geometry_baseline.json	DELETE_DASHBOARD_SPECIFIC	deleted
artifacts/market_dashboard_landmark_discovery_delta_v1/visual_defect_inventory.json	DELETE_DASHBOARD_SPECIFIC	deleted
artifacts/market_dashboard_phase1a_composition_foundation_v1/MANIFEST.sha256	DELETE_DASHBOARD_SPECIFIC	deleted
artifacts/market_dashboard_phase1a_composition_foundation_v1/browser_network_audit.json	DELETE_DASHBOARD_SPECIFIC	deleted
artifacts/market_dashboard_phase1a_composition_foundation_v1/capture_raw.json	DELETE_DASHBOARD_SPECIFIC	deleted
artifacts/market_dashboard_phase1a_composition_foundation_v1/changed_owner_matrix.json	DELETE_DASHBOARD_SPECIFIC	deleted
artifacts/market_dashboard_phase1a_composition_foundation_v1/console_audit.json	DELETE_DASHBOARD_SPECIFIC	deleted
artifacts/market_dashboard_phase1a_composition_foundation_v1/full_page_composition_review.md	DELETE_DASHBOARD_SPECIFIC	deleted
artifacts/market_dashboard_phase1a_composition_foundation_v1/implementation_report.md	DELETE_DASHBOARD_SPECIFIC	deleted
artifacts/market_dashboard_phase1a_composition_foundation_v1/landmark_assertion_results.json	DELETE_DASHBOARD_SPECIFIC	deleted
artifacts/market_dashboard_phase1a_composition_foundation_v1/requirement_traceability_delta.json	DELETE_DASHBOARD_SPECIFIC	deleted
artifacts/market_dashboard_phase1a_composition_foundation_v1/screenshot_manifest.json	DELETE_DASHBOARD_SPECIFIC	deleted
artifacts/market_dashboard_phase1a_composition_foundation_v1/screenshots/phase1a_1024x768_above_fold.png	DELETE_DASHBOARD_SPECIFIC	deleted
artifacts/market_dashboard_phase1a_composition_foundation_v1/screenshots/phase1a_1024x768_full.png	DELETE_DASHBOARD_SPECIFIC	deleted
artifacts/market_dashboard_phase1a_composition_foundation_v1/screenshots/phase1a_1280x800_above_fold.png	DELETE_DASHBOARD_SPECIFIC	deleted
artifacts/market_dashboard_phase1a_composition_foundation_v1/screenshots/phase1a_1280x800_full.png	DELETE_DASHBOARD_SPECIFIC	deleted
artifacts/market_dashboard_phase1a_composition_foundation_v1/screenshots/phase1a_1440x900_above_fold.png	DELETE_DASHBOARD_SPECIFIC	deleted
artifacts/market_dashboard_phase1a_composition_foundation_v1/screenshots/phase1a_1440x900_full.png	DELETE_DASHBOARD_SPECIFIC	deleted
artifacts/market_dashboard_phase1a_composition_foundation_v1/screenshots/phase1a_1440x900_header_hero_chart.png	DELETE_DASHBOARD_SPECIFIC	deleted
artifacts/market_dashboard_phase1a_composition_foundation_v1/screenshots/phase1a_1728x1117_above_fold.png	DELETE_DASHBOARD_SPECIFIC	deleted
artifacts/market_dashboard_phase1a_composition_foundation_v1/screenshots/phase1a_1728x1117_full.png	DELETE_DASHBOARD_SPECIFIC	deleted
artifacts/market_dashboard_phase1a_composition_foundation_v1/screenshots/phase1a_engineering_drawer_closed.png	DELETE_DASHBOARD_SPECIFIC	deleted
artifacts/market_dashboard_phase1a_composition_foundation_v1/screenshots/phase1a_engineering_drawer_opened.png	DELETE_DASHBOARD_SPECIFIC	deleted
artifacts/market_dashboard_phase1a_composition_foundation_v1/screenshots/phase1a_landmark_full_page_composition.png	DELETE_DASHBOARD_SPECIFIC	deleted
artifacts/market_dashboard_phase1a_composition_foundation_v1/screenshots/phase1a_primary_chart_detail.png	DELETE_DASHBOARD_SPECIFIC	deleted
artifacts/market_dashboard_phase1a_composition_foundation_v1/screenshots/phase1a_safety_rail_detail.png	DELETE_DASHBOARD_SPECIFIC	deleted
artifacts/market_dashboard_phase1a_composition_foundation_v1/ssot_boundary_audit.json	DELETE_DASHBOARD_SPECIFIC	deleted
artifacts/market_dashboard_phase1a_composition_foundation_v1/ux_geometry_results.json	DELETE_DASHBOARD_SPECIFIC	deleted
artifacts/market_dashboard_product_recovery_v1_20260717T045539Z/before_after.md	DELETE_DASHBOARD_SPECIFIC	deleted
artifacts/market_dashboard_product_recovery_v1_20260717T045539Z/canonical_data_sources.md	DELETE_DASHBOARD_SPECIFIC	deleted
artifacts/market_dashboard_product_recovery_v1_20260717T045539Z/capture_product_recovery_evidence_v1.py	DELETE_DASHBOARD_SPECIFIC	deleted
artifacts/market_dashboard_product_recovery_v1_20260717T045539Z/changed_files.txt	DELETE_DASHBOARD_SPECIFIC	deleted
artifacts/market_dashboard_product_recovery_v1_20260717T045539Z/console_errors.json	DELETE_DASHBOARD_SPECIFIC	deleted
artifacts/market_dashboard_product_recovery_v1_20260717T045539Z/data_binding_matrix.md	DELETE_DASHBOARD_SPECIFIC	deleted
artifacts/market_dashboard_product_recovery_v1_20260717T045539Z/discovery.md	DELETE_DASHBOARD_SPECIFIC	deleted
artifacts/market_dashboard_product_recovery_v1_20260717T045539Z/network_errors.json	DELETE_DASHBOARD_SPECIFIC	deleted
artifacts/market_dashboard_product_recovery_v1_20260717T045539Z/root_causes.md	DELETE_DASHBOARD_SPECIFIC	deleted
artifacts/market_dashboard_product_recovery_v1_20260717T045539Z/screenshots/decision_region.png	DELETE_DASHBOARD_SPECIFIC	deleted
artifacts/market_dashboard_product_recovery_v1_20260717T045539Z/screenshots/double_play_safety_region.png	DELETE_DASHBOARD_SPECIFIC	deleted
artifacts/market_dashboard_product_recovery_v1_20260717T045539Z/screenshots/observability_region.png	DELETE_DASHBOARD_SPECIFIC	deleted
artifacts/market_dashboard_product_recovery_v1_20260717T045539Z/screenshots/unavailable_1280x800_full.png	DELETE_DASHBOARD_SPECIFIC	deleted
artifacts/market_dashboard_product_recovery_v1_20260717T045539Z/screenshots/unavailable_1440x900_above_fold.png	DELETE_DASHBOARD_SPECIFIC	deleted
artifacts/market_dashboard_product_recovery_v1_20260717T045539Z/screenshots/unavailable_1440x900_full.png	DELETE_DASHBOARD_SPECIFIC	deleted
artifacts/market_dashboard_product_recovery_v1_20260717T045539Z/screenshots/unavailable_1728x1117_full.png	DELETE_DASHBOARD_SPECIFIC	deleted
artifacts/market_dashboard_product_recovery_v1_20260717T045539Z/test_results.txt	DELETE_DASHBOARD_SPECIFIC	deleted
artifacts/market_dashboard_product_recovery_v1_20260717T045539Z/viewport_metrics.json	DELETE_DASHBOARD_SPECIFIC	deleted
artifacts/market_dashboard_product_recovery_v1_resume_20260717T053323Z/browser_verification.txt	DELETE_DASHBOARD_SPECIFIC	deleted
artifacts/market_dashboard_product_recovery_v1_resume_20260717T053323Z/console_errors.txt	DELETE_DASHBOARD_SPECIFIC	deleted
artifacts/market_dashboard_product_recovery_v1_resume_20260717T053323Z/dom_markers.txt	DELETE_DASHBOARD_SPECIFIC	deleted
artifacts/market_dashboard_product_recovery_v1_resume_20260717T053323Z/network_errors.txt	DELETE_DASHBOARD_SPECIFIC	deleted
artifacts/market_dashboard_product_recovery_v1_resume_20260717T053323Z/product_screenshot_review.txt	DELETE_DASHBOARD_SPECIFIC	deleted
artifacts/market_dashboard_product_recovery_v1_resume_20260717T053323Z/review_server_start.txt	DELETE_DASHBOARD_SPECIFIC	deleted
artifacts/market_dashboard_product_recovery_v1_resume_20260717T053323Z/screenshots/above_fold_1440x900.png	DELETE_DASHBOARD_SPECIFIC	deleted
artifacts/market_dashboard_product_recovery_v1_resume_20260717T053323Z/screenshots/empty_state_detail_1440x900.png	DELETE_DASHBOARD_SPECIFIC	deleted
artifacts/market_dashboard_product_recovery_v1_resume_20260717T053323Z/screenshots/full_1440x900.png	DELETE_DASHBOARD_SPECIFIC	deleted
artifacts/market_dashboard_product_recovery_v1_resume_20260717T053323Z/screenshots/narrow_1280x800_full.png	DELETE_DASHBOARD_SPECIFIC	deleted
artifacts/market_dashboard_product_recovery_v1_resume_20260717T053323Z/server_ownership.txt	DELETE_DASHBOARD_SPECIFIC	deleted
artifacts/market_dashboard_product_recovery_v1_resume_20260717T053323Z/server_status.txt	DELETE_DASHBOARD_SPECIFIC	deleted
artifacts/market_dashboard_product_recovery_v1_resume_20260717T053323Z/viewing_summary.md	DELETE_DASHBOARD_SPECIFIC	deleted
artifacts/market_dashboard_product_recovery_v1_resume_20260717T053803Z/base_url.txt	DELETE_DASHBOARD_SPECIFIC	deleted
artifacts/market_dashboard_product_recovery_v1_resume_20260717T053803Z/browser_verification.txt	DELETE_DASHBOARD_SPECIFIC	deleted
artifacts/market_dashboard_product_recovery_v1_resume_20260717T053803Z/console_errors.txt	DELETE_DASHBOARD_SPECIFIC	deleted
artifacts/market_dashboard_product_recovery_v1_resume_20260717T053803Z/dom_markers.txt	DELETE_DASHBOARD_SPECIFIC	deleted
artifacts/market_dashboard_product_recovery_v1_resume_20260717T053803Z/network_errors.txt	DELETE_DASHBOARD_SPECIFIC	deleted
artifacts/market_dashboard_product_recovery_v1_resume_20260717T053803Z/port8000_status.txt	DELETE_DASHBOARD_SPECIFIC	deleted
artifacts/market_dashboard_product_recovery_v1_resume_20260717T053803Z/port8010_status.txt	DELETE_DASHBOARD_SPECIFIC	deleted
artifacts/market_dashboard_product_recovery_v1_resume_20260717T053803Z/product_screenshot_review.txt	DELETE_DASHBOARD_SPECIFIC	deleted
artifacts/market_dashboard_product_recovery_v1_resume_20260717T053803Z/review_server_start.txt	DELETE_DASHBOARD_SPECIFIC	deleted
artifacts/market_dashboard_product_recovery_v1_resume_20260717T053803Z/screenshots/above_fold_1440x900.png	DELETE_DASHBOARD_SPECIFIC	deleted
artifacts/market_dashboard_product_recovery_v1_resume_20260717T053803Z/screenshots/empty_state_detail_1440x900.png	DELETE_DASHBOARD_SPECIFIC	deleted
artifacts/market_dashboard_product_recovery_v1_resume_20260717T053803Z/screenshots/full_1440x900.png	DELETE_DASHBOARD_SPECIFIC	deleted
artifacts/market_dashboard_product_recovery_v1_resume_20260717T053803Z/screenshots/narrow_1280x800_full.png	DELETE_DASHBOARD_SPECIFIC	deleted
artifacts/market_dashboard_product_recovery_v1_resume_20260717T053803Z/server_ownership.txt	DELETE_DASHBOARD_SPECIFIC	deleted
artifacts/market_dashboard_product_recovery_v1_resume_20260717T053803Z/server_status.txt	DELETE_DASHBOARD_SPECIFIC	deleted
artifacts/market_dashboard_product_recovery_v1_resume_20260717T053803Z/server_status_after.txt	DELETE_DASHBOARD_SPECIFIC	deleted
artifacts/market_dashboard_product_recovery_v1_resume_20260717T053803Z/stop_prior.txt	DELETE_DASHBOARD_SPECIFIC	deleted
docs/ops/specs/FUTURES_READ_ONLY_MARKET_DASHBOARD_CONTRACT_V0.md	DELETE_DASHBOARD_SPECIFIC	deleted
docs/product/Peak_Trade_Market_Dashboard_Architecture_Reset_and_Rebuild_Master_Runbook_v1.0.md	DELETE_DASHBOARD_SPECIFIC	deleted
docs/product/Peak_Trade_Runbook_v1.3_Composition_Landmark_Master_Runbook.md	DELETE_DASHBOARD_SPECIFIC	deleted
docs/product/Peak_Trade_Visual_Operator_Dashboard_Product_Runbook_v1.3.md	DELETE_DASHBOARD_SPECIFIC	deleted
docs/product/RUNBOOK_PATCH_RECOMMENDATIONS.md	DELETE_DASHBOARD_SPECIFIC	deleted
docs/product/VISUAL_OPERATOR_DASHBOARD_IMPLEMENTATION_PLAN_V1.md	DELETE_DASHBOARD_SPECIFIC	deleted
docs/product/evidence/composition_decision_surface_hierarchy_v1_20260717T013644Z/MANIFEST.sha256	DELETE_DASHBOARD_SPECIFIC	deleted
docs/product/evidence/composition_decision_surface_hierarchy_v1_20260717T013644Z/README.md	DELETE_DASHBOARD_SPECIFIC	deleted
docs/product/evidence/composition_decision_surface_hierarchy_v1_20260717T013644Z/before/browser_report.json	DELETE_DASHBOARD_SPECIFIC	deleted
docs/product/evidence/composition_decision_surface_hierarchy_v1_20260717T013644Z/before/composition_geometry.json	DELETE_DASHBOARD_SPECIFIC	deleted
docs/product/evidence/composition_decision_surface_hierarchy_v1_20260717T013644Z/before/screenshots/full_page_1280x800.png	DELETE_DASHBOARD_SPECIFIC	deleted
docs/product/evidence/composition_decision_surface_hierarchy_v1_20260717T013644Z/before/screenshots/full_page_1440x900.png	DELETE_DASHBOARD_SPECIFIC	deleted
docs/product/evidence/composition_decision_surface_hierarchy_v1_20260717T013644Z/before/screenshots/full_page_1728x1117.png	DELETE_DASHBOARD_SPECIFIC	deleted
docs/product/evidence/composition_decision_surface_hierarchy_v1_20260717T013644Z/before/screenshots/viewport_1280x800.png	DELETE_DASHBOARD_SPECIFIC	deleted
docs/product/evidence/composition_decision_surface_hierarchy_v1_20260717T013644Z/before/screenshots/viewport_1440x900.png	DELETE_DASHBOARD_SPECIFIC	deleted
docs/product/evidence/composition_decision_surface_hierarchy_v1_20260717T013644Z/before/screenshots/viewport_1728x1117.png	DELETE_DASHBOARD_SPECIFIC	deleted
docs/product/evidence/composition_decision_surface_hierarchy_v1_20260717T013644Z/browser_report.json	DELETE_DASHBOARD_SPECIFIC	deleted
docs/product/evidence/composition_decision_surface_hierarchy_v1_20260717T013644Z/composition_geometry.json	DELETE_DASHBOARD_SPECIFIC	deleted
docs/product/evidence/composition_decision_surface_hierarchy_v1_20260717T013644Z/composition_review.md	DELETE_DASHBOARD_SPECIFIC	deleted
docs/product/evidence/composition_decision_surface_hierarchy_v1_20260717T013644Z/geometry_report.json	DELETE_DASHBOARD_SPECIFIC	deleted
docs/product/evidence/composition_decision_surface_hierarchy_v1_20260717T013644Z/hierarchy_report.json	DELETE_DASHBOARD_SPECIFIC	deleted
docs/product/evidence/composition_decision_surface_hierarchy_v1_20260717T013644Z/landmark_order_report.json	DELETE_DASHBOARD_SPECIFIC	deleted
docs/product/evidence/composition_decision_surface_hierarchy_v1_20260717T013644Z/overflow_report.json	DELETE_DASHBOARD_SPECIFIC	deleted
docs/product/evidence/composition_decision_surface_hierarchy_v1_20260717T013644Z/screenshots/full_page_1280x800.png	DELETE_DASHBOARD_SPECIFIC	deleted
docs/product/evidence/composition_decision_surface_hierarchy_v1_20260717T013644Z/screenshots/full_page_1440x900.png	DELETE_DASHBOARD_SPECIFIC	deleted
docs/product/evidence/composition_decision_surface_hierarchy_v1_20260717T013644Z/screenshots/full_page_1728x1117.png	DELETE_DASHBOARD_SPECIFIC	deleted
docs/product/evidence/composition_decision_surface_hierarchy_v1_20260717T013644Z/screenshots/viewport_1280x800.png	DELETE_DASHBOARD_SPECIFIC	deleted
docs/product/evidence/composition_decision_surface_hierarchy_v1_20260717T013644Z/screenshots/viewport_1440x900.png	DELETE_DASHBOARD_SPECIFIC	deleted
docs/product/evidence/composition_decision_surface_hierarchy_v1_20260717T013644Z/screenshots/viewport_1728x1117.png	DELETE_DASHBOARD_SPECIFIC	deleted
docs/product/evidence/composition_decision_surface_hierarchy_v1_20260717T013644Z/test_report.txt	DELETE_DASHBOARD_SPECIFIC	deleted
docs/product/evidence/composition_engineering_drawer_deemphasis_v1_20260717T021409Z/MANIFEST.sha256	DELETE_DASHBOARD_SPECIFIC	deleted
docs/product/evidence/composition_engineering_drawer_deemphasis_v1_20260717T021409Z/README.md	DELETE_DASHBOARD_SPECIFIC	deleted
docs/product/evidence/composition_engineering_drawer_deemphasis_v1_20260717T021409Z/before/browser_report.json	DELETE_DASHBOARD_SPECIFIC	deleted
docs/product/evidence/composition_engineering_drawer_deemphasis_v1_20260717T021409Z/before/screenshots/engineering_drawer_1280x800.png	DELETE_DASHBOARD_SPECIFIC	deleted
docs/product/evidence/composition_engineering_drawer_deemphasis_v1_20260717T021409Z/before/screenshots/engineering_drawer_1440x900.png	DELETE_DASHBOARD_SPECIFIC	deleted
docs/product/evidence/composition_engineering_drawer_deemphasis_v1_20260717T021409Z/before/screenshots/engineering_drawer_1728x1117.png	DELETE_DASHBOARD_SPECIFIC	deleted
docs/product/evidence/composition_engineering_drawer_deemphasis_v1_20260717T021409Z/before/screenshots/full_page_1280x800.png	DELETE_DASHBOARD_SPECIFIC	deleted
docs/product/evidence/composition_engineering_drawer_deemphasis_v1_20260717T021409Z/before/screenshots/full_page_1440x900.png	DELETE_DASHBOARD_SPECIFIC	deleted
docs/product/evidence/composition_engineering_drawer_deemphasis_v1_20260717T021409Z/before/screenshots/full_page_1728x1117.png	DELETE_DASHBOARD_SPECIFIC	deleted
docs/product/evidence/composition_engineering_drawer_deemphasis_v1_20260717T021409Z/before/screenshots/viewport_1280x800.png	DELETE_DASHBOARD_SPECIFIC	deleted
docs/product/evidence/composition_engineering_drawer_deemphasis_v1_20260717T021409Z/before/screenshots/viewport_1440x900.png	DELETE_DASHBOARD_SPECIFIC	deleted
docs/product/evidence/composition_engineering_drawer_deemphasis_v1_20260717T021409Z/before/screenshots/viewport_1728x1117.png	DELETE_DASHBOARD_SPECIFIC	deleted
docs/product/evidence/composition_engineering_drawer_deemphasis_v1_20260717T021409Z/before_after_review.md	DELETE_DASHBOARD_SPECIFIC	deleted
docs/product/evidence/composition_engineering_drawer_deemphasis_v1_20260717T021409Z/browser_report.json	DELETE_DASHBOARD_SPECIFIC	deleted
docs/product/evidence/composition_engineering_drawer_deemphasis_v1_20260717T021409Z/composition_plan.md	DELETE_DASHBOARD_SPECIFIC	deleted
docs/product/evidence/composition_engineering_drawer_deemphasis_v1_20260717T021409Z/deemphasis_report.json	DELETE_DASHBOARD_SPECIFIC	deleted
docs/product/evidence/composition_engineering_drawer_deemphasis_v1_20260717T021409Z/gates_report.json	DELETE_DASHBOARD_SPECIFIC	deleted
docs/product/evidence/composition_engineering_drawer_deemphasis_v1_20260717T021409Z/hierarchy_report.json	DELETE_DASHBOARD_SPECIFIC	deleted
docs/product/evidence/composition_engineering_drawer_deemphasis_v1_20260717T021409Z/landmark_order_report.json	DELETE_DASHBOARD_SPECIFIC	deleted
docs/product/evidence/composition_engineering_drawer_deemphasis_v1_20260717T021409Z/overflow_report.json	DELETE_DASHBOARD_SPECIFIC	deleted
docs/product/evidence/composition_engineering_drawer_deemphasis_v1_20260717T021409Z/screenshots/engineering_drawer_1280x800.png	DELETE_DASHBOARD_SPECIFIC	deleted
docs/product/evidence/composition_engineering_drawer_deemphasis_v1_20260717T021409Z/screenshots/engineering_drawer_1440x900.png	DELETE_DASHBOARD_SPECIFIC	deleted
docs/product/evidence/composition_engineering_drawer_deemphasis_v1_20260717T021409Z/screenshots/engineering_drawer_1728x1117.png	DELETE_DASHBOARD_SPECIFIC	deleted
docs/product/evidence/composition_engineering_drawer_deemphasis_v1_20260717T021409Z/screenshots/full_page_1280x800.png	DELETE_DASHBOARD_SPECIFIC	deleted
docs/product/evidence/composition_engineering_drawer_deemphasis_v1_20260717T021409Z/screenshots/full_page_1440x900.png	DELETE_DASHBOARD_SPECIFIC	deleted
docs/product/evidence/composition_engineering_drawer_deemphasis_v1_20260717T021409Z/screenshots/full_page_1728x1117.png	DELETE_DASHBOARD_SPECIFIC	deleted
docs/product/evidence/composition_engineering_drawer_deemphasis_v1_20260717T021409Z/screenshots/viewport_1280x800.png	DELETE_DASHBOARD_SPECIFIC	deleted
docs/product/evidence/composition_engineering_drawer_deemphasis_v1_20260717T021409Z/screenshots/viewport_1440x900.png	DELETE_DASHBOARD_SPECIFIC	deleted
docs/product/evidence/composition_engineering_drawer_deemphasis_v1_20260717T021409Z/screenshots/viewport_1728x1117.png	DELETE_DASHBOARD_SPECIFIC	deleted
docs/product/evidence/composition_engineering_drawer_deemphasis_v1_20260717T021409Z/ssot_consumer_audit.json	DELETE_DASHBOARD_SPECIFIC	deleted
docs/product/evidence/composition_engineering_drawer_deemphasis_v1_20260717T021409Z/test_report.txt	DELETE_DASHBOARD_SPECIFIC	deleted
docs/product/evidence/composition_landmark_post_rhythm_rebaseline_v1_20260717T012920Z/MANIFEST.sha256	DELETE_DASHBOARD_SPECIFIC	deleted
docs/product/evidence/composition_landmark_post_rhythm_rebaseline_v1_20260717T012920Z/README.md	DELETE_DASHBOARD_SPECIFIC	deleted
docs/product/evidence/composition_landmark_post_rhythm_rebaseline_v1_20260717T012920Z/browser_report.json	DELETE_DASHBOARD_SPECIFIC	deleted
docs/product/evidence/composition_landmark_post_rhythm_rebaseline_v1_20260717T012920Z/composition_metrics.json	DELETE_DASHBOARD_SPECIFIC	deleted
docs/product/evidence/composition_landmark_post_rhythm_rebaseline_v1_20260717T012920Z/gap_ranking.json	DELETE_DASHBOARD_SPECIFIC	deleted
docs/product/evidence/composition_landmark_post_rhythm_rebaseline_v1_20260717T012920Z/landmark_geometry.json	DELETE_DASHBOARD_SPECIFIC	deleted
docs/product/evidence/composition_landmark_post_rhythm_rebaseline_v1_20260717T012920Z/next_slice_authorization.json	DELETE_DASHBOARD_SPECIFIC	deleted
docs/product/evidence/composition_landmark_post_rhythm_rebaseline_v1_20260717T012920Z/rebaseline_report.json	DELETE_DASHBOARD_SPECIFIC	deleted
docs/product/evidence/composition_landmark_post_rhythm_rebaseline_v1_20260717T012920Z/screenshots/full_page_1280x800.png	DELETE_DASHBOARD_SPECIFIC	deleted
docs/product/evidence/composition_landmark_post_rhythm_rebaseline_v1_20260717T012920Z/screenshots/full_page_1440x900.png	DELETE_DASHBOARD_SPECIFIC	deleted
docs/product/evidence/composition_landmark_post_rhythm_rebaseline_v1_20260717T012920Z/screenshots/full_page_1728x1117.png	DELETE_DASHBOARD_SPECIFIC	deleted
docs/product/evidence/composition_landmark_post_rhythm_rebaseline_v1_20260717T012920Z/screenshots/viewport_1280x800.png	DELETE_DASHBOARD_SPECIFIC	deleted
docs/product/evidence/composition_landmark_post_rhythm_rebaseline_v1_20260717T012920Z/screenshots/viewport_1440x900.png	DELETE_DASHBOARD_SPECIFIC	deleted
docs/product/evidence/composition_landmark_post_rhythm_rebaseline_v1_20260717T012920Z/screenshots/viewport_1728x1117.png	DELETE_DASHBOARD_SPECIFIC	deleted
docs/product/evidence/composition_landmark_vertical_rhythm_v1_20260717T011316Z/MANIFEST.sha256	DELETE_DASHBOARD_SPECIFIC	deleted
docs/product/evidence/composition_landmark_vertical_rhythm_v1_20260717T011316Z/README.md	DELETE_DASHBOARD_SPECIFIC	deleted
docs/product/evidence/composition_landmark_vertical_rhythm_v1_20260717T011316Z/before/browser_report.json	DELETE_DASHBOARD_SPECIFIC	deleted
docs/product/evidence/composition_landmark_vertical_rhythm_v1_20260717T011316Z/before/composition_geometry.json	DELETE_DASHBOARD_SPECIFIC	deleted
docs/product/evidence/composition_landmark_vertical_rhythm_v1_20260717T011316Z/before/screenshots/full_page_1280x800.png	DELETE_DASHBOARD_SPECIFIC	deleted
docs/product/evidence/composition_landmark_vertical_rhythm_v1_20260717T011316Z/before/screenshots/full_page_1440x900.png	DELETE_DASHBOARD_SPECIFIC	deleted
docs/product/evidence/composition_landmark_vertical_rhythm_v1_20260717T011316Z/before/screenshots/full_page_1728x1117.png	DELETE_DASHBOARD_SPECIFIC	deleted
docs/product/evidence/composition_landmark_vertical_rhythm_v1_20260717T011316Z/before/screenshots/viewport_1280x800.png	DELETE_DASHBOARD_SPECIFIC	deleted
docs/product/evidence/composition_landmark_vertical_rhythm_v1_20260717T011316Z/before/screenshots/viewport_1440x900.png	DELETE_DASHBOARD_SPECIFIC	deleted
docs/product/evidence/composition_landmark_vertical_rhythm_v1_20260717T011316Z/before/screenshots/viewport_1728x1117.png	DELETE_DASHBOARD_SPECIFIC	deleted
docs/product/evidence/composition_landmark_vertical_rhythm_v1_20260717T011316Z/before_after_comparison.md	DELETE_DASHBOARD_SPECIFIC	deleted
docs/product/evidence/composition_landmark_vertical_rhythm_v1_20260717T011316Z/browser_report.json	DELETE_DASHBOARD_SPECIFIC	deleted
docs/product/evidence/composition_landmark_vertical_rhythm_v1_20260717T011316Z/composition_audit.md	DELETE_DASHBOARD_SPECIFIC	deleted
docs/product/evidence/composition_landmark_vertical_rhythm_v1_20260717T011316Z/composition_geometry.json	DELETE_DASHBOARD_SPECIFIC	deleted
docs/product/evidence/composition_landmark_vertical_rhythm_v1_20260717T011316Z/landmark_order.json	DELETE_DASHBOARD_SPECIFIC	deleted
docs/product/evidence/composition_landmark_vertical_rhythm_v1_20260717T011316Z/screenshots/full_page_1280x800.png	DELETE_DASHBOARD_SPECIFIC	deleted
docs/product/evidence/composition_landmark_vertical_rhythm_v1_20260717T011316Z/screenshots/full_page_1440x900.png	DELETE_DASHBOARD_SPECIFIC	deleted
docs/product/evidence/composition_landmark_vertical_rhythm_v1_20260717T011316Z/screenshots/full_page_1728x1117.png	DELETE_DASHBOARD_SPECIFIC	deleted
docs/product/evidence/composition_landmark_vertical_rhythm_v1_20260717T011316Z/screenshots/viewport_1280x800.png	DELETE_DASHBOARD_SPECIFIC	deleted
docs/product/evidence/composition_landmark_vertical_rhythm_v1_20260717T011316Z/screenshots/viewport_1440x900.png	DELETE_DASHBOARD_SPECIFIC	deleted
docs/product/evidence/composition_landmark_vertical_rhythm_v1_20260717T011316Z/screenshots/viewport_1728x1117.png	DELETE_DASHBOARD_SPECIFIC	deleted
docs/product/evidence/composition_landmark_vertical_rhythm_v1_20260717T011316Z/ssot_consumer_audit.json	DELETE_DASHBOARD_SPECIFIC	deleted
docs/product/evidence/composition_observability_surface_hierarchy_v1_20260717T015943Z/MANIFEST.sha256	DELETE_DASHBOARD_SPECIFIC	deleted
docs/product/evidence/composition_observability_surface_hierarchy_v1_20260717T015943Z/README.md	DELETE_DASHBOARD_SPECIFIC	deleted
docs/product/evidence/composition_observability_surface_hierarchy_v1_20260717T015943Z/before/browser_report.json	DELETE_DASHBOARD_SPECIFIC	deleted
docs/product/evidence/composition_observability_surface_hierarchy_v1_20260717T015943Z/before/screenshots/full_page_1280x800.png	DELETE_DASHBOARD_SPECIFIC	deleted
docs/product/evidence/composition_observability_surface_hierarchy_v1_20260717T015943Z/before/screenshots/full_page_1440x900.png	DELETE_DASHBOARD_SPECIFIC	deleted
docs/product/evidence/composition_observability_surface_hierarchy_v1_20260717T015943Z/before/screenshots/full_page_1728x1117.png	DELETE_DASHBOARD_SPECIFIC	deleted
docs/product/evidence/composition_observability_surface_hierarchy_v1_20260717T015943Z/before/screenshots/viewport_1280x800.png	DELETE_DASHBOARD_SPECIFIC	deleted
docs/product/evidence/composition_observability_surface_hierarchy_v1_20260717T015943Z/before/screenshots/viewport_1440x900.png	DELETE_DASHBOARD_SPECIFIC	deleted
docs/product/evidence/composition_observability_surface_hierarchy_v1_20260717T015943Z/before/screenshots/viewport_1728x1117.png	DELETE_DASHBOARD_SPECIFIC	deleted
docs/product/evidence/composition_observability_surface_hierarchy_v1_20260717T015943Z/before_after_review.md	DELETE_DASHBOARD_SPECIFIC	deleted
docs/product/evidence/composition_observability_surface_hierarchy_v1_20260717T015943Z/browser_report.json	DELETE_DASHBOARD_SPECIFIC	deleted
docs/product/evidence/composition_observability_surface_hierarchy_v1_20260717T015943Z/composition_plan.md	DELETE_DASHBOARD_SPECIFIC	deleted
docs/product/evidence/composition_observability_surface_hierarchy_v1_20260717T015943Z/hierarchy_report.json	DELETE_DASHBOARD_SPECIFIC	deleted
docs/product/evidence/composition_observability_surface_hierarchy_v1_20260717T015943Z/landmark_order_report.json	DELETE_DASHBOARD_SPECIFIC	deleted
docs/product/evidence/composition_observability_surface_hierarchy_v1_20260717T015943Z/overflow_report.json	DELETE_DASHBOARD_SPECIFIC	deleted
docs/product/evidence/composition_observability_surface_hierarchy_v1_20260717T015943Z/screenshots/full_page_1280x800.png	DELETE_DASHBOARD_SPECIFIC	deleted
docs/product/evidence/composition_observability_surface_hierarchy_v1_20260717T015943Z/screenshots/full_page_1440x900.png	DELETE_DASHBOARD_SPECIFIC	deleted
docs/product/evidence/composition_observability_surface_hierarchy_v1_20260717T015943Z/screenshots/full_page_1728x1117.png	DELETE_DASHBOARD_SPECIFIC	deleted
docs/product/evidence/composition_observability_surface_hierarchy_v1_20260717T015943Z/screenshots/viewport_1280x800.png	DELETE_DASHBOARD_SPECIFIC	deleted
docs/product/evidence/composition_observability_surface_hierarchy_v1_20260717T015943Z/screenshots/viewport_1440x900.png	DELETE_DASHBOARD_SPECIFIC	deleted
docs/product/evidence/composition_observability_surface_hierarchy_v1_20260717T015943Z/screenshots/viewport_1728x1117.png	DELETE_DASHBOARD_SPECIFIC	deleted
docs/product/evidence/composition_observability_surface_hierarchy_v1_20260717T015943Z/ssot_consumer_audit.json	DELETE_DASHBOARD_SPECIFIC	deleted
docs/product/evidence/composition_observability_surface_hierarchy_v1_20260717T015943Z/test_report.txt	DELETE_DASHBOARD_SPECIFIC	deleted
docs/product/evidence/composition_post_hierarchy_rebaseline_v1_20260717T015247Z/MANIFEST.sha256	DELETE_DASHBOARD_SPECIFIC	deleted
docs/product/evidence/composition_post_hierarchy_rebaseline_v1_20260717T015247Z/README.md	DELETE_DASHBOARD_SPECIFIC	deleted
docs/product/evidence/composition_post_hierarchy_rebaseline_v1_20260717T015247Z/browser_report.json	DELETE_DASHBOARD_SPECIFIC	deleted
docs/product/evidence/composition_post_hierarchy_rebaseline_v1_20260717T015247Z/composition_review.md	DELETE_DASHBOARD_SPECIFIC	deleted
docs/product/evidence/composition_post_hierarchy_rebaseline_v1_20260717T015247Z/gap_ranking.json	DELETE_DASHBOARD_SPECIFIC	deleted
docs/product/evidence/composition_post_hierarchy_rebaseline_v1_20260717T015247Z/hierarchy_report.json	DELETE_DASHBOARD_SPECIFIC	deleted
docs/product/evidence/composition_post_hierarchy_rebaseline_v1_20260717T015247Z/landmark_geometry.json	DELETE_DASHBOARD_SPECIFIC	deleted
docs/product/evidence/composition_post_hierarchy_rebaseline_v1_20260717T015247Z/next_slice_authorization.json	DELETE_DASHBOARD_SPECIFIC	deleted
docs/product/evidence/composition_post_hierarchy_rebaseline_v1_20260717T015247Z/overflow_report.json	DELETE_DASHBOARD_SPECIFIC	deleted
docs/product/evidence/composition_post_hierarchy_rebaseline_v1_20260717T015247Z/rhythm_report.json	DELETE_DASHBOARD_SPECIFIC	deleted
docs/product/evidence/composition_post_hierarchy_rebaseline_v1_20260717T015247Z/screenshots/full_page_1280x800.png	DELETE_DASHBOARD_SPECIFIC	deleted
docs/product/evidence/composition_post_hierarchy_rebaseline_v1_20260717T015247Z/screenshots/full_page_1440x900.png	DELETE_DASHBOARD_SPECIFIC	deleted
docs/product/evidence/composition_post_hierarchy_rebaseline_v1_20260717T015247Z/screenshots/full_page_1728x1117.png	DELETE_DASHBOARD_SPECIFIC	deleted
docs/product/evidence/composition_post_hierarchy_rebaseline_v1_20260717T015247Z/screenshots/viewport_1280x800.png	DELETE_DASHBOARD_SPECIFIC	deleted
docs/product/evidence/composition_post_hierarchy_rebaseline_v1_20260717T015247Z/screenshots/viewport_1440x900.png	DELETE_DASHBOARD_SPECIFIC	deleted
docs/product/evidence/composition_post_hierarchy_rebaseline_v1_20260717T015247Z/screenshots/viewport_1728x1117.png	DELETE_DASHBOARD_SPECIFIC	deleted
docs/product/evidence/composition_post_hierarchy_rebaseline_v1_20260717T015247Z/ssot_consumer_audit.json	DELETE_DASHBOARD_SPECIFIC	deleted
docs/product/evidence/composition_primary_page_share_dominance_v1_20260717T004501Z/MANIFEST.sha256	DELETE_DASHBOARD_SPECIFIC	deleted
docs/product/evidence/composition_primary_page_share_dominance_v1_20260717T004501Z/README.md	DELETE_DASHBOARD_SPECIFIC	deleted
docs/product/evidence/composition_primary_page_share_dominance_v1_20260717T004501Z/after/browser_report.json	DELETE_DASHBOARD_SPECIFIC	deleted
docs/product/evidence/composition_primary_page_share_dominance_v1_20260717T004501Z/after/composition_geometry.json	DELETE_DASHBOARD_SPECIFIC	deleted
docs/product/evidence/composition_primary_page_share_dominance_v1_20260717T004501Z/after/landmark_order.json	DELETE_DASHBOARD_SPECIFIC	deleted
docs/product/evidence/composition_primary_page_share_dominance_v1_20260717T004501Z/after/screenshots/full_page_1280x800.png	DELETE_DASHBOARD_SPECIFIC	deleted
docs/product/evidence/composition_primary_page_share_dominance_v1_20260717T004501Z/after/screenshots/full_page_1440x900.png	DELETE_DASHBOARD_SPECIFIC	deleted
docs/product/evidence/composition_primary_page_share_dominance_v1_20260717T004501Z/after/screenshots/full_page_1728x1117.png	DELETE_DASHBOARD_SPECIFIC	deleted
docs/product/evidence/composition_primary_page_share_dominance_v1_20260717T004501Z/after/screenshots/viewport_1280x800.png	DELETE_DASHBOARD_SPECIFIC	deleted
docs/product/evidence/composition_primary_page_share_dominance_v1_20260717T004501Z/after/screenshots/viewport_1440x900.png	DELETE_DASHBOARD_SPECIFIC	deleted
docs/product/evidence/composition_primary_page_share_dominance_v1_20260717T004501Z/after/screenshots/viewport_1728x1117.png	DELETE_DASHBOARD_SPECIFIC	deleted
docs/product/evidence/composition_primary_page_share_dominance_v1_20260717T004501Z/before/browser_report.json	DELETE_DASHBOARD_SPECIFIC	deleted
docs/product/evidence/composition_primary_page_share_dominance_v1_20260717T004501Z/before/composition_geometry.json	DELETE_DASHBOARD_SPECIFIC	deleted
docs/product/evidence/composition_primary_page_share_dominance_v1_20260717T004501Z/before/landmark_order.json	DELETE_DASHBOARD_SPECIFIC	deleted
docs/product/evidence/composition_primary_page_share_dominance_v1_20260717T004501Z/before/screenshots/full_page_1280x800.png	DELETE_DASHBOARD_SPECIFIC	deleted
docs/product/evidence/composition_primary_page_share_dominance_v1_20260717T004501Z/before/screenshots/full_page_1440x900.png	DELETE_DASHBOARD_SPECIFIC	deleted
docs/product/evidence/composition_primary_page_share_dominance_v1_20260717T004501Z/before/screenshots/full_page_1728x1117.png	DELETE_DASHBOARD_SPECIFIC	deleted
docs/product/evidence/composition_primary_page_share_dominance_v1_20260717T004501Z/before/screenshots/viewport_1280x800.png	DELETE_DASHBOARD_SPECIFIC	deleted
docs/product/evidence/composition_primary_page_share_dominance_v1_20260717T004501Z/before/screenshots/viewport_1440x900.png	DELETE_DASHBOARD_SPECIFIC	deleted
docs/product/evidence/composition_primary_page_share_dominance_v1_20260717T004501Z/before/screenshots/viewport_1728x1117.png	DELETE_DASHBOARD_SPECIFIC	deleted
docs/product/evidence/composition_primary_page_share_dominance_v1_20260717T004501Z/before_after_comparison.md	DELETE_DASHBOARD_SPECIFIC	deleted
docs/product/evidence/composition_primary_page_share_dominance_v1_20260717T004501Z/browser_report.json	DELETE_DASHBOARD_SPECIFIC	deleted
docs/product/evidence/composition_primary_page_share_dominance_v1_20260717T004501Z/composition_diff.md	DELETE_DASHBOARD_SPECIFIC	deleted
docs/product/evidence/composition_primary_page_share_dominance_v1_20260717T004501Z/composition_geometry.json	DELETE_DASHBOARD_SPECIFIC	deleted
docs/product/evidence/composition_primary_page_share_dominance_v1_20260717T004501Z/composition_plan.md	DELETE_DASHBOARD_SPECIFIC	deleted
docs/product/evidence/composition_primary_page_share_dominance_v1_20260717T004501Z/console_and_network_report.json	DELETE_DASHBOARD_SPECIFIC	deleted
docs/product/evidence/composition_primary_page_share_dominance_v1_20260717T004501Z/landmark_order.json	DELETE_DASHBOARD_SPECIFIC	deleted
docs/product/evidence/composition_primary_page_share_dominance_v1_20260717T004501Z/screenshots/full_page_1280x800.png	DELETE_DASHBOARD_SPECIFIC	deleted
docs/product/evidence/composition_primary_page_share_dominance_v1_20260717T004501Z/screenshots/full_page_1440x900.png	DELETE_DASHBOARD_SPECIFIC	deleted
docs/product/evidence/composition_primary_page_share_dominance_v1_20260717T004501Z/screenshots/full_page_1728x1117.png	DELETE_DASHBOARD_SPECIFIC	deleted
docs/product/evidence/composition_primary_page_share_dominance_v1_20260717T004501Z/screenshots/viewport_1280x800.png	DELETE_DASHBOARD_SPECIFIC	deleted
docs/product/evidence/composition_primary_page_share_dominance_v1_20260717T004501Z/screenshots/viewport_1440x900.png	DELETE_DASHBOARD_SPECIFIC	deleted
docs/product/evidence/composition_primary_page_share_dominance_v1_20260717T004501Z/screenshots/viewport_1728x1117.png	DELETE_DASHBOARD_SPECIFIC	deleted
docs/product/evidence/composition_primary_page_share_dominance_v1_20260717T004501Z/ssot_consumer_audit.json	DELETE_DASHBOARD_SPECIFIC	deleted
docs/product/evidence/composition_rebaseline_next_slice_v1_20260717T001413Z/MANIFEST.sha256	DELETE_DASHBOARD_SPECIFIC	deleted
docs/product/evidence/composition_rebaseline_next_slice_v1_20260717T001413Z/README.md	DELETE_DASHBOARD_SPECIFIC	deleted
docs/product/evidence/composition_rebaseline_next_slice_v1_20260717T001413Z/browser_report.json	DELETE_DASHBOARD_SPECIFIC	deleted
docs/product/evidence/composition_rebaseline_next_slice_v1_20260717T001413Z/composition_findings.md	DELETE_DASHBOARD_SPECIFIC	deleted
docs/product/evidence/composition_rebaseline_next_slice_v1_20260717T001413Z/composition_geometry.json	DELETE_DASHBOARD_SPECIFIC	deleted
docs/product/evidence/composition_rebaseline_next_slice_v1_20260717T001413Z/console_and_network_report.json	DELETE_DASHBOARD_SPECIFIC	deleted
docs/product/evidence/composition_rebaseline_next_slice_v1_20260717T001413Z/landmark_order.json	DELETE_DASHBOARD_SPECIFIC	deleted
docs/product/evidence/composition_rebaseline_next_slice_v1_20260717T001413Z/next_slice_plan.md	DELETE_DASHBOARD_SPECIFIC	deleted
docs/product/evidence/composition_rebaseline_next_slice_v1_20260717T001413Z/repository_snapshot.json	DELETE_DASHBOARD_SPECIFIC	deleted
docs/product/evidence/composition_rebaseline_next_slice_v1_20260717T001413Z/runbook_snapshot_drift_report.json	DELETE_DASHBOARD_SPECIFIC	deleted
docs/product/evidence/composition_rebaseline_next_slice_v1_20260717T001413Z/screenshots/full_page_1280x800.png	DELETE_DASHBOARD_SPECIFIC	deleted
docs/product/evidence/composition_rebaseline_next_slice_v1_20260717T001413Z/screenshots/full_page_1440x900.png	DELETE_DASHBOARD_SPECIFIC	deleted
docs/product/evidence/composition_rebaseline_next_slice_v1_20260717T001413Z/screenshots/full_page_1728x1117.png	DELETE_DASHBOARD_SPECIFIC	deleted
docs/product/evidence/composition_rebaseline_next_slice_v1_20260717T001413Z/screenshots/viewport_1280x800.png	DELETE_DASHBOARD_SPECIFIC	deleted
docs/product/evidence/composition_rebaseline_next_slice_v1_20260717T001413Z/screenshots/viewport_1440x900.png	DELETE_DASHBOARD_SPECIFIC	deleted
docs/product/evidence/composition_rebaseline_next_slice_v1_20260717T001413Z/screenshots/viewport_1728x1117.png	DELETE_DASHBOARD_SPECIFIC	deleted
docs/product/evidence/composition_rebaseline_next_slice_v1_20260717T001413Z/ssot_consumer_audit.json	DELETE_DASHBOARD_SPECIFIC	deleted
docs/product/evidence/composition_rebaseline_post_decision_compression_v1_20260717T004021Z/MANIFEST.sha256	DELETE_DASHBOARD_SPECIFIC	deleted
docs/product/evidence/composition_rebaseline_post_decision_compression_v1_20260717T004021Z/README.md	DELETE_DASHBOARD_SPECIFIC	deleted
docs/product/evidence/composition_rebaseline_post_decision_compression_v1_20260717T004021Z/browser_report.json	DELETE_DASHBOARD_SPECIFIC	deleted
docs/product/evidence/composition_rebaseline_post_decision_compression_v1_20260717T004021Z/composition_audit.md	DELETE_DASHBOARD_SPECIFIC	deleted
docs/product/evidence/composition_rebaseline_post_decision_compression_v1_20260717T004021Z/composition_geometry.json	DELETE_DASHBOARD_SPECIFIC	deleted
docs/product/evidence/composition_rebaseline_post_decision_compression_v1_20260717T004021Z/console_and_network_report.json	DELETE_DASHBOARD_SPECIFIC	deleted
docs/product/evidence/composition_rebaseline_post_decision_compression_v1_20260717T004021Z/landmark_order.json	DELETE_DASHBOARD_SPECIFIC	deleted
docs/product/evidence/composition_rebaseline_post_decision_compression_v1_20260717T004021Z/next_composition_slices.md	DELETE_DASHBOARD_SPECIFIC	deleted
docs/product/evidence/composition_rebaseline_post_decision_compression_v1_20260717T004021Z/repository_snapshot.json	DELETE_DASHBOARD_SPECIFIC	deleted
docs/product/evidence/composition_rebaseline_post_decision_compression_v1_20260717T004021Z/screenshots/full_page_1280x800.png	DELETE_DASHBOARD_SPECIFIC	deleted
docs/product/evidence/composition_rebaseline_post_decision_compression_v1_20260717T004021Z/screenshots/full_page_1440x900.png	DELETE_DASHBOARD_SPECIFIC	deleted
docs/product/evidence/composition_rebaseline_post_decision_compression_v1_20260717T004021Z/screenshots/full_page_1728x1117.png	DELETE_DASHBOARD_SPECIFIC	deleted
docs/product/evidence/composition_rebaseline_post_decision_compression_v1_20260717T004021Z/screenshots/viewport_1280x800.png	DELETE_DASHBOARD_SPECIFIC	deleted
docs/product/evidence/composition_rebaseline_post_decision_compression_v1_20260717T004021Z/screenshots/viewport_1440x900.png	DELETE_DASHBOARD_SPECIFIC	deleted
docs/product/evidence/composition_rebaseline_post_decision_compression_v1_20260717T004021Z/screenshots/viewport_1728x1117.png	DELETE_DASHBOARD_SPECIFIC	deleted
docs/product/evidence/composition_rebaseline_post_decision_compression_v1_20260717T004021Z/ssot_consumer_audit.json	DELETE_DASHBOARD_SPECIFIC	deleted
docs/product/evidence/composition_rebaseline_post_primary_dominance_v1_20260717T010616Z/MANIFEST.sha256	DELETE_DASHBOARD_SPECIFIC	deleted
docs/product/evidence/composition_rebaseline_post_primary_dominance_v1_20260717T010616Z/README.md	DELETE_DASHBOARD_SPECIFIC	deleted
docs/product/evidence/composition_rebaseline_post_primary_dominance_v1_20260717T010616Z/browser_report.json	DELETE_DASHBOARD_SPECIFIC	deleted
docs/product/evidence/composition_rebaseline_post_primary_dominance_v1_20260717T010616Z/composition_audit.md	DELETE_DASHBOARD_SPECIFIC	deleted
docs/product/evidence/composition_rebaseline_post_primary_dominance_v1_20260717T010616Z/composition_geometry.json	DELETE_DASHBOARD_SPECIFIC	deleted
docs/product/evidence/composition_rebaseline_post_primary_dominance_v1_20260717T010616Z/console_and_network_report.json	DELETE_DASHBOARD_SPECIFIC	deleted
docs/product/evidence/composition_rebaseline_post_primary_dominance_v1_20260717T010616Z/gap_analysis.md	DELETE_DASHBOARD_SPECIFIC	deleted
docs/product/evidence/composition_rebaseline_post_primary_dominance_v1_20260717T010616Z/landmark_order.json	DELETE_DASHBOARD_SPECIFIC	deleted
docs/product/evidence/composition_rebaseline_post_primary_dominance_v1_20260717T010616Z/next_composition_slices.md	DELETE_DASHBOARD_SPECIFIC	deleted
docs/product/evidence/composition_rebaseline_post_primary_dominance_v1_20260717T010616Z/repository_snapshot.json	DELETE_DASHBOARD_SPECIFIC	deleted
docs/product/evidence/composition_rebaseline_post_primary_dominance_v1_20260717T010616Z/screenshots/full_page_1280x800.png	DELETE_DASHBOARD_SPECIFIC	deleted
docs/product/evidence/composition_rebaseline_post_primary_dominance_v1_20260717T010616Z/screenshots/full_page_1440x900.png	DELETE_DASHBOARD_SPECIFIC	deleted
docs/product/evidence/composition_rebaseline_post_primary_dominance_v1_20260717T010616Z/screenshots/full_page_1728x1117.png	DELETE_DASHBOARD_SPECIFIC	deleted
docs/product/evidence/composition_rebaseline_post_primary_dominance_v1_20260717T010616Z/screenshots/viewport_1280x800.png	DELETE_DASHBOARD_SPECIFIC	deleted
docs/product/evidence/composition_rebaseline_post_primary_dominance_v1_20260717T010616Z/screenshots/viewport_1440x900.png	DELETE_DASHBOARD_SPECIFIC	deleted
docs/product/evidence/composition_rebaseline_post_primary_dominance_v1_20260717T010616Z/screenshots/viewport_1728x1117.png	DELETE_DASHBOARD_SPECIFIC	deleted
docs/product/evidence/decision_surface_vertical_compression_v1_20260717T003002Z/MANIFEST.sha256	DELETE_DASHBOARD_SPECIFIC	deleted
docs/product/evidence/decision_surface_vertical_compression_v1_20260717T003002Z/README.md	DELETE_DASHBOARD_SPECIFIC	deleted
docs/product/evidence/decision_surface_vertical_compression_v1_20260717T003002Z/browser_report.json	DELETE_DASHBOARD_SPECIFIC	deleted
docs/product/evidence/decision_surface_vertical_compression_v1_20260717T003002Z/composition_geometry.json	DELETE_DASHBOARD_SPECIFIC	deleted
docs/product/evidence/decision_surface_vertical_compression_v1_20260717T003002Z/console_and_network_report.json	DELETE_DASHBOARD_SPECIFIC	deleted
docs/product/evidence/decision_surface_vertical_compression_v1_20260717T003002Z/landmark_order.json	DELETE_DASHBOARD_SPECIFIC	deleted
docs/product/evidence/decision_surface_vertical_compression_v1_20260717T003002Z/screenshots/full_page_1280x800.png	DELETE_DASHBOARD_SPECIFIC	deleted
docs/product/evidence/decision_surface_vertical_compression_v1_20260717T003002Z/screenshots/full_page_1440x900.png	DELETE_DASHBOARD_SPECIFIC	deleted
docs/product/evidence/decision_surface_vertical_compression_v1_20260717T003002Z/screenshots/full_page_1728x1117.png	DELETE_DASHBOARD_SPECIFIC	deleted
docs/product/evidence/decision_surface_vertical_compression_v1_20260717T003002Z/screenshots/viewport_1280x800.png	DELETE_DASHBOARD_SPECIFIC	deleted
docs/product/evidence/decision_surface_vertical_compression_v1_20260717T003002Z/screenshots/viewport_1440x900.png	DELETE_DASHBOARD_SPECIFIC	deleted
docs/product/evidence/decision_surface_vertical_compression_v1_20260717T003002Z/screenshots/viewport_1728x1117.png	DELETE_DASHBOARD_SPECIFIC	deleted
docs/product/evidence/decision_surface_vertical_compression_v1_20260717T003002Z/ssot_consumer_audit.json	DELETE_DASHBOARD_SPECIFIC	deleted
docs/product/evidence/phase_1a_20260716T180101Z/IMPLEMENTATION_MANIFEST.md	DELETE_DASHBOARD_SPECIFIC	deleted
docs/product/evidence/phase_1a_20260716T180101Z/MANIFEST.sha256	DELETE_DASHBOARD_SPECIFIC	deleted
docs/product/evidence/phase_1a_20260716T180101Z/geometry/phase_1a_bounding_boxes_1440x900.json	DELETE_DASHBOARD_SPECIFIC	deleted
docs/product/evidence/phase_1a_20260716T180101Z/geometry/phase_1a_dom_geometry_v1.json	DELETE_DASHBOARD_SPECIFIC	deleted
docs/product/evidence/phase_1a_20260716T180101Z/screenshots/phase_1a_1280x800.png	DELETE_DASHBOARD_SPECIFIC	deleted
docs/product/evidence/phase_1a_20260716T180101Z/screenshots/phase_1a_1440x900_full.png	DELETE_DASHBOARD_SPECIFIC	deleted
docs/product/evidence/phase_1a_20260716T180101Z/screenshots/phase_1a_1440x900_header_hero_chart.png	DELETE_DASHBOARD_SPECIFIC	deleted
docs/product/evidence/phase_1a_20260716T180101Z/screenshots/phase_1a_1728x1000.png	DELETE_DASHBOARD_SPECIFIC	deleted
docs/product/evidence/phase_1a_20260716T180101Z/screenshots/phase_1a_governance_collapsed.png	DELETE_DASHBOARD_SPECIFIC	deleted
docs/product/evidence/phase_1b_20260716T181219Z/IMPLEMENTATION_MANIFEST.md	DELETE_DASHBOARD_SPECIFIC	deleted
docs/product/evidence/phase_1b_20260716T181219Z/MANIFEST.sha256	DELETE_DASHBOARD_SPECIFIC	deleted
docs/product/evidence/phase_1b_20260716T181219Z/MANIFEST_VERIFY.txt	DELETE_DASHBOARD_SPECIFIC	deleted
docs/product/evidence/phase_1b_20260716T181219Z/browser/browser_test_log.json	DELETE_DASHBOARD_SPECIFIC	deleted
docs/product/evidence/phase_1b_20260716T181219Z/browser/chrome_dump_dom_1440x900.html	DELETE_DASHBOARD_SPECIFIC	deleted
docs/product/evidence/phase_1b_20260716T181219Z/browser/console_log.json	DELETE_DASHBOARD_SPECIFIC	deleted
docs/product/evidence/phase_1b_20260716T181219Z/browser/market_render_path.html	DELETE_DASHBOARD_SPECIFIC	deleted
docs/product/evidence/phase_1b_20260716T181219Z/browser/market_render_path_governance_expanded.html	DELETE_DASHBOARD_SPECIFIC	deleted
docs/product/evidence/phase_1b_20260716T181219Z/geometry/phase_1b_bounding_boxes_1440x900.json	DELETE_DASHBOARD_SPECIFIC	deleted
docs/product/evidence/phase_1b_20260716T181219Z/geometry/phase_1b_dom_geometry_v1.json	DELETE_DASHBOARD_SPECIFIC	deleted
docs/product/evidence/phase_1b_20260716T181219Z/geometry/phase_1b_overflow_viewports.json	DELETE_DASHBOARD_SPECIFIC	deleted
docs/product/evidence/phase_1b_20260716T181219Z/network/browser_network_log_1440x900.json	DELETE_DASHBOARD_SPECIFIC	deleted
docs/product/evidence/phase_1b_20260716T181219Z/proofs/asset_inventory.json	DELETE_DASHBOARD_SPECIFIC	deleted
docs/product/evidence/phase_1b_20260716T181219Z/proofs/cdn_removal_proof.json	DELETE_DASHBOARD_SPECIFIC	deleted
docs/product/evidence/phase_1b_20260716T181219Z/proofs/token_ownership_report.json	DELETE_DASHBOARD_SPECIFIC	deleted
docs/product/evidence/phase_1b_20260716T181219Z/screenshots/phase_1b_1280x800_full.png	DELETE_DASHBOARD_SPECIFIC	deleted
docs/product/evidence/phase_1b_20260716T181219Z/screenshots/phase_1b_1440x900_full.png	DELETE_DASHBOARD_SPECIFIC	deleted
docs/product/evidence/phase_1b_20260716T181219Z/screenshots/phase_1b_1440x900_header_hero_chart.png	DELETE_DASHBOARD_SPECIFIC	deleted
docs/product/evidence/phase_1b_20260716T181219Z/screenshots/phase_1b_1728x1117_full.png	DELETE_DASHBOARD_SPECIFIC	deleted
docs/product/evidence/phase_1b_20260716T181219Z/screenshots/phase_1b_governance_collapsed.png	DELETE_DASHBOARD_SPECIFIC	deleted
docs/product/evidence/phase_1b_20260716T181219Z/screenshots/phase_1b_governance_expanded.png	DELETE_DASHBOARD_SPECIFIC	deleted
docs/product/evidence/phase_1b_20260716T181219Z/test_output/focused_tests.txt	DELETE_DASHBOARD_SPECIFIC	deleted
docs/product/evidence/phase_1b_20260716T181219Z/test_output/timing_proof_pytest.txt	DELETE_DASHBOARD_SPECIFIC	deleted
docs/product/evidence/phase_2_20260716T184639Z/IMPLEMENTATION_MANIFEST.md	DELETE_DASHBOARD_SPECIFIC	deleted
docs/product/evidence/phase_2_20260716T184639Z/MANIFEST.sha256	DELETE_DASHBOARD_SPECIFIC	deleted
docs/product/evidence/phase_2_20260716T184639Z/MANIFEST_VERIFY.txt	DELETE_DASHBOARD_SPECIFIC	deleted
docs/product/evidence/phase_2_20260716T184639Z/browser/browser_evidence_report.json	DELETE_DASHBOARD_SPECIFIC	deleted
docs/product/evidence/phase_2_20260716T184639Z/browser/console_log.json	DELETE_DASHBOARD_SPECIFIC	deleted
docs/product/evidence/phase_2_20260716T184639Z/browser/harness_stderr.txt	DELETE_DASHBOARD_SPECIFIC	deleted
docs/product/evidence/phase_2_20260716T184639Z/browser/harness_stdout.json	DELETE_DASHBOARD_SPECIFIC	deleted
docs/product/evidence/phase_2_20260716T184639Z/browser/screenshot_index.md	DELETE_DASHBOARD_SPECIFIC	deleted
docs/product/evidence/phase_2_20260716T184639Z/design_review/DESIGN_REVIEW_PACKAGE.md	DELETE_DASHBOARD_SPECIFIC	deleted
docs/product/evidence/phase_2_20260716T184639Z/design_review/after_phase_2_1440x900.png	DELETE_DASHBOARD_SPECIFIC	deleted
docs/product/evidence/phase_2_20260716T184639Z/design_review/before_phase_1a_1440x900.png	DELETE_DASHBOARD_SPECIFIC	deleted
docs/product/evidence/phase_2_20260716T184639Z/design_review/design_review_gate.md	DELETE_DASHBOARD_SPECIFIC	deleted
docs/product/evidence/phase_2_20260716T184639Z/design_review/gate_chrome/01_header_1440x900.png	DELETE_DASHBOARD_SPECIFIC	deleted
docs/product/evidence/phase_2_20260716T184639Z/design_review/gate_chrome/02_hero_1440x900.png	DELETE_DASHBOARD_SPECIFIC	deleted
docs/product/evidence/phase_2_20260716T184639Z/design_review/gate_chrome/03_hero_chart_1440x900.png	DELETE_DASHBOARD_SPECIFIC	deleted
docs/product/evidence/phase_2_20260716T184639Z/design_review/gate_chrome/04_above_fold_1440x900.png	DELETE_DASHBOARD_SPECIFIC	deleted
docs/product/evidence/phase_2_20260716T184639Z/design_review/gate_chrome/05_full_desktop_1440x900.png	DELETE_DASHBOARD_SPECIFIC	deleted
docs/product/evidence/phase_2_20260716T184639Z/design_review/gate_chrome/06_narrow_1280x800.png	DELETE_DASHBOARD_SPECIFIC	deleted
docs/product/evidence/phase_2_20260716T184639Z/design_review/gate_chrome/07_wide_1728x1117.png	DELETE_DASHBOARD_SPECIFIC	deleted
docs/product/evidence/phase_2_20260716T184639Z/design_review/gate_chrome/design_gate_browser_report.json	DELETE_DASHBOARD_SPECIFIC	deleted
docs/product/evidence/phase_2_20260716T184639Z/design_review/narrow_desktop.png	DELETE_DASHBOARD_SPECIFIC	deleted
docs/product/evidence/phase_2_20260716T184639Z/design_review/phase3_execution_plan.md	DELETE_DASHBOARD_SPECIFIC	deleted
docs/product/evidence/phase_2_20260716T184639Z/design_review/wide_desktop.png	DELETE_DASHBOARD_SPECIFIC	deleted
docs/product/evidence/phase_2_20260716T184639Z/geometry/phase_2_bounding_boxes_1440x900.json	DELETE_DASHBOARD_SPECIFIC	deleted
docs/product/evidence/phase_2_20260716T184639Z/network/browser_network_summary.json	DELETE_DASHBOARD_SPECIFIC	deleted
docs/product/evidence/phase_2_20260716T184639Z/proofs/screenshot_index.md	DELETE_DASHBOARD_SPECIFIC	deleted
docs/product/evidence/phase_2_20260716T184639Z/proofs/source_provenance_v1.json	DELETE_DASHBOARD_SPECIFIC	deleted
docs/product/evidence/phase_2_20260716T184639Z/screenshots/phase_2_1280x800_narrow.png	DELETE_DASHBOARD_SPECIFIC	deleted
docs/product/evidence/phase_2_20260716T184639Z/screenshots/phase_2_1440x900_above_fold.png	DELETE_DASHBOARD_SPECIFIC	deleted
docs/product/evidence/phase_2_20260716T184639Z/screenshots/phase_2_1440x900_full.png	DELETE_DASHBOARD_SPECIFIC	deleted
docs/product/evidence/phase_2_20260716T184639Z/screenshots/phase_2_1440x900_header_overview_chart.png	DELETE_DASHBOARD_SPECIFIC	deleted
docs/product/evidence/phase_2_20260716T184639Z/screenshots/phase_2_1728x1117_wide.png	DELETE_DASHBOARD_SPECIFIC	deleted
docs/product/evidence/phase_2_20260716T184639Z/screenshots/phase_2_critical_system_state.png	DELETE_DASHBOARD_SPECIFIC	deleted
docs/product/evidence/phase_2_20260716T184639Z/screenshots/phase_2_decision_narrative.png	DELETE_DASHBOARD_SPECIFIC	deleted
docs/product/evidence/phase_2_20260716T184639Z/screenshots/phase_2_fresh_state.png	DELETE_DASHBOARD_SPECIFIC	deleted
docs/product/evidence/phase_2_20260716T184639Z/screenshots/phase_2_governance_collapsed.png	DELETE_DASHBOARD_SPECIFIC	deleted
docs/product/evidence/phase_2_20260716T184639Z/screenshots/phase_2_selected_instrument_hero.png	DELETE_DASHBOARD_SPECIFIC	deleted
docs/product/evidence/phase_2_20260716T184639Z/screenshots/phase_2_stale_or_missing_state.png	DELETE_DASHBOARD_SPECIFIC	deleted
docs/product/evidence/phase_2_20260716T184639Z/test_output/focused_tests.txt	DELETE_DASHBOARD_SPECIFIC	deleted
docs/product/evidence/phase_minus_1_rebaseline_v1_20260716T210645Z/IMPLEMENTATION_MANIFEST.md	DELETE_DASHBOARD_SPECIFIC	deleted
docs/product/evidence/phase_minus_1_rebaseline_v1_20260716T210645Z/MANIFEST.sha256	DELETE_DASHBOARD_SPECIFIC	deleted
docs/product/evidence/phase_minus_1_rebaseline_v1_20260716T210645Z/MANIFEST_VERIFY.txt	DELETE_DASHBOARD_SPECIFIC	deleted
docs/product/evidence/phase_minus_1_rebaseline_v1_20260716T210645Z/browser/browser_evidence_report.json	DELETE_DASHBOARD_SPECIFIC	deleted
docs/product/evidence/phase_minus_1_rebaseline_v1_20260716T210645Z/browser/screenshots/phase_minus_1_1024x768_full.png	DELETE_DASHBOARD_SPECIFIC	deleted
docs/product/evidence/phase_minus_1_rebaseline_v1_20260716T210645Z/browser/screenshots/phase_minus_1_1024x768_viewport.png	DELETE_DASHBOARD_SPECIFIC	deleted
docs/product/evidence/phase_minus_1_rebaseline_v1_20260716T210645Z/browser/screenshots/phase_minus_1_1280x800_full.png	DELETE_DASHBOARD_SPECIFIC	deleted
docs/product/evidence/phase_minus_1_rebaseline_v1_20260716T210645Z/browser/screenshots/phase_minus_1_1280x800_viewport.png	DELETE_DASHBOARD_SPECIFIC	deleted
docs/product/evidence/phase_minus_1_rebaseline_v1_20260716T210645Z/browser/screenshots/phase_minus_1_1440x900_full.png	DELETE_DASHBOARD_SPECIFIC	deleted
docs/product/evidence/phase_minus_1_rebaseline_v1_20260716T210645Z/browser/screenshots/phase_minus_1_1440x900_viewport.png	DELETE_DASHBOARD_SPECIFIC	deleted
docs/product/evidence/phase_minus_1_rebaseline_v1_20260716T210645Z/browser/screenshots/phase_minus_1_1728x1117_full.png	DELETE_DASHBOARD_SPECIFIC	deleted
docs/product/evidence/phase_minus_1_rebaseline_v1_20260716T210645Z/browser/screenshots/phase_minus_1_1728x1117_viewport.png	DELETE_DASHBOARD_SPECIFIC	deleted
docs/product/evidence/phase_minus_1_rebaseline_v1_20260716T210645Z/dashboard_component_inventory.json	DELETE_DASHBOARD_SPECIFIC	deleted
docs/product/evidence/phase_minus_1_rebaseline_v1_20260716T210645Z/dashboard_phase_binding_matrix.json	DELETE_DASHBOARD_SPECIFIC	deleted
docs/product/evidence/phase_minus_1_rebaseline_v1_20260716T210645Z/dashboard_requirement_traceability_matrix.json	DELETE_DASHBOARD_SPECIFIC	deleted
docs/product/evidence/phase_minus_1_rebaseline_v1_20260716T210645Z/dashboard_ssot_consumer_audit.json	DELETE_DASHBOARD_SPECIFIC	deleted
docs/product/evidence/phase_minus_1_rebaseline_v1_20260716T210645Z/data_owner_inventory.json	DELETE_DASHBOARD_SPECIFIC	deleted
docs/product/evidence/phase_minus_1_rebaseline_v1_20260716T210645Z/full_page_composition_baseline.md	DELETE_DASHBOARD_SPECIFIC	deleted
docs/product/evidence/phase_minus_1_rebaseline_v1_20260716T210645Z/geometry/ux_geometry_baseline.json	DELETE_DASHBOARD_SPECIFIC	deleted
docs/product/evidence/phase_minus_1_rebaseline_v1_20260716T210645Z/harness_crosscheck/browser/browser_evidence_report.json	DELETE_DASHBOARD_SPECIFIC	deleted
docs/product/evidence/phase_minus_1_rebaseline_v1_20260716T210645Z/harness_crosscheck/screenshots/foundation_1280x800_narrow.png	DELETE_DASHBOARD_SPECIFIC	deleted
docs/product/evidence/phase_minus_1_rebaseline_v1_20260716T210645Z/harness_crosscheck/screenshots/foundation_1440x900_above_fold.png	DELETE_DASHBOARD_SPECIFIC	deleted
docs/product/evidence/phase_minus_1_rebaseline_v1_20260716T210645Z/harness_crosscheck/screenshots/foundation_1440x900_full.png	DELETE_DASHBOARD_SPECIFIC	deleted
docs/product/evidence/phase_minus_1_rebaseline_v1_20260716T210645Z/harness_crosscheck/screenshots/foundation_1440x900_header_hero_chart.png	DELETE_DASHBOARD_SPECIFIC	deleted
docs/product/evidence/phase_minus_1_rebaseline_v1_20260716T210645Z/harness_crosscheck/screenshots/foundation_1728x1117_wide.png	DELETE_DASHBOARD_SPECIFIC	deleted
docs/product/evidence/phase_minus_1_rebaseline_v1_20260716T210645Z/harness_crosscheck/screenshots/foundation_critical_system_state.png	DELETE_DASHBOARD_SPECIFIC	deleted
docs/product/evidence/phase_minus_1_rebaseline_v1_20260716T210645Z/harness_crosscheck/screenshots/foundation_decision_narrative.png	DELETE_DASHBOARD_SPECIFIC	deleted
docs/product/evidence/phase_minus_1_rebaseline_v1_20260716T210645Z/harness_crosscheck/screenshots/foundation_primary_chart.png	DELETE_DASHBOARD_SPECIFIC	deleted
docs/product/evidence/phase_minus_1_rebaseline_v1_20260716T210645Z/harness_crosscheck/screenshots/foundation_selected_instrument_hero.png	DELETE_DASHBOARD_SPECIFIC	deleted
docs/product/evidence/phase_minus_1_rebaseline_v1_20260716T210645Z/harness_crosscheck/screenshots/foundation_stale_or_missing_state.png	DELETE_DASHBOARD_SPECIFIC	deleted
docs/product/evidence/phase_minus_1_rebaseline_v1_20260716T210645Z/harness_crosscheck/screenshots/phase_2_1440x900_above_fold.png	DELETE_DASHBOARD_SPECIFIC	deleted
docs/product/evidence/phase_minus_1_rebaseline_v1_20260716T210645Z/implementation_discovery_report.md	DELETE_DASHBOARD_SPECIFIC	deleted
docs/product/evidence/phase_minus_1_rebaseline_v1_20260716T210645Z/landmark_owner_binding_matrix.json	DELETE_DASHBOARD_SPECIFIC	deleted
docs/product/evidence/phase_minus_1_rebaseline_v1_20260716T210645Z/layout_defect_inventory.json	DELETE_DASHBOARD_SPECIFIC	deleted
docs/product/evidence/phase_minus_1_rebaseline_v1_20260716T210645Z/network/browser_network_summary.json	DELETE_DASHBOARD_SPECIFIC	deleted
docs/product/evidence/phase_minus_1_rebaseline_v1_20260716T210645Z/pr5250_supersession_assessment.md	DELETE_DASHBOARD_SPECIFIC	deleted
docs/product/evidence/phase_minus_1_rebaseline_v1_20260716T210645Z/recommended_runbook_patch_list.md	DELETE_DASHBOARD_SPECIFIC	deleted
docs/product/evidence/phase_minus_1_rebaseline_v1_20260716T210645Z/source_binding_matrix.json	DELETE_DASHBOARD_SPECIFIC	deleted
docs/product/evidence/phase_minus_1_rebaseline_v1_20260716T210645Z/test_output/docs_reference_targets.txt	DELETE_DASHBOARD_SPECIFIC	deleted
docs/product/evidence/phase_minus_1_rebaseline_v1_20260716T210645Z/test_output/docs_token_policy.txt	DELETE_DASHBOARD_SPECIFIC	deleted
docs/product/evidence/phase_minus_1_rebaseline_v1_20260716T210645Z/test_output/harness_stdout.json	DELETE_DASHBOARD_SPECIFIC	deleted
docs/product/evidence/phase_minus_1_rebaseline_v1_20260716T210645Z/ux_geometry_baseline.json	DELETE_DASHBOARD_SPECIFIC	deleted
docs/product/evidence/phase_minus_1_rebaseline_v1_20260716T210645Z/visual_gap_assessment.md	DELETE_DASHBOARD_SPECIFIC	deleted
docs/product/evidence/visual_foundation_rework_v1_20260716T214800Z/IMPLEMENTATION_MANIFEST.md	DELETE_DASHBOARD_SPECIFIC	deleted
docs/product/evidence/visual_foundation_rework_v1_20260716T214800Z/MANIFEST.sha256	DELETE_DASHBOARD_SPECIFIC	deleted
docs/product/evidence/visual_foundation_rework_v1_20260716T214800Z/MANIFEST_VERIFY.txt	DELETE_DASHBOARD_SPECIFIC	deleted
docs/product/evidence/visual_foundation_rework_v1_20260716T214800Z/browser/browser_evidence_report.json	DELETE_DASHBOARD_SPECIFIC	deleted
docs/product/evidence/visual_foundation_rework_v1_20260716T214800Z/browser/harness_stderr.txt	DELETE_DASHBOARD_SPECIFIC	deleted
docs/product/evidence/visual_foundation_rework_v1_20260716T214800Z/browser/harness_stdout.json	DELETE_DASHBOARD_SPECIFIC	deleted
docs/product/evidence/visual_foundation_rework_v1_20260716T214800Z/browser/uvicorn_stderr.txt	DELETE_DASHBOARD_SPECIFIC	deleted
docs/product/evidence/visual_foundation_rework_v1_20260716T214800Z/browser/uvicorn_stdout.txt	DELETE_DASHBOARD_SPECIFIC	deleted
docs/product/evidence/visual_foundation_rework_v1_20260716T214800Z/screenshots/foundation_1280x800_narrow.png	DELETE_DASHBOARD_SPECIFIC	deleted
docs/product/evidence/visual_foundation_rework_v1_20260716T214800Z/screenshots/foundation_1440x900_above_fold.png	DELETE_DASHBOARD_SPECIFIC	deleted
docs/product/evidence/visual_foundation_rework_v1_20260716T214800Z/screenshots/foundation_1440x900_full.png	DELETE_DASHBOARD_SPECIFIC	deleted
docs/product/evidence/visual_foundation_rework_v1_20260716T214800Z/screenshots/foundation_1440x900_header_hero_chart.png	DELETE_DASHBOARD_SPECIFIC	deleted
docs/product/evidence/visual_foundation_rework_v1_20260716T214800Z/screenshots/foundation_1728x1117_wide.png	DELETE_DASHBOARD_SPECIFIC	deleted
docs/product/evidence/visual_foundation_rework_v1_20260716T214800Z/screenshots/foundation_critical_system_state.png	DELETE_DASHBOARD_SPECIFIC	deleted
docs/product/evidence/visual_foundation_rework_v1_20260716T214800Z/screenshots/foundation_decision_narrative.png	DELETE_DASHBOARD_SPECIFIC	deleted
docs/product/evidence/visual_foundation_rework_v1_20260716T214800Z/screenshots/foundation_primary_chart.png	DELETE_DASHBOARD_SPECIFIC	deleted
docs/product/evidence/visual_foundation_rework_v1_20260716T214800Z/screenshots/foundation_selected_instrument_hero.png	DELETE_DASHBOARD_SPECIFIC	deleted
docs/product/evidence/visual_foundation_rework_v1_20260716T214800Z/screenshots/foundation_stale_or_missing_state.png	DELETE_DASHBOARD_SPECIFIC	deleted
docs/product/evidence/visual_foundation_rework_v1_20260716T214800Z/screenshots/phase_2_1440x900_above_fold.png	DELETE_DASHBOARD_SPECIFIC	deleted
docs/product/evidence/visual_foundation_rework_v1_20260716T214800Z/test_output/focused_tests.txt	DELETE_DASHBOARD_SPECIFIC	deleted
docs/product/evidence/visual_foundation_rework_v1_20260716T214800Z/test_output/pre_pr_gate_batch.txt	DELETE_DASHBOARD_SPECIFIC	deleted
docs/product/matrices/dashboard_defect_closure_matrix_phase_1a.json	DELETE_DASHBOARD_SPECIFIC	deleted
docs/product/matrices/dashboard_defect_closure_matrix_phase_1b.json	DELETE_DASHBOARD_SPECIFIC	deleted
docs/product/matrices/dashboard_phase_binding_matrix.json	DELETE_DASHBOARD_SPECIFIC	deleted
docs/product/matrices/dashboard_requirement_traceability_matrix.json	DELETE_DASHBOARD_SPECIFIC	deleted
docs/webui/MARKET_DASHBOARD_PRODUCT_SURFACE_V1.md	DELETE_DASHBOARD_SPECIFIC	deleted
docs/webui/MARKET_DASHBOARD_READMODELS_V1.md	DELETE_DASHBOARD_SPECIFIC	deleted
docs/webui/MARKET_SURFACE_V0.md	DELETE_DASHBOARD_SPECIFIC	deleted
docs/webui/market_visual_operator_surface_v1.local.example.env	DELETE_DASHBOARD_SPECIFIC	deleted
evidence/market_dashboard_reset/pr_a/active_processes.txt	DELETE_DASHBOARD_SPECIFIC	deleted
evidence/market_dashboard_reset/pr_a/baseline/browser_console.txt	DELETE_DASHBOARD_SPECIFIC	deleted
evidence/market_dashboard_reset/pr_a/baseline/chrome_1512x982.png	DELETE_DASHBOARD_SPECIFIC	deleted
evidence/market_dashboard_reset/pr_a/baseline/chrome_1920x1080.png	DELETE_DASHBOARD_SPECIFIC	deleted
evidence/market_dashboard_reset/pr_a/baseline/context_keys.json	DELETE_DASHBOARD_SPECIFIC	deleted
evidence/market_dashboard_reset/pr_a/baseline/file_inventory.txt	DELETE_DASHBOARD_SPECIFIC	deleted
evidence/market_dashboard_reset/pr_a/baseline/git_state.txt	DELETE_DASHBOARD_SPECIFIC	deleted
evidence/market_dashboard_reset/pr_a/baseline/import_inventory.txt	DELETE_DASHBOARD_SPECIFIC	deleted
evidence/market_dashboard_reset/pr_a/baseline/manifest.sha256	DELETE_DASHBOARD_SPECIFIC	deleted
evidence/market_dashboard_reset/pr_a/baseline/market_page.html	DELETE_DASHBOARD_SPECIFIC	deleted
evidence/market_dashboard_reset/pr_a/baseline/route_headers.txt	DELETE_DASHBOARD_SPECIFIC	deleted
evidence/market_dashboard_reset/pr_a/baseline/route_inventory.txt	DELETE_DASHBOARD_SPECIFIC	deleted
evidence/market_dashboard_reset/pr_a/baseline/route_status.txt	DELETE_DASHBOARD_SPECIFIC	deleted
evidence/market_dashboard_reset/pr_a/baseline/template_inventory.txt	DELETE_DASHBOARD_SPECIFIC	deleted
evidence/market_dashboard_reset/pr_a/baseline/test_results.txt	DELETE_DASHBOARD_SPECIFIC	deleted
evidence/market_dashboard_reset/pr_a/context_owner_inventory.tsv	DELETE_DASHBOARD_SPECIFIC	deleted
evidence/market_dashboard_reset/pr_a/delete_or_quarantine_allowlist.txt	DELETE_DASHBOARD_SPECIFIC	deleted
evidence/market_dashboard_reset/pr_a/dependency_inventory.tsv	DELETE_DASHBOARD_SPECIFIC	deleted
evidence/market_dashboard_reset/pr_a/file_inventory.tsv	DELETE_DASHBOARD_SPECIFIC	deleted
evidence/market_dashboard_reset/pr_a/final/assertions.txt	DELETE_DASHBOARD_SPECIFIC	deleted
evidence/market_dashboard_reset/pr_a/final/browser_console.txt	DELETE_DASHBOARD_SPECIFIC	deleted
evidence/market_dashboard_reset/pr_a/final/manifest.sha256	DELETE_DASHBOARD_SPECIFIC	deleted
evidence/market_dashboard_reset/pr_a/final/reset_shell.html	DELETE_DASHBOARD_SPECIFIC	deleted
evidence/market_dashboard_reset/pr_a/final/reset_shell_1512x982.png	DELETE_DASHBOARD_SPECIFIC	deleted
evidence/market_dashboard_reset/pr_a/final/reset_shell_1920x1080.png	DELETE_DASHBOARD_SPECIFIC	deleted
evidence/market_dashboard_reset/pr_a/final/route_status.txt	DELETE_DASHBOARD_SPECIFIC	deleted
evidence/market_dashboard_reset/pr_a/final_diff_manifest.txt	DELETE_DASHBOARD_SPECIFIC	deleted
evidence/market_dashboard_reset/pr_a/forbidden_scope_list.txt	DELETE_DASHBOARD_SPECIFIC	deleted
evidence/market_dashboard_reset/pr_a/git_state.txt	DELETE_DASHBOARD_SPECIFIC	deleted
evidence/market_dashboard_reset/pr_a/pre_pr_validation.txt	DELETE_DASHBOARD_SPECIFIC	deleted
evidence/market_dashboard_reset/pr_a/preserve_list.txt	DELETE_DASHBOARD_SPECIFIC	deleted
evidence/market_dashboard_reset/pr_a/recovery/branch_reconstruction.txt	DELETE_DASHBOARD_SPECIFIC	deleted
evidence/market_dashboard_reset/pr_a/recovery/post_reset_status.txt	DELETE_DASHBOARD_SPECIFIC	deleted
evidence/market_dashboard_reset/pr_a/recovery/pre_reset_status.txt	DELETE_DASHBOARD_SPECIFIC	deleted
evidence/market_dashboard_reset/pr_a/recovery/quarantine_manifest.sha256	DELETE_DASHBOARD_SPECIFIC	deleted
evidence/market_dashboard_reset/pr_a/recovery/quarantine_path.txt	DELETE_DASHBOARD_SPECIFIC	deleted
evidence/market_dashboard_reset/pr_a/route_inventory.tsv	DELETE_DASHBOARD_SPECIFIC	deleted
evidence/market_dashboard_reset/pr_a/ruff_check.txt	DELETE_DASHBOARD_SPECIFIC	deleted
evidence/market_dashboard_reset/pr_a/ruff_format.txt	DELETE_DASHBOARD_SPECIFIC	deleted
evidence/market_dashboard_reset/pr_a/selector_result.txt	DELETE_DASHBOARD_SPECIFIC	deleted
evidence/market_dashboard_reset/pr_a/template_inventory.tsv	DELETE_DASHBOARD_SPECIFIC	deleted
evidence/market_dashboard_reset/pr_a/validation_commands.txt	DELETE_DASHBOARD_SPECIFIC	deleted
evidence/market_dashboard_reset/pr_a/validation_focused.txt	DELETE_DASHBOARD_SPECIFIC	deleted
evidence/market_dashboard_reset/pr_a/validation_narrow.txt	DELETE_DASHBOARD_SPECIFIC	deleted
evidence/market_dashboard_reset/pr_b/baseline_diff.txt	DELETE_DASHBOARD_SPECIFIC	deleted
evidence/market_dashboard_reset/pr_b/contract_location_analysis.md	DELETE_DASHBOARD_SPECIFIC	deleted
evidence/market_dashboard_reset/pr_b/final_diff_manifest.txt	DELETE_DASHBOARD_SPECIFIC	deleted
evidence/market_dashboard_reset/pr_b/final_intended_files.txt	DELETE_DASHBOARD_SPECIFIC	deleted
evidence/market_dashboard_reset/pr_b/git_state.txt	DELETE_DASHBOARD_SPECIFIC	deleted
evidence/market_dashboard_reset/pr_b/pre_pr_validation.txt	DELETE_DASHBOARD_SPECIFIC	deleted
evidence/market_dashboard_reset/pr_b/process_state.txt	DELETE_DASHBOARD_SPECIFIC	deleted
evidence/market_dashboard_reset/pr_b/ruff_check.txt	DELETE_DASHBOARD_SPECIFIC	deleted
evidence/market_dashboard_reset/pr_b/ruff_format.txt	DELETE_DASHBOARD_SPECIFIC	deleted
evidence/market_dashboard_reset/pr_b/scope_audit.txt	DELETE_DASHBOARD_SPECIFIC	deleted
evidence/market_dashboard_reset/pr_b/scope_plan.txt	DELETE_DASHBOARD_SPECIFIC	deleted
evidence/market_dashboard_reset/pr_b/selector_input_notes.txt	DELETE_DASHBOARD_SPECIFIC	deleted
evidence/market_dashboard_reset/pr_b/selector_result.txt	DELETE_DASHBOARD_SPECIFIC	deleted
evidence/market_dashboard_reset/pr_b/validation_commands.txt	DELETE_DASHBOARD_SPECIFIC	deleted
evidence/market_dashboard_reset/pr_b/validation_focused.txt	DELETE_DASHBOARD_SPECIFIC	deleted
evidence/market_dashboard_reset/pr_b/worktree_state.txt	DELETE_DASHBOARD_SPECIFIC	deleted
evidence/market_dashboard_reset/pr_c/adapter_plan.md	DELETE_DASHBOARD_SPECIFIC	deleted
evidence/market_dashboard_reset/pr_c/authority_classification.md	DELETE_DASHBOARD_SPECIFIC	deleted
evidence/market_dashboard_reset/pr_c/contract_field_matrix.tsv	DELETE_DASHBOARD_SPECIFIC	deleted
evidence/market_dashboard_reset/pr_c/contracts_inventory.tsv	DELETE_DASHBOARD_SPECIFIC	deleted
evidence/market_dashboard_reset/pr_c/core_semantics_diff.txt	DELETE_DASHBOARD_SPECIFIC	deleted
evidence/market_dashboard_reset/pr_c/diff_name_status.txt	DELETE_DASHBOARD_SPECIFIC	deleted
evidence/market_dashboard_reset/pr_c/diff_stat.txt	DELETE_DASHBOARD_SPECIFIC	deleted
evidence/market_dashboard_reset/pr_c/docs_reference_targets.txt	DELETE_DASHBOARD_SPECIFIC	deleted
evidence/market_dashboard_reset/pr_c/docs_token_policy.txt	DELETE_DASHBOARD_SPECIFIC	deleted
evidence/market_dashboard_reset/pr_c/domain_owner_diff.txt	DELETE_DASHBOARD_SPECIFIC	deleted
evidence/market_dashboard_reset/pr_c/forbidden_inference_matrix.tsv	DELETE_DASHBOARD_SPECIFIC	deleted
evidence/market_dashboard_reset/pr_c/forbidden_owner_list.txt	DELETE_DASHBOARD_SPECIFIC	deleted
evidence/market_dashboard_reset/pr_c/forbidden_scope_diff.txt	DELETE_DASHBOARD_SPECIFIC	deleted
evidence/market_dashboard_reset/pr_c/git_state.txt	DELETE_DASHBOARD_SPECIFIC	deleted
evidence/market_dashboard_reset/pr_c/missing_source_matrix.tsv	DELETE_DASHBOARD_SPECIFIC	deleted
evidence/market_dashboard_reset/pr_c/pr_c_manifest.sha256	DELETE_DASHBOARD_SPECIFIC	deleted
evidence/market_dashboard_reset/pr_c/preflight.txt	DELETE_DASHBOARD_SPECIFIC	deleted
evidence/market_dashboard_reset/pr_c/producer_binding_matrix.tsv	DELETE_DASHBOARD_SPECIFIC	deleted
evidence/market_dashboard_reset/pr_c/producer_candidate_inventory.tsv	DELETE_DASHBOARD_SPECIFIC	deleted
evidence/market_dashboard_reset/pr_c/route_diff.txt	DELETE_DASHBOARD_SPECIFIC	deleted
evidence/market_dashboard_reset/pr_c/selector_classification.txt	DELETE_DASHBOARD_SPECIFIC	deleted
evidence/market_dashboard_reset/pr_c/serialization_inventory.tsv	DELETE_DASHBOARD_SPECIFIC	deleted
evidence/market_dashboard_reset/pr_c/template_diff.txt	DELETE_DASHBOARD_SPECIFIC	deleted
evidence/market_dashboard_reset/pr_c/test_commands.tsv	DELETE_DASHBOARD_SPECIFIC	deleted
evidence/market_dashboard_reset/pr_c/test_results.txt	DELETE_DASHBOARD_SPECIFIC	deleted
evidence/market_dashboard_reset/pr_c/unavailable_semantics.txt	DELETE_DASHBOARD_SPECIFIC	deleted
evidence/market_dashboard_reset/pr_c/validation_inventory.tsv	DELETE_DASHBOARD_SPECIFIC	deleted
evidence/market_dashboard_reset/pr_d/FINAL_DIFF_SHA256.txt	DELETE_DASHBOARD_SPECIFIC	deleted
evidence/market_dashboard_reset/pr_d/adapter_inventory.txt	DELETE_DASHBOARD_SPECIFIC	deleted
evidence/market_dashboard_reset/pr_d/browser_checks.json	DELETE_DASHBOARD_SPECIFIC	deleted
evidence/market_dashboard_reset/pr_d/browser_console.txt	DELETE_DASHBOARD_SPECIFIC	deleted
evidence/market_dashboard_reset/pr_d/contract_inventory.txt	DELETE_DASHBOARD_SPECIFIC	deleted
evidence/market_dashboard_reset/pr_d/diff_name_status.txt	DELETE_DASHBOARD_SPECIFIC	deleted
evidence/market_dashboard_reset/pr_d/docs_reference_targets.txt	DELETE_DASHBOARD_SPECIFIC	deleted
evidence/market_dashboard_reset/pr_d/docs_token_policy.txt	DELETE_DASHBOARD_SPECIFIC	deleted
evidence/market_dashboard_reset/pr_d/final_actual_files.txt	DELETE_DASHBOARD_SPECIFIC	deleted
evidence/market_dashboard_reset/pr_d/final_intended_files.txt	DELETE_DASHBOARD_SPECIFIC	deleted
evidence/market_dashboard_reset/pr_d/forbidden_scope_diff.txt	DELETE_DASHBOARD_SPECIFIC	deleted
evidence/market_dashboard_reset/pr_d/git_status.txt	DELETE_DASHBOARD_SPECIFIC	deleted
evidence/market_dashboard_reset/pr_d/manifest.sha256	DELETE_DASHBOARD_SPECIFIC	deleted
evidence/market_dashboard_reset/pr_d/market_page.html	DELETE_DASHBOARD_SPECIFIC	deleted
evidence/market_dashboard_reset/pr_d/market_page_1512x982.png	DELETE_DASHBOARD_SPECIFIC	deleted
evidence/market_dashboard_reset/pr_d/market_page_1920x1080.png	DELETE_DASHBOARD_SPECIFIC	deleted
evidence/market_dashboard_reset/pr_d/network_failures.txt	DELETE_DASHBOARD_SPECIFIC	deleted
evidence/market_dashboard_reset/pr_d/preflight/git_status.txt	DELETE_DASHBOARD_SPECIFIC	deleted
evidence/market_dashboard_reset/pr_d/preflight/origin_main.txt	DELETE_DASHBOARD_SPECIFIC	deleted
evidence/market_dashboard_reset/pr_d/preflight/preflight.txt	DELETE_DASHBOARD_SPECIFIC	deleted
evidence/market_dashboard_reset/pr_d/preflight/processes.txt	DELETE_DASHBOARD_SPECIFIC	deleted
evidence/market_dashboard_reset/pr_d/rendered_fact_inventory.txt	DELETE_DASHBOARD_SPECIFIC	deleted
evidence/market_dashboard_reset/pr_d/review_server_start.txt	DELETE_DASHBOARD_SPECIFIC	deleted
evidence/market_dashboard_reset/pr_d/route_before.txt	DELETE_DASHBOARD_SPECIFIC	deleted
evidence/market_dashboard_reset/pr_d/scope_audit.txt	DELETE_DASHBOARD_SPECIFIC	deleted
evidence/market_dashboard_reset/pr_d/scope_plan.txt	DELETE_DASHBOARD_SPECIFIC	deleted
evidence/market_dashboard_reset/pr_d/selector_classification.txt	DELETE_DASHBOARD_SPECIFIC	deleted
evidence/market_dashboard_reset/pr_d/source_availability_matrix.tsv	DELETE_DASHBOARD_SPECIFIC	deleted
evidence/market_dashboard_reset/pr_d/template_before.txt	DELETE_DASHBOARD_SPECIFIC	deleted
evidence/market_dashboard_reset/pr_d/test_commands.txt	DELETE_DASHBOARD_SPECIFIC	deleted
evidence/market_dashboard_reset/pr_d/test_results.txt	DELETE_DASHBOARD_SPECIFIC	deleted
evidence/market_dashboard_reset/pr_d/test_results_narrow.txt	DELETE_DASHBOARD_SPECIFIC	deleted
evidence/market_dashboard_reset/pr_d_merge_closeout/changed_files.txt	DELETE_DASHBOARD_SPECIFIC	deleted
evidence/market_dashboard_reset/pr_d_merge_closeout/ci_run_on_approved_head.json	DELETE_DASHBOARD_SPECIFIC	deleted
evidence/market_dashboard_reset/pr_d_merge_closeout/git_state.txt	DELETE_DASHBOARD_SPECIFIC	deleted
evidence/market_dashboard_reset/pr_d_merge_closeout/manifest.sha256	DELETE_DASHBOARD_SPECIFIC	deleted
evidence/market_dashboard_reset/pr_d_merge_closeout/merge_result.json	DELETE_DASHBOARD_SPECIFIC	deleted
evidence/market_dashboard_reset/pr_d_merge_closeout/ordered_commits.txt	DELETE_DASHBOARD_SPECIFIC	deleted
evidence/market_dashboard_reset/pr_d_merge_closeout/post_merge_main_state.txt	DELETE_DASHBOARD_SPECIFIC	deleted
evidence/market_dashboard_reset/pr_d_merge_closeout/pr_checks_before_merge.txt	DELETE_DASHBOARD_SPECIFIC	deleted
evidence/market_dashboard_reset/pr_d_merge_closeout/pr_view_before_merge.json	DELETE_DASHBOARD_SPECIFIC	deleted
evidence/market_dashboard_reset/pr_d_merge_closeout/pr_view_immediate_before_merge.json	DELETE_DASHBOARD_SPECIFIC	deleted
evidence/market_dashboard_reset/pr_d_merge_closeout/product_gate_operator_approval.txt	DELETE_DASHBOARD_SPECIFIC	deleted
evidence/market_dashboard_reset/pr_e/FINAL_DIFF_SHA256.txt	DELETE_DASHBOARD_SPECIFIC	deleted
evidence/market_dashboard_reset/pr_e/active_route_after.txt	DELETE_DASHBOARD_SPECIFIC	deleted
evidence/market_dashboard_reset/pr_e/bounded_validation_results.txt	DELETE_DASHBOARD_SPECIFIC	deleted
evidence/market_dashboard_reset/pr_e/chrome_review_reference.txt	DELETE_DASHBOARD_SPECIFIC	deleted
evidence/market_dashboard_reset/pr_e/definition_of_done.txt	DELETE_DASHBOARD_SPECIFIC	deleted
evidence/market_dashboard_reset/pr_e/deleted_paths.txt	DELETE_DASHBOARD_SPECIFIC	deleted
evidence/market_dashboard_reset/pr_e/diff_name_status.txt	DELETE_DASHBOARD_SPECIFIC	deleted
evidence/market_dashboard_reset/pr_e/discovery/active_route_inventory.tsv	DELETE_DASHBOARD_SPECIFIC	deleted
evidence/market_dashboard_reset/pr_e/discovery/delete_allowlist.txt	DELETE_DASHBOARD_SPECIFIC	deleted
evidence/market_dashboard_reset/pr_e/discovery/forbidden_scope_list.txt	DELETE_DASHBOARD_SPECIFIC	deleted
evidence/market_dashboard_reset/pr_e/discovery/git_state.txt	DELETE_DASHBOARD_SPECIFIC	deleted
evidence/market_dashboard_reset/pr_e/discovery/import_reference_inventory.tsv	DELETE_DASHBOARD_SPECIFIC	deleted
evidence/market_dashboard_reset/pr_e/discovery/legacy_candidate_inventory.tsv	DELETE_DASHBOARD_SPECIFIC	deleted
evidence/market_dashboard_reset/pr_e/discovery/preserve_list.txt	DELETE_DASHBOARD_SPECIFIC	deleted
evidence/market_dashboard_reset/pr_e/discovery/unresolved_items.txt	DELETE_DASHBOARD_SPECIFIC	deleted
evidence/market_dashboard_reset/pr_e/docs_reference_targets.txt	DELETE_DASHBOARD_SPECIFIC	deleted
evidence/market_dashboard_reset/pr_e/docs_token_autofix_dry_run.txt	DELETE_DASHBOARD_SPECIFIC	deleted
evidence/market_dashboard_reset/pr_e/docs_token_policy.txt	DELETE_DASHBOARD_SPECIFIC	deleted
evidence/market_dashboard_reset/pr_e/domain_owner_diff.txt	DELETE_DASHBOARD_SPECIFIC	deleted
evidence/market_dashboard_reset/pr_e/final_actual_files.txt	DELETE_DASHBOARD_SPECIFIC	deleted
evidence/market_dashboard_reset/pr_e/final_intended_files.txt	DELETE_DASHBOARD_SPECIFIC	deleted
evidence/market_dashboard_reset/pr_e/forbidden_scope_diff.txt	DELETE_DASHBOARD_SPECIFIC	deleted
evidence/market_dashboard_reset/pr_e/git_state.txt	DELETE_DASHBOARD_SPECIFIC	deleted
evidence/market_dashboard_reset/pr_e/manifest.sha256	DELETE_DASHBOARD_SPECIFIC	deleted
evidence/market_dashboard_reset/pr_e/narrow_test_results.txt	DELETE_DASHBOARD_SPECIFIC	deleted
evidence/market_dashboard_reset/pr_e/pre_pr_validation.txt	DELETE_DASHBOARD_SPECIFIC	deleted
evidence/market_dashboard_reset/pr_e/preserved_producers.txt	DELETE_DASHBOARD_SPECIFIC	deleted
evidence/market_dashboard_reset/pr_e/ruff_check.txt	DELETE_DASHBOARD_SPECIFIC	deleted
evidence/market_dashboard_reset/pr_e/ruff_format.txt	DELETE_DASHBOARD_SPECIFIC	deleted
evidence/market_dashboard_reset/pr_e/selector_classification.txt	DELETE_DASHBOARD_SPECIFIC	deleted
evidence/market_dashboard_reset/pr_e/static_guard_results.txt	DELETE_DASHBOARD_SPECIFIC	deleted
scripts/ops/materialize_market_dashboard_visual_operator_offline_bundles_v1.py	DELETE_DASHBOARD_SPECIFIC	deleted
scripts/ops/start_market_dashboard_visual_operator_readonly_v1.sh	DELETE_DASHBOARD_SPECIFIC	deleted
scripts/webui/market_dashboard_chrome_playwright_harness_v1.py	DELETE_DASHBOARD_SPECIFIC	deleted
scripts/webui/market_dashboard_landmark_discovery_capture_v1.py	DELETE_DASHBOARD_SPECIFIC	deleted
scripts/webui/market_dashboard_phase1a_composition_capture_v1.py	DELETE_DASHBOARD_SPECIFIC	deleted
src/webui/futures_read_only_market_dashboard_runtime_v0.py	DELETE_DASHBOARD_SPECIFIC	deleted
src/webui/market_active_paper_run_runtime_v0.py	DELETE_DASHBOARD_SPECIFIC	deleted
src/webui/market_dashboard_current_state_runtime_v0.py	DELETE_DASHBOARD_SPECIFIC	deleted
src/webui/market_dashboard_current_state_snapshot_v0.py	DELETE_DASHBOARD_SPECIFIC	deleted
src/webui/market_dashboard_product_surface_v1/__init__.py	DELETE_DASHBOARD_SPECIFIC	deleted
src/webui/market_dashboard_product_surface_v1/presenter.py	DELETE_DASHBOARD_SPECIFIC	deleted
src/webui/market_dashboard_product_surface_v1/route_composition.py	DELETE_DASHBOARD_SPECIFIC	deleted
src/webui/market_dashboard_product_surface_v1/source_loader.py	DELETE_DASHBOARD_SPECIFIC	deleted
src/webui/market_dashboard_readmodels_v1/__init__.py	DELETE_DASHBOARD_SPECIFIC	deleted
src/webui/market_dashboard_readmodels_v1/adapters/__init__.py	DELETE_DASHBOARD_SPECIFIC	deleted
src/webui/market_dashboard_readmodels_v1/adapters/_common.py	DELETE_DASHBOARD_SPECIFIC	deleted
src/webui/market_dashboard_readmodels_v1/adapters/canonical_decision.py	DELETE_DASHBOARD_SPECIFIC	deleted
src/webui/market_dashboard_readmodels_v1/adapters/diagnostics.py	DELETE_DASHBOARD_SPECIFIC	deleted
src/webui/market_dashboard_readmodels_v1/adapters/double_play.py	DELETE_DASHBOARD_SPECIFIC	deleted
src/webui/market_dashboard_readmodels_v1/adapters/economic.py	DELETE_DASHBOARD_SPECIFIC	deleted
src/webui/market_dashboard_readmodels_v1/adapters/execution.py	DELETE_DASHBOARD_SPECIFIC	deleted
src/webui/market_dashboard_readmodels_v1/adapters/freshness.py	DELETE_DASHBOARD_SPECIFIC	deleted
src/webui/market_dashboard_readmodels_v1/adapters/freshness_policy.py	DELETE_DASHBOARD_SPECIFIC	deleted
src/webui/market_dashboard_readmodels_v1/adapters/market.py	DELETE_DASHBOARD_SPECIFIC	deleted
src/webui/market_dashboard_readmodels_v1/adapters/ranking.py	DELETE_DASHBOARD_SPECIFIC	deleted
src/webui/market_dashboard_readmodels_v1/adapters/safety_authority.py	DELETE_DASHBOARD_SPECIFIC	deleted
src/webui/market_dashboard_readmodels_v1/aggregate.py	DELETE_DASHBOARD_SPECIFIC	deleted
src/webui/market_dashboard_readmodels_v1/contracts.py	DELETE_DASHBOARD_SPECIFIC	deleted
src/webui/market_dashboard_readmodels_v1/page_builder.py	DELETE_DASHBOARD_SPECIFIC	deleted
src/webui/market_dashboard_readmodels_v1/provenance.py	DELETE_DASHBOARD_SPECIFIC	deleted
src/webui/market_dashboard_readmodels_v1/serialization.py	DELETE_DASHBOARD_SPECIFIC	deleted
src/webui/market_dashboard_readmodels_v1/validation.py	DELETE_DASHBOARD_SPECIFIC	deleted
src/webui/market_depth_api_v0.py	DELETE_DASHBOARD_SPECIFIC	deleted
src/webui/market_depth_readmodel_v0/__init__.py	DELETE_DASHBOARD_SPECIFIC	deleted
src/webui/market_depth_readmodel_v0/builder.py	DELETE_DASHBOARD_SPECIFIC	deleted
src/webui/market_depth_runtime_v0.py	DELETE_DASHBOARD_SPECIFIC	deleted
src/webui/market_futures_ohlcv_readmodel_v0/__init__.py	DELETE_DASHBOARD_SPECIFIC	deleted
src/webui/market_futures_ohlcv_readmodel_v0/builder.py	DELETE_DASHBOARD_SPECIFIC	deleted
src/webui/market_futures_ohlcv_runtime_v0.py	DELETE_DASHBOARD_SPECIFIC	deleted
src/webui/market_instrument_eligibility_v0.py	DELETE_DASHBOARD_SPECIFIC	deleted
src/webui/market_ranking_funnel_readmodel_v0/__init__.py	DELETE_DASHBOARD_SPECIFIC	deleted
src/webui/market_ranking_funnel_readmodel_v0/builder.py	DELETE_DASHBOARD_SPECIFIC	deleted
src/webui/market_ranking_funnel_runtime_v0.py	DELETE_DASHBOARD_SPECIFIC	deleted
src/webui/market_surface.py	DELETE_DASHBOARD_SPECIFIC	deleted
src/webui/market_tape_readmodel_v0/__init__.py	DELETE_DASHBOARD_SPECIFIC	deleted
src/webui/market_tape_readmodel_v0/builder.py	DELETE_DASHBOARD_SPECIFIC	deleted
src/webui/market_tape_readmodel_v0/gate.py	DELETE_DASHBOARD_SPECIFIC	deleted
src/webui/market_visual_operator_surface_v1/__init__.py	DELETE_DASHBOARD_SPECIFIC	deleted
src/webui/market_visual_operator_surface_v1/ai_linear_diagnostics_display_v1.py	DELETE_DASHBOARD_SPECIFIC	deleted
src/webui/market_visual_operator_surface_v1/contracts.py	DELETE_DASHBOARD_SPECIFIC	deleted
src/webui/market_visual_operator_surface_v1/decision_funnel_display_v1.py	DELETE_DASHBOARD_SPECIFIC	deleted
src/webui/market_visual_operator_surface_v1/economic_observability_display_v1.py	DELETE_DASHBOARD_SPECIFIC	deleted
src/webui/market_visual_operator_surface_v1/operator_header_display_v1.py	DELETE_DASHBOARD_SPECIFIC	deleted
src/webui/market_visual_operator_surface_v1/operator_overview_display_v1.py	DELETE_DASHBOARD_SPECIFIC	deleted
src/webui/market_visual_operator_surface_v1/runtime_v1.py	DELETE_DASHBOARD_SPECIFIC	deleted
static/css/market_dashboard_product_v1.css	DELETE_DASHBOARD_SPECIFIC	deleted
templates/peak_trade_dashboard/market_dashboard_product_v1.html	DELETE_DASHBOARD_SPECIFIC	deleted
templates/peak_trade_dashboard/market_v0.html	DELETE_DASHBOARD_SPECIFIC	deleted
templates/peak_trade_dashboard/partials/double_play_market_compact_v1.html	DELETE_DASHBOARD_SPECIFIC	deleted
templates/peak_trade_dashboard/partials/double_play_market_panel_v0.html	DELETE_DASHBOARD_SPECIFIC	deleted
templates/peak_trade_dashboard/partials/futures_market_compact_v1.html	DELETE_DASHBOARD_SPECIFIC	deleted
templates/peak_trade_dashboard/partials/futures_read_only_market_panel_v0.html	DELETE_DASHBOARD_SPECIFIC	deleted
templates/peak_trade_dashboard/partials/market_ai_linear_diagnostics_visual_v1.html	DELETE_DASHBOARD_SPECIFIC	deleted
templates/peak_trade_dashboard/partials/market_current_state_compact_v1.html	DELETE_DASHBOARD_SPECIFIC	deleted
templates/peak_trade_dashboard/partials/market_decision_funnel_visual_v1.html	DELETE_DASHBOARD_SPECIFIC	deleted
templates/peak_trade_dashboard/partials/market_diagnostics_drawer_v1.html	DELETE_DASHBOARD_SPECIFIC	deleted
templates/peak_trade_dashboard/partials/market_economic_observability_visual_v1.html	DELETE_DASHBOARD_SPECIFIC	deleted
templates/peak_trade_dashboard/partials/market_governed_top20_primary_v1.html	DELETE_DASHBOARD_SPECIFIC	deleted
templates/peak_trade_dashboard/partials/market_legacy_operator_panels_v0.html	DELETE_DASHBOARD_SPECIFIC	deleted
templates/peak_trade_dashboard/partials/market_primary_close_chart_v1.html	DELETE_DASHBOARD_SPECIFIC	deleted
templates/peak_trade_dashboard/partials/market_primary_operator_hero_v1.html	DELETE_DASHBOARD_SPECIFIC	deleted
templates/peak_trade_dashboard/partials/market_safety_compact_v1.html	DELETE_DASHBOARD_SPECIFIC	deleted
templates/peak_trade_dashboard/partials/market_v0_legacy_composition_not_routed_v1.html	DELETE_DASHBOARD_SPECIFIC	deleted
templates/peak_trade_dashboard/partials/market_visual_operator_header_v1.html	DELETE_DASHBOARD_SPECIFIC	deleted
templates/peak_trade_dashboard/partials/market_watchlist_compact_v1.html	DELETE_DASHBOARD_SPECIFIC	deleted
tests/fixtures/futures_read_only_market_dashboard_v0/complete_minimal/dashboard.json	DELETE_DASHBOARD_SPECIFIC	deleted
tests/fixtures/market_depth_readmodel_v0/complete_minimal/depth.json	DELETE_DASHBOARD_SPECIFIC	deleted
tests/fixtures/market_depth_readmodel_v0/malformed_levels/depth.json	DELETE_DASHBOARD_SPECIFIC	deleted
tests/fixtures/market_futures_ohlcv_readmodel_v0/complete_minimal/futures_ohlcv.json	DELETE_DASHBOARD_SPECIFIC	deleted
tests/fixtures/market_ranking_funnel_readmodel_v0/complete_minimal/ranking_funnel.json	DELETE_DASHBOARD_SPECIFIC	deleted
tests/fixtures/market_ranking_funnel_readmodel_v0/top50_minimal/ranking_funnel.json	DELETE_DASHBOARD_SPECIFIC	deleted
tests/fixtures/market_tape_readmodel_v0/complete_minimal/tape.json	DELETE_DASHBOARD_SPECIFIC	deleted
tests/fixtures/market_tape_readmodel_v0/malformed_trades/tape.json	DELETE_DASHBOARD_SPECIFIC	deleted
tests/ops/test_futures_read_only_market_dashboard_contract_static_v0.py	DELETE_DASHBOARD_SPECIFIC	deleted
tests/ops/test_market_dashboard_readonly_run_projection_spec_v0.py	DELETE_DASHBOARD_SPECIFIC	deleted
tests/ops/test_market_surface_ranking_funnel_env_schema_boundary_v0.py	DELETE_DASHBOARD_SPECIFIC	deleted
tests/scripts/test_materialize_market_dashboard_visual_operator_offline_bundles_v1.py	DELETE_DASHBOARD_SPECIFIC	deleted
tests/test_market_surface_api.py	DELETE_DASHBOARD_SPECIFIC	deleted
tests/webui/test_double_play_market_dashboard_v0.py	DELETE_DASHBOARD_SPECIFIC	deleted
tests/webui/test_futures_read_only_market_dashboard_runtime_v0.py	DELETE_DASHBOARD_SPECIFIC	deleted
tests/webui/test_futures_read_only_market_dashboard_v0.py	DELETE_DASHBOARD_SPECIFIC	deleted
tests/webui/test_market_active_paper_run_runtime_v0.py	DELETE_DASHBOARD_SPECIFIC	deleted
tests/webui/test_market_architecture_reset_shell_pr_a_v1.py	DELETE_DASHBOARD_SPECIFIC	deleted
tests/webui/test_market_canonical_short_url_title_real_values_ui_v1.py	DELETE_DASHBOARD_SPECIFIC	deleted
tests/webui/test_market_dashboard_adapters_v1.py	DELETE_DASHBOARD_SPECIFIC	deleted
tests/webui/test_market_dashboard_adapters_v1_static_guards.py	DELETE_DASHBOARD_SPECIFIC	deleted
tests/webui/test_market_dashboard_architecture_closeout_pr_e_v1.py	DELETE_DASHBOARD_SPECIFIC	deleted
tests/webui/test_market_dashboard_browser_policy_chrome_primary_v1.py	DELETE_DASHBOARD_SPECIFIC	deleted
tests/webui/test_market_dashboard_composition_rebaseline_next_slice_evidence_v1.py	DELETE_DASHBOARD_SPECIFIC	deleted
tests/webui/test_market_dashboard_current_state_sync_v0.py	DELETE_DASHBOARD_SPECIFIC	deleted
tests/webui/test_market_dashboard_decision_surface_hierarchy_v1.py	DELETE_DASHBOARD_SPECIFIC	deleted
tests/webui/test_market_dashboard_decision_surface_vertical_compression_v1.py	DELETE_DASHBOARD_SPECIFIC	deleted
tests/webui/test_market_dashboard_double_play_safety_matrix_v1.py	DELETE_DASHBOARD_SPECIFIC	deleted
tests/webui/test_market_dashboard_engineering_drawer_deemphasis_v1.py	DELETE_DASHBOARD_SPECIFIC	deleted
tests/webui/test_market_dashboard_landmark_vertical_rhythm_v1.py	DELETE_DASHBOARD_SPECIFIC	deleted
tests/webui/test_market_dashboard_matrix_url_state_v1.py	DELETE_DASHBOARD_SPECIFIC	deleted
tests/webui/test_market_dashboard_no_bitcoin_futures_v1.py	DELETE_DASHBOARD_SPECIFIC	deleted
tests/webui/test_market_dashboard_observability_surface_hierarchy_v1.py	DELETE_DASHBOARD_SPECIFIC	deleted
tests/webui/test_market_dashboard_phase1a_composition_foundation_v1.py	DELETE_DASHBOARD_SPECIFIC	deleted
tests/webui/test_market_dashboard_phase_1a_layout_header_v1.py	DELETE_DASHBOARD_SPECIFIC	deleted
tests/webui/test_market_dashboard_phase_1b_design_system_assets_v1.py	DELETE_DASHBOARD_SPECIFIC	deleted
tests/webui/test_market_dashboard_phase_2_operator_overview_v1.py	DELETE_DASHBOARD_SPECIFIC	deleted
tests/webui/test_market_dashboard_primary_page_share_dominance_v1.py	DELETE_DASHBOARD_SPECIFIC	deleted
tests/webui/test_market_dashboard_product_recovery_v1.py	DELETE_DASHBOARD_SPECIFIC	deleted
tests/webui/test_market_dashboard_product_surface_pr_d_v1.py	DELETE_DASHBOARD_SPECIFIC	deleted
tests/webui/test_market_dashboard_readmodels_v1.py	DELETE_DASHBOARD_SPECIFIC	deleted
tests/webui/test_market_dashboard_readmodels_v1_static_guards.py	DELETE_DASHBOARD_SPECIFIC	deleted
tests/webui/test_market_dashboard_readonly_structure_contract_v0.py	DELETE_DASHBOARD_SPECIFIC	deleted
tests/webui/test_market_dashboard_responsive_polish_v1.py	DELETE_DASHBOARD_SPECIFIC	deleted
tests/webui/test_market_dashboard_selected_instrument_workspace_v1.py	DELETE_DASHBOARD_SPECIFIC	deleted
tests/webui/test_market_dashboard_topn_navigation_visual_density_v1.py	DELETE_DASHBOARD_SPECIFIC	deleted
tests/webui/test_market_dashboard_visual_foundation_rework_v1.py	DELETE_DASHBOARD_SPECIFIC	deleted
tests/webui/test_market_dashboard_visual_system_transparency_v1.py	DELETE_DASHBOARD_SPECIFIC	deleted
tests/webui/test_market_depth_api_v0.py	DELETE_DASHBOARD_SPECIFIC	deleted
tests/webui/test_market_depth_chart_ssr_v0.py	DELETE_DASHBOARD_SPECIFIC	deleted
tests/webui/test_market_depth_readmodel_v0.py	DELETE_DASHBOARD_SPECIFIC	deleted
tests/webui/test_market_depth_runtime_v0.py	DELETE_DASHBOARD_SPECIFIC	deleted
tests/webui/test_market_futures_first_root_cause_eradication_v1.py	DELETE_DASHBOARD_SPECIFIC	deleted
tests/webui/test_market_futures_ohlcv_readmodel_v0.py	DELETE_DASHBOARD_SPECIFIC	deleted
tests/webui/test_market_futures_ohlcv_runtime_v0.py	DELETE_DASHBOARD_SPECIFIC	deleted
tests/webui/test_market_futures_only_canonical_completion_v1.py	DELETE_DASHBOARD_SPECIFIC	deleted
tests/webui/test_market_futures_universe_visual_matrix_v1.py	DELETE_DASHBOARD_SPECIFIC	deleted
tests/webui/test_market_governed_top20_f5_default_wiring_v1.py	DELETE_DASHBOARD_SPECIFIC	deleted
tests/webui/test_market_instrument_eligibility_v0.py	DELETE_DASHBOARD_SPECIFIC	deleted
tests/webui/test_market_ranking_funnel_readmodel_v0.py	DELETE_DASHBOARD_SPECIFIC	deleted
tests/webui/test_market_ranking_funnel_runtime_v0.py	DELETE_DASHBOARD_SPECIFIC	deleted
tests/webui/test_market_registry_projection_overlay_v0.py	DELETE_DASHBOARD_SPECIFIC	deleted
tests/webui/test_market_single_page_consolidation_runtime_v1.py	DELETE_DASHBOARD_SPECIFIC	deleted
tests/webui/test_market_single_page_consolidation_structure_contract_v1.py	DELETE_DASHBOARD_SPECIFIC	deleted
tests/webui/test_market_single_page_unified_consolidation_ui_v1.py	DELETE_DASHBOARD_SPECIFIC	deleted
tests/webui/test_market_tape_readmodel_v0.py	DELETE_DASHBOARD_SPECIFIC	deleted
tests/webui/test_market_tape_ssr_v0.py	DELETE_DASHBOARD_SPECIFIC	deleted
tests/webui/test_market_terminal_layout_v1.py	DELETE_DASHBOARD_SPECIFIC	deleted
tests/webui/test_market_visual_operator_surface_v1.py	DELETE_DASHBOARD_SPECIFIC	deleted
docs/webui/MARKET_DASHBOARD_REMOVED.md	KEEP_TOMBSTONE	intentional survivor
tests/webui/test_market_dashboard_tombstone_v1.py	KEEP_TOMBSTONE	intentional survivor
