instrument,member_id,bars,entry_intents,enter_long,enter_short,exit_or_reduce,mapped_nonzero_bars,mapped_nonzero_on_enter_epochs,enter_map_mismatch_count,engine_nonzero_bars,enter_engine_mismatch_count,remap_contract_ok,remap_contract_fail,median_impulse_len,max_impulse_len,total_trades,conversion_ratio_trades_per_enter,funnel_engine_values_match,engine_signal_source,classic_bypass,decision_funnel_trades_opened,decision_top,fill_class,first_drop_boundary,mechanical_defect_suspected
1INCH,okx:linear_perpetual:1INCH:USDT:USDT:perp,2953,9,1,8,2492,9,9,0,9,0,2953,0,1.0,1,1,0.1111111111111111,True,mv2_decision_replay_series,False,0,"{"""": 60, ""blocked"": 13, ""enter_long"": 1, ""enter_short"": 8, ""hold"": 91, ""no_action"": 13, ""observe"": 275, ""reduce"": 2492}",CONVERTED,NONE,False
AAVE,okx:linear_perpetual:AAVE:USDT:USDT:perp,2953,8,0,8,2477,8,8,0,8,0,2953,0,1.0,1,0,0.0,True,mv2_decision_replay_series,False,0,"{"""": 60, ""blocked"": 3, ""enter_short"": 8, ""no_action"": 14, ""observe"": 391, ""reduce"": 2477}",ENGINE_SIGNAL_PRESENT_LEDGER_ZERO_TRADE,backtest_engine_fill_or_roundtrip_ledger,False
ACH,okx:linear_perpetual:ACH:USDT:USDT:perp,2953,22,0,22,2183,22,22,0,22,0,2953,0,1.0,1,0,0.0,True,mv2_decision_replay_series,False,0,"{"""": 60, ""blocked"": 34, ""enter_short"": 22, ""no_action"": 27, ""observe"": 627, ""reduce"": 2183}",ENGINE_SIGNAL_PRESENT_LEDGER_ZERO_TRADE,backtest_engine_fill_or_roundtrip_ledger,False
ADA,okx:linear_perpetual:ADA:USDT:USDT:perp,2953,7,1,6,2010,7,7,0,7,0,2953,0,1.0,1,1,0.14285714285714285,True,mv2_decision_replay_series,False,0,"{"""": 60, ""blocked"": 20, ""enter_long"": 1, ""enter_short"": 6, ""hold"": 23, ""no_action"": 6, ""observe"": 827, ""reduce"": 2010}",CONVERTED,NONE,False
AEVO,okx:linear_perpetual:AEVO:USDT:USDT:perp,2953,309,0,309,6,309,309,0,309,0,2953,0,1.0,5,0,0.0,True,mv2_decision_replay_series,False,0,"{"""": 60, ""enter_short"": 309, ""no_action"": 294, ""observe"": 2284, ""reduce"": 6}",ENGINE_SIGNAL_PRESENT_LEDGER_ZERO_TRADE,backtest_engine_fill_or_roundtrip_ledger,False
AGLD,okx:linear_perpetual:AGLD:USDT:USDT:perp,2953,16,0,16,2336,16,16,0,16,0,2953,0,1.0,1,0,0.0,True,mv2_decision_replay_series,False,0,"{"""": 60, ""blocked"": 28, ""enter_short"": 16, ""no_action"": 26, ""observe"": 487, ""reduce"": 2336}",ENGINE_SIGNAL_PRESENT_LEDGER_ZERO_TRADE,backtest_engine_fill_or_roundtrip_ledger,False
ALGO,okx:linear_perpetual:ALGO:USDT:USDT:perp,2953,10,1,9,2205,10,10,0,10,0,2953,0,1.0,2,1,0.1,True,mv2_decision_replay_series,False,0,"{"""": 60, ""blocked"": 26, ""enter_long"": 1, ""enter_short"": 9, ""hold"": 146, ""no_action"": 10, ""observe"": 496, ""reduce"": 2205}",CONVERTED,NONE,False
APE,okx:linear_perpetual:APE:USDT:USDT:perp,2953,2,0,2,2629,2,2,0,2,0,2953,0,1.0,1,0,0.0,True,mv2_decision_replay_series,False,0,"{"""": 60, ""blocked"": 27, ""enter_short"": 2, ""no_action"": 3, ""observe"": 232, ""reduce"": 2629}",ENGINE_SIGNAL_PRESENT_LEDGER_ZERO_TRADE,backtest_engine_fill_or_roundtrip_ledger,False
API3,okx:linear_perpetual:API3:USDT:USDT:perp,2953,2,1,1,2707,2,2,0,2,0,2953,0,1.0,1,1,0.5,True,mv2_decision_replay_series,False,0,"{"""": 60, ""blocked"": 22, ""enter_long"": 1, ""enter_short"": 1, ""hold"": 92, ""no_action"": 1, ""observe"": 69, ""reduce"": 2707}",CONVERTED,NONE,False
APT,okx:linear_perpetual:APT:USDT:USDT:perp,2953,18,0,18,2230,18,18,0,18,0,2953,0,1.0,3,0,0.0,True,mv2_decision_replay_series,False,0,"{"""": 60, ""blocked"": 27, ""enter_short"": 18, ""no_action"": 21, ""observe"": 597, ""reduce"": 2230}",ENGINE_SIGNAL_PRESENT_LEDGER_ZERO_TRADE,backtest_engine_fill_or_roundtrip_ledger,False
AR,okx:linear_perpetual:AR:USDT:USDT:perp,2953,13,3,10,2723,13,13,0,13,0,2953,0,1.0,4,3,0.23076923076923078,True,mv2_decision_replay_series,False,0,"{"""": 60, ""blocked"": 30, ""enter_long"": 3, ""enter_short"": 10, ""no_action"": 13, ""observe"": 114, ""reduce"": 2723}",CONVERTED,NONE,False
ARB,okx:linear_perpetual:ARB:USDT:USDT:perp,2953,9,1,8,2407,9,9,0,9,0,2953,0,1.0,1,1,0.1111111111111111,True,mv2_decision_replay_series,False,0,"{"""": 60, ""blocked"": 21, ""enter_long"": 1, ""enter_short"": 8, ""hold"": 82, ""no_action"": 9, ""observe"": 365, ""reduce"": 2407}",CONVERTED,NONE,False
ATOM,okx:linear_perpetual:ATOM:USDT:USDT:perp,2953,79,0,79,18,79,79,0,79,0,2953,0,1.0,4,0,0.0,True,mv2_decision_replay_series,False,0,"{"""": 60, ""blocked"": 1, ""enter_short"": 79, ""no_action"": 79, ""observe"": 2716, ""reduce"": 18}",ENGINE_SIGNAL_PRESENT_LEDGER_ZERO_TRADE,backtest_engine_fill_or_roundtrip_ledger,False
AUCTION,okx:linear_perpetual:AUCTION:USDT:USDT:perp,2953,5,1,4,2736,5,5,0,5,0,2953,0,1.0,1,1,0.2,True,mv2_decision_replay_series,False,0,"{"""": 60, ""blocked"": 10, ""enter_long"": 1, ""enter_short"": 4, ""hold"": 32, ""no_action"": 6, ""observe"": 104, ""reduce"": 2736}",CONVERTED,NONE,False
AVAX,okx:linear_perpetual:AVAX:USDT:USDT:perp,2953,8,0,8,2343,8,8,0,8,0,2953,0,1.0,1,0,0.0,True,mv2_decision_replay_series,False,0,"{"""": 60, ""blocked"": 23, ""enter_short"": 8, ""no_action"": 12, ""observe"": 507, ""reduce"": 2343}",ENGINE_SIGNAL_PRESENT_LEDGER_ZERO_TRADE,backtest_engine_fill_or_roundtrip_ledger,False
AXS,okx:linear_perpetual:AXS:USDT:USDT:perp,2953,3,1,2,2638,3,3,0,3,0,2953,0,1.0,1,1,0.3333333333333333,True,mv2_decision_replay_series,False,0,"{"""": 60, ""blocked"": 17, ""enter_long"": 1, ""enter_short"": 2, ""hold"": 32, ""no_action"": 2, ""observe"": 201, ""reduce"": 2638}",CONVERTED,NONE,False
BAND,okx:linear_perpetual:BAND:USDT:USDT:perp,2953,2,1,1,2683,2,2,0,2,0,2953,0,1.0,1,1,0.5,True,mv2_decision_replay_series,False,0,"{"""": 60, ""blocked"": 16, ""enter_long"": 1, ""enter_short"": 1, ""hold"": 29, ""no_action"": 5, ""observe"": 158, ""reduce"": 2683}",CONVERTED,NONE,False
BAT,okx:linear_perpetual:BAT:USDT:USDT:perp,2953,6,0,6,2381,6,6,0,6,0,2953,0,1.0,1,0,0.0,True,mv2_decision_replay_series,False,0,"{"""": 60, ""blocked"": 22, ""enter_short"": 6, ""no_action"": 10, ""observe"": 474, ""reduce"": 2381}",ENGINE_SIGNAL_PRESENT_LEDGER_ZERO_TRADE,backtest_engine_fill_or_roundtrip_ledger,False
BCH,okx:linear_perpetual:BCH:USDT:USDT:perp,2953,3,1,2,2470,3,3,0,3,0,2953,0,1.0,1,1,0.3333333333333333,True,mv2_decision_replay_series,False,0,"{"""": 60, ""blocked"": 15, ""enter_long"": 1, ""enter_short"": 2, ""hold"": 147, ""no_action"": 5, ""observe"": 253, ""reduce"": 2470}",CONVERTED,NONE,False
BICO,okx:linear_perpetual:BICO:USDT:USDT:perp,2953,13,0,13,2495,13,13,0,13,0,2953,0,1.0,2,0,0.0,True,mv2_decision_replay_series,False,0,"{"""": 60, ""blocked"": 23, ""enter_short"": 13, ""no_action"": 19, ""observe"": 343, ""reduce"": 2495}",ENGINE_SIGNAL_PRESENT_LEDGER_ZERO_TRADE,backtest_engine_fill_or_roundtrip_ledger,False
BIGTIME,okx:linear_perpetual:BIGTIME:USDT:USDT:perp,2953,29,0,29,2314,29,29,0,29,0,2953,0,1.0,2,0,0.0,True,mv2_decision_replay_series,False,0,"{"""": 60, ""blocked"": 36, ""enter_short"": 29, ""no_action"": 33, ""observe"": 481, ""reduce"": 2314}",ENGINE_SIGNAL_PRESENT_LEDGER_ZERO_TRADE,backtest_engine_fill_or_roundtrip_ledger,False
BLUR,okx:linear_perpetual:BLUR:USDT:USDT:perp,2953,15,0,15,2277,15,15,0,15,0,2953,0,1.0,2,0,0.0,True,mv2_decision_replay_series,False,0,"{"""": 60, ""blocked"": 46, ""enter_short"": 15, ""no_action"": 26, ""observe"": 529, ""reduce"": 2277}",ENGINE_SIGNAL_PRESENT_LEDGER_ZERO_TRADE,backtest_engine_fill_or_roundtrip_ledger,False
BNB,okx:linear_perpetual:BNB:USDT:USDT:perp,2953,1,1,0,2430,1,1,0,1,0,2953,0,1.0,1,1,1.0,True,mv2_decision_replay_series,False,0,"{"""": 60, ""blocked"": 11, ""enter_long"": 1, ""hold"": 234, ""observe"": 217, ""reduce"": 2430}",CONVERTED,NONE,False
BONK,okx:linear_perpetual:BONK:USDT:USDT:perp,2953,52,0,52,1905,52,52,0,52,0,2953,0,1.0,2,0,0.0,True,mv2_decision_replay_series,False,0,"{"""": 60, ""blocked"": 162, ""enter_short"": 52, ""no_action"": 64, ""observe"": 710, ""reduce"": 1905}",ENGINE_SIGNAL_PRESENT_LEDGER_ZERO_TRADE,backtest_engine_fill_or_roundtrip_ledger,False
CELO,okx:linear_perpetual:CELO:USDT:USDT:perp,2953,2,0,2,2660,2,2,0,2,0,2953,0,1.0,1,0,0.0,True,mv2_decision_replay_series,False,0,"{"""": 60, ""blocked"": 27, ""enter_short"": 2, ""no_action"": 2, ""observe"": 202, ""reduce"": 2660}",ENGINE_SIGNAL_PRESENT_LEDGER_ZERO_TRADE,backtest_engine_fill_or_roundtrip_ledger,False
CFX,okx:linear_perpetual:CFX:USDT:USDT:perp,2953,20,0,20,2374,20,20,0,20,0,2953,0,1.0,2,0,0.0,True,mv2_decision_replay_series,False,0,"{"""": 60, ""blocked"": 17, ""enter_short"": 20, ""no_action"": 14, ""observe"": 468, ""reduce"": 2374}",ENGINE_SIGNAL_PRESENT_LEDGER_ZERO_TRADE,backtest_engine_fill_or_roundtrip_ledger,False
CHZ,okx:linear_perpetual:CHZ:USDT:USDT:perp,2953,4,0,4,2419,4,4,0,4,0,2953,0,1.0,1,0,0.0,True,mv2_decision_replay_series,False,0,"{"""": 60, ""blocked"": 53, ""enter_short"": 4, ""no_action"": 6, ""observe"": 411, ""reduce"": 2419}",ENGINE_SIGNAL_PRESENT_LEDGER_ZERO_TRADE,backtest_engine_fill_or_roundtrip_ledger,False
COMP,okx:linear_perpetual:COMP:USDT:USDT:perp,2953,11,0,11,2286,11,11,0,11,0,2953,0,1.0,2,0,0.0,True,mv2_decision_replay_series,False,0,"{"""": 60, ""blocked"": 26, ""enter_short"": 11, ""no_action"": 16, ""observe"": 554, ""reduce"": 2286}",ENGINE_SIGNAL_PRESENT_LEDGER_ZERO_TRADE,backtest_engine_fill_or_roundtrip_ledger,False
CORE,okx:linear_perpetual:CORE:USDT:USDT:perp,2953,42,0,42,2231,42,42,0,42,0,2953,0,1.0,3,0,0.0,True,mv2_decision_replay_series,False,0,"{"""": 60, ""blocked"": 35, ""enter_short"": 42, ""no_action"": 44, ""observe"": 541, ""reduce"": 2231}",ENGINE_SIGNAL_PRESENT_LEDGER_ZERO_TRADE,backtest_engine_fill_or_roundtrip_ledger,False
CRO,okx:linear_perpetual:CRO:USDT:USDT:perp,2953,60,1,59,11,60,60,0,60,0,2953,0,1.0,3,1,0.016666666666666666,True,mv2_decision_replay_series,False,0,"{"""": 60, ""enter_long"": 1, ""enter_short"": 59, ""hold"": 72, ""no_action"": 50, ""observe"": 2700, ""reduce"": 11}",CONVERTED,NONE,False
CRV,okx:linear_perpetual:CRV:USDT:USDT:perp,2953,1,0,1,2686,1,1,0,1,0,2953,0,1.0,1,0,0.0,True,mv2_decision_replay_series,False,0,"{"""": 60, ""blocked"": 19, ""enter_short"": 1, ""no_action"": 5, ""observe"": 182, ""reduce"": 2686}",ENGINE_SIGNAL_PRESENT_LEDGER_ZERO_TRADE,backtest_engine_fill_or_roundtrip_ledger,False
DOGE,okx:linear_perpetual:DOGE:USDT:USDT:perp,2953,7,0,7,2498,7,7,0,7,0,2953,0,1.0,2,0,0.0,True,mv2_decision_replay_series,False,0,"{"""": 60, ""blocked"": 31, ""enter_short"": 7, ""no_action"": 12, ""observe"": 345, ""reduce"": 2498}",ENGINE_SIGNAL_PRESENT_LEDGER_ZERO_TRADE,backtest_engine_fill_or_roundtrip_ledger,False
DOT,okx:linear_perpetual:DOT:USDT:USDT:perp,2953,11,1,10,2264,11,11,0,11,0,2953,0,1.0,2,1,0.09090909090909091,True,mv2_decision_replay_series,False,0,"{"""": 60, ""blocked"": 21, ""enter_long"": 1, ""enter_short"": 10, ""hold"": 32, ""no_action"": 11, ""observe"": 554, ""reduce"": 2264}",CONVERTED,NONE,False
DYDX,okx:linear_perpetual:DYDX:USDT:USDT:perp,2953,140,0,140,10,140,140,0,140,0,2953,0,1.0,3,0,0.0,True,mv2_decision_replay_series,False,0,"{"""": 60, ""blocked"": 6, ""enter_short"": 140, ""no_action"": 133, ""observe"": 2604, ""reduce"": 10}",ENGINE_SIGNAL_PRESENT_LEDGER_ZERO_TRADE,backtest_engine_fill_or_roundtrip_ledger,False
EGLD,okx:linear_perpetual:EGLD:USDT:USDT:perp,2953,14,0,14,2373,14,14,0,14,0,2953,0,1.0,1,0,0.0,True,mv2_decision_replay_series,False,0,"{"""": 60, ""blocked"": 20, ""enter_short"": 14, ""no_action"": 14, ""observe"": 472, ""reduce"": 2373}",ENGINE_SIGNAL_PRESENT_LEDGER_ZERO_TRADE,backtest_engine_fill_or_roundtrip_ledger,False
ENJ,okx:linear_perpetual:ENJ:USDT:USDT:perp,2953,9,0,9,2452,9,9,0,9,0,2953,0,1.0,2,0,0.0,True,mv2_decision_replay_series,False,0,"{"""": 60, ""blocked"": 23, ""enter_short"": 9, ""no_action"": 14, ""observe"": 395, ""reduce"": 2452}",ENGINE_SIGNAL_PRESENT_LEDGER_ZERO_TRADE,backtest_engine_fill_or_roundtrip_ledger,False
ENS,okx:linear_perpetual:ENS:USDT:USDT:perp,2953,18,0,18,646,18,18,0,18,0,2953,0,1.0,2,0,0.0,True,mv2_decision_replay_series,False,0,"{"""": 60, ""blocked"": 443, ""enter_short"": 18, ""no_action"": 24, ""observe"": 1762, ""reduce"": 646}",ENGINE_SIGNAL_PRESENT_LEDGER_ZERO_TRADE,backtest_engine_fill_or_roundtrip_ledger,False
ETC,okx:linear_perpetual:ETC:USDT:USDT:perp,2953,1,0,1,2703,1,1,0,1,0,2953,0,1.0,1,0,0.0,True,mv2_decision_replay_series,False,0,"{"""": 60, ""blocked"": 18, ""enter_short"": 1, ""no_action"": 1, ""observe"": 170, ""reduce"": 2703}",ENGINE_SIGNAL_PRESENT_LEDGER_ZERO_TRADE,backtest_engine_fill_or_roundtrip_ledger,False
ETH,okx:linear_perpetual:ETH:USDT:USDT:perp,2953,7,0,7,1134,7,7,0,7,0,2953,0,1.0,2,0,0.0,True,mv2_decision_replay_series,False,0,"{"""": 60, ""blocked"": 29, ""enter_short"": 7, ""no_action"": 11, ""observe"": 1712, ""reduce"": 1134}",ENGINE_SIGNAL_PRESENT_LEDGER_ZERO_TRADE,backtest_engine_fill_or_roundtrip_ledger,False
ETHFI,okx:linear_perpetual:ETHFI:USDT:USDT:perp,2953,1,1,0,2705,1,1,0,1,0,2953,0,1.0,1,1,1.0,True,mv2_decision_replay_series,False,0,"{"""": 60, ""blocked"": 34, ""enter_long"": 1, ""hold"": 50, ""observe"": 103, ""reduce"": 2705}",CONVERTED,NONE,False
ETHW,okx:linear_perpetual:ETHW:USDT:USDT:perp,2953,13,0,13,2302,13,13,0,13,0,2953,0,1.0,3,0,0.0,True,mv2_decision_replay_series,False,0,"{"""": 60, ""blocked"": 45, ""enter_short"": 13, ""no_action"": 24, ""observe"": 509, ""reduce"": 2302}",ENGINE_SIGNAL_PRESENT_LEDGER_ZERO_TRADE,backtest_engine_fill_or_roundtrip_ledger,False
FIL,okx:linear_perpetual:FIL:USDT:USDT:perp,2953,11,0,11,2415,11,11,0,11,0,2953,0,1.0,1,0,0.0,True,mv2_decision_replay_series,False,0,"{"""": 60, ""blocked"": 21, ""enter_short"": 11, ""no_action"": 13, ""observe"": 433, ""reduce"": 2415}",ENGINE_SIGNAL_PRESENT_LEDGER_ZERO_TRADE,backtest_engine_fill_or_roundtrip_ledger,False
FLOKI,okx:linear_perpetual:FLOKI:USDT:USDT:perp,2953,17,1,16,2599,17,17,0,17,0,2953,0,1.0,2,1,0.058823529411764705,True,mv2_decision_replay_series,False,0,"{"""": 60, ""blocked"": 18, ""enter_long"": 1, ""enter_short"": 16, ""hold"": 81, ""no_action"": 18, ""observe"": 160, ""reduce"": 2599}",CONVERTED,NONE,False
FLOW,okx:linear_perpetual:FLOW:USDT:USDT:perp,2953,10,1,9,2347,10,10,0,10,0,2953,0,1.0,2,1,0.1,True,mv2_decision_replay_series,False,0,"{"""": 60, ""blocked"": 21, ""enter_long"": 1, ""enter_short"": 9, ""hold"": 73, ""no_action"": 13, ""observe"": 429, ""reduce"": 2347}",CONVERTED,NONE,False
GALA,okx:linear_perpetual:GALA:USDT:USDT:perp,2953,10,0,10,2410,10,10,0,10,0,2953,0,1.0,1,0,0.0,True,mv2_decision_replay_series,False,0,"{"""": 60, ""blocked"": 41, ""enter_short"": 10, ""no_action"": 16, ""observe"": 416, ""reduce"": 2410}",ENGINE_SIGNAL_PRESENT_LEDGER_ZERO_TRADE,backtest_engine_fill_or_roundtrip_ledger,False
GAS,okx:linear_perpetual:GAS:USDT:USDT:perp,2953,1,1,0,2689,1,1,0,1,0,2953,0,1.0,1,1,1.0,True,mv2_decision_replay_series,False,0,"{"""": 60, ""blocked"": 18, ""enter_long"": 1, ""hold"": 91, ""observe"": 94, ""reduce"": 2689}",CONVERTED,NONE,False
GMT,okx:linear_perpetual:GMT:USDT:USDT:perp,2953,10,0,10,2378,10,10,0,10,0,2953,0,1.0,1,0,0.0,True,mv2_decision_replay_series,False,0,"{"""": 60, ""blocked"": 27, ""enter_short"": 10, ""no_action"": 18, ""observe"": 460, ""reduce"": 2378}",ENGINE_SIGNAL_PRESENT_LEDGER_ZERO_TRADE,backtest_engine_fill_or_roundtrip_ledger,False
GMX,okx:linear_perpetual:GMX:USDT:USDT:perp,2953,4,1,3,2729,4,4,0,4,0,2953,0,1.0,1,1,0.25,True,mv2_decision_replay_series,False,0,"{"""": 60, ""blocked"": 9, ""enter_long"": 1, ""enter_short"": 3, ""hold"": 76, ""no_action"": 5, ""observe"": 70, ""reduce"": 2729}",CONVERTED,NONE,False
GRT,okx:linear_perpetual:GRT:USDT:USDT:perp,2953,1,1,0,2665,1,1,0,1,0,2953,0,1.0,1,1,1.0,True,mv2_decision_replay_series,False,0,"{"""": 60, ""blocked"": 25, ""enter_long"": 1, ""hold"": 136, ""observe"": 66, ""reduce"": 2665}",CONVERTED,NONE,False
HBAR,okx:linear_perpetual:HBAR:USDT:USDT:perp,2953,2,1,1,2377,2,2,0,2,0,2953,0,1.0,1,1,0.5,True,mv2_decision_replay_series,False,0,"{"""": 60, ""blocked"": 26, ""enter_long"": 1, ""enter_short"": 1, ""hold"": 206, ""no_action"": 9, ""observe"": 273, ""reduce"": 2377}",CONVERTED,NONE,False
ICP,okx:linear_perpetual:ICP:USDT:USDT:perp,2953,174,1,173,3,174,174,0,174,0,2953,0,1.0,4,1,0.005747126436781609,True,mv2_decision_replay_series,False,0,"{"""": 60, ""enter_long"": 1, ""enter_short"": 173, ""hold"": 11, ""no_action"": 162, ""observe"": 2543, ""reduce"": 3}",CONVERTED,NONE,False
ICX,okx:linear_perpetual:ICX:USDT:USDT:perp,2953,3,1,2,2383,3,3,0,3,0,2953,0,1.0,1,1,0.3333333333333333,True,mv2_decision_replay_series,False,0,"{"""": 60, ""blocked"": 29, ""enter_long"": 1, ""enter_short"": 2, ""hold"": 31, ""no_action"": 11, ""observe"": 436, ""reduce"": 2383}",CONVERTED,NONE,False
IMX,okx:linear_perpetual:IMX:USDT:USDT:perp,2953,10,3,7,2512,10,10,0,10,0,2953,0,1.0,2,3,0.3,True,mv2_decision_replay_series,False,0,"{"""": 60, ""blocked"": 44, ""enter_long"": 3, ""enter_short"": 7, ""hold"": 22, ""no_action"": 8, ""observe"": 297, ""reduce"": 2512}",CONVERTED,NONE,False
INJ,okx:linear_perpetual:INJ:USDT:USDT:perp,2953,5,1,4,2680,5,5,0,5,0,2953,0,1.0,1,1,0.2,True,mv2_decision_replay_series,False,0,"{"""": 60, ""blocked"": 28, ""enter_long"": 1, ""enter_short"": 4, ""hold"": 1, ""no_action"": 6, ""observe"": 173, ""reduce"": 2680}",CONVERTED,NONE,False
IOST,okx:linear_perpetual:IOST:USDT:USDT:perp,2953,93,1,92,23,93,93,0,93,0,2953,0,1.0,4,1,0.010752688172043012,True,mv2_decision_replay_series,False,0,"{"""": 60, ""blocked"": 2, ""enter_long"": 1, ""enter_short"": 92, ""hold"": 76, ""no_action"": 82, ""observe"": 2617, ""reduce"": 23}",CONVERTED,NONE,False
IOTA,okx:linear_perpetual:IOTA:USDT:USDT:perp,2953,6,1,5,2388,6,6,0,6,0,2953,0,1.0,1,1,0.16666666666666666,True,mv2_decision_replay_series,False,0,"{"""": 60, ""blocked"": 29, ""enter_long"": 1, ""enter_short"": 5, ""hold"": 79, ""no_action"": 14, ""observe"": 377, ""reduce"": 2388}",CONVERTED,NONE,False
JTO,okx:linear_perpetual:JTO:USDT:USDT:perp,2953,9,1,8,2663,9,9,0,9,0,2953,0,1.0,2,1,0.1111111111111111,True,mv2_decision_replay_series,False,0,"{"""": 60, ""blocked"": 48, ""enter_long"": 1, ""enter_short"": 8, ""no_action"": 7, ""observe"": 166, ""reduce"": 2663}",CONVERTED,NONE,False
JUP,okx:linear_perpetual:JUP:USDT:USDT:perp,2953,5,1,4,2691,5,5,0,5,0,2953,0,1.0,1,1,0.2,True,mv2_decision_replay_series,False,0,"{"""": 60, ""blocked"": 28, ""enter_long"": 1, ""enter_short"": 4, ""hold"": 26, ""no_action"": 1, ""observe"": 142, ""reduce"": 2691}",CONVERTED,NONE,False
KSM,okx:linear_perpetual:KSM:USDT:USDT:perp,2953,25,0,25,2390,25,25,0,25,0,2953,0,1.0,2,0,0.0,True,mv2_decision_replay_series,False,0,"{"""": 60, ""blocked"": 27, ""enter_short"": 25, ""no_action"": 19, ""observe"": 432, ""reduce"": 2390}",ENGINE_SIGNAL_PRESENT_LEDGER_ZERO_TRADE,backtest_engine_fill_or_roundtrip_ledger,False
LDO,okx:linear_perpetual:LDO:USDT:USDT:perp,2953,36,1,35,2311,36,36,0,36,0,2953,0,1.0,2,1,0.027777777777777776,True,mv2_decision_replay_series,False,0,"{"""": 60, ""blocked"": 30, ""enter_long"": 1, ""enter_short"": 35, ""hold"": 31, ""no_action"": 37, ""observe"": 448, ""reduce"": 2311}",CONVERTED,NONE,False
LINK,okx:linear_perpetual:LINK:USDT:USDT:perp,2953,4,0,4,2558,4,4,0,4,0,2953,0,1.0,1,0,0.0,True,mv2_decision_replay_series,False,0,"{"""": 60, ""blocked"": 20, ""enter_short"": 4, ""no_action"": 6, ""observe"": 305, ""reduce"": 2558}",ENGINE_SIGNAL_PRESENT_LEDGER_ZERO_TRADE,backtest_engine_fill_or_roundtrip_ledger,False
LPT,okx:linear_perpetual:LPT:USDT:USDT:perp,2953,16,1,15,1383,16,16,0,16,0,2953,0,1.0,2,1,0.0625,True,mv2_decision_replay_series,False,0,"{"""": 60, ""blocked"": 10, ""enter_long"": 1, ""enter_short"": 15, ""hold"": 1308, ""no_action"": 25, ""observe"": 151, ""reduce"": 1383}",CONVERTED,NONE,False
LQTY,okx:linear_perpetual:LQTY:USDT:USDT:perp,2953,14,1,13,2351,14,14,0,14,0,2953,0,1.0,2,1,0.07142857142857142,True,mv2_decision_replay_series,False,0,"{"""": 60, ""blocked"": 26, ""enter_long"": 1, ""enter_short"": 13, ""hold"": 63, ""no_action"": 18, ""observe"": 421, ""reduce"": 2351}",CONVERTED,NONE,False
LRC,okx:linear_perpetual:LRC:USDT:USDT:perp,2953,14,1,13,2367,14,14,0,14,0,2953,0,1.0,2,1,0.07142857142857142,True,mv2_decision_replay_series,False,0,"{"""": 60, ""blocked"": 28, ""enter_long"": 1, ""enter_short"": 13, ""hold"": 97, ""no_action"": 21, ""observe"": 366, ""reduce"": 2367}",CONVERTED,NONE,False
LTC,okx:linear_perpetual:LTC:USDT:USDT:perp,2953,3,0,3,2090,3,3,0,3,0,2953,0,1.0,1,0,0.0,True,mv2_decision_replay_series,False,0,"{"""": 60, ""blocked"": 16, ""enter_short"": 3, ""no_action"": 3, ""observe"": 781, ""reduce"": 2090}",ENGINE_SIGNAL_PRESENT_LEDGER_ZERO_TRADE,backtest_engine_fill_or_roundtrip_ledger,False
LUNA,okx:linear_perpetual:LUNA:USDT:USDT:perp,2953,0,0,0,2711,0,0,0,0,0,2953,0,0.0,0,0,0.0,True,mv2_decision_replay_series,False,0,"{"""": 60, ""blocked"": 34, ""no_action"": 1, ""observe"": 147, ""reduce"": 2711}",NO_ENTRY_INTENT,entry_exit_policy,False
MAGIC,okx:linear_perpetual:MAGIC:USDT:USDT:perp,2953,10,0,10,2392,10,10,0,10,0,2953,0,1.0,1,0,0.0,True,mv2_decision_replay_series,False,0,"{"""": 60, ""blocked"": 35, ""enter_short"": 10, ""no_action"": 18, ""observe"": 438, ""reduce"": 2392}",ENGINE_SIGNAL_PRESENT_LEDGER_ZERO_TRADE,backtest_engine_fill_or_roundtrip_ledger,False
MANA,okx:linear_perpetual:MANA:USDT:USDT:perp,2953,3,0,3,2401,3,3,0,3,0,2953,0,1.0,1,0,0.0,True,mv2_decision_replay_series,False,0,"{"""": 60, ""blocked"": 25, ""enter_short"": 3, ""no_action"": 11, ""observe"": 453, ""reduce"": 2401}",ENGINE_SIGNAL_PRESENT_LEDGER_ZERO_TRADE,backtest_engine_fill_or_roundtrip_ledger,False
MASK,okx:linear_perpetual:MASK:USDT:USDT:perp,2953,3,0,3,2668,3,3,0,3,0,2953,0,1.0,1,0,0.0,True,mv2_decision_replay_series,False,0,"{"""": 60, ""blocked"": 24, ""enter_short"": 3, ""no_action"": 3, ""observe"": 195, ""reduce"": 2668}",ENGINE_SIGNAL_PRESENT_LEDGER_ZERO_TRADE,backtest_engine_fill_or_roundtrip_ledger,False
MEME,okx:linear_perpetual:MEME:USDT:USDT:perp,2953,11,1,10,2494,11,11,0,11,0,2953,0,1.0,2,1,0.09090909090909091,True,mv2_decision_replay_series,False,0,"{"""": 60, ""blocked"": 33, ""enter_long"": 1, ""enter_short"": 10, ""hold"": 96, ""no_action"": 12, ""observe"": 247, ""reduce"": 2494}",CONVERTED,NONE,False
MERL,okx:linear_perpetual:MERL:USDT:USDT:perp,2953,374,1,373,18,374,374,0,374,0,2953,0,1.0,4,1,0.00267379679144385,True,mv2_decision_replay_series,False,0,"{"""": 60, ""enter_long"": 1, ""enter_short"": 373, ""hold"": 41, ""no_action"": 352, ""observe"": 2108, ""reduce"": 18}",CONVERTED,NONE,False
METIS,okx:linear_perpetual:METIS:USDT:USDT:perp,2953,7,1,6,2423,7,7,0,7,0,2953,0,1.0,2,1,0.14285714285714285,True,mv2_decision_replay_series,False,0,"{"""": 60, ""blocked"": 26, ""enter_long"": 1, ""enter_short"": 6, ""hold"": 54, ""no_action"": 13, ""observe"": 370, ""reduce"": 2423}",CONVERTED,NONE,False
MEW,okx:linear_perpetual:MEW:USDT:USDT:perp,2953,93,1,92,2286,93,93,0,93,0,2953,0,1.0,4,1,0.010752688172043012,True,mv2_decision_replay_series,False,0,"{"""": 60, ""blocked"": 13, ""enter_long"": 1, ""enter_short"": 92, ""hold"": 62, ""no_action"": 80, ""observe"": 359, ""reduce"": 2286}",CONVERTED,NONE,False
MINA,okx:linear_perpetual:MINA:USDT:USDT:perp,2953,1,1,0,2664,1,1,0,1,0,2953,0,1.0,1,1,1.0,True,mv2_decision_replay_series,False,0,"{"""": 60, ""blocked"": 33, ""enter_long"": 1, ""hold"": 68, ""no_action"": 2, ""observe"": 125, ""reduce"": 2664}",CONVERTED,NONE,False
NEAR,okx:linear_perpetual:NEAR:USDT:USDT:perp,2953,1,1,0,2686,1,1,0,1,0,2953,0,1.0,1,1,1.0,True,mv2_decision_replay_series,False,0,"{"""": 60, ""blocked"": 17, ""enter_long"": 1, ""hold"": 125, ""observe"": 64, ""reduce"": 2686}",CONVERTED,NONE,False
NEO,okx:linear_perpetual:NEO:USDT:USDT:perp,2953,115,0,115,13,115,115,0,115,0,2953,0,1.0,3,0,0.0,True,mv2_decision_replay_series,False,0,"{"""": 60, ""blocked"": 1, ""enter_short"": 115, ""no_action"": 100, ""observe"": 2664, ""reduce"": 13}",ENGINE_SIGNAL_PRESENT_LEDGER_ZERO_TRADE,backtest_engine_fill_or_roundtrip_ledger,False
NMR,okx:linear_perpetual:NMR:USDT:USDT:perp,2953,1,1,0,2514,1,1,0,1,0,2953,0,1.0,1,1,1.0,True,mv2_decision_replay_series,False,0,"{"""": 60, ""blocked"": 31, ""enter_long"": 1, ""hold"": 245, ""observe"": 102, ""reduce"": 2514}",CONVERTED,NONE,False
ONE,okx:linear_perpetual:ONE:USDT:USDT:perp,2953,1,1,0,2703,1,1,0,1,0,2953,0,1.0,1,1,1.0,True,mv2_decision_replay_series,False,0,"{"""": 60, ""blocked"": 20, ""enter_long"": 1, ""hold"": 85, ""observe"": 84, ""reduce"": 2703}",CONVERTED,NONE,False
ONT,okx:linear_perpetual:ONT:USDT:USDT:perp,2953,1,1,0,2647,1,1,0,1,0,2953,0,1.0,1,1,1.0,True,mv2_decision_replay_series,False,0,"{"""": 60, ""blocked"": 24, ""enter_long"": 1, ""hold"": 75, ""observe"": 146, ""reduce"": 2647}",CONVERTED,NONE,False
OP,okx:linear_perpetual:OP:USDT:USDT:perp,2953,168,0,168,13,168,168,0,168,0,2953,0,1.0,4,0,0.0,True,mv2_decision_replay_series,False,0,"{"""": 60, ""blocked"": 2, ""enter_short"": 168, ""no_action"": 137, ""observe"": 2573, ""reduce"": 13}",ENGINE_SIGNAL_PRESENT_LEDGER_ZERO_TRADE,backtest_engine_fill_or_roundtrip_ledger,False
ORDI,okx:linear_perpetual:ORDI:USDT:USDT:perp,2953,39,1,38,2256,39,39,0,39,0,2953,0,1.0,3,1,0.02564102564102564,True,mv2_decision_replay_series,False,0,"{"""": 60, ""blocked"": 26, ""enter_long"": 1, ""enter_short"": 38, ""hold"": 90, ""no_action"": 35, ""observe"": 447, ""reduce"": 2256}",CONVERTED,NONE,False
PEOPLE,okx:linear_perpetual:PEOPLE:USDT:USDT:perp,2953,1,1,0,2804,1,1,0,1,0,2953,0,1.0,1,1,1.0,True,mv2_decision_replay_series,False,0,"{"""": 60, ""enter_long"": 1, ""hold"": 84, ""observe"": 4, ""reduce"": 2804}",CONVERTED,NONE,False
PEPE,okx:linear_perpetual:PEPE:USDT:USDT:perp,2953,18,2,16,2673,18,18,0,18,0,2953,0,1.0,2,2,0.1111111111111111,True,mv2_decision_replay_series,False,0,"{"""": 60, ""blocked"": 7, ""enter_long"": 2, ""enter_short"": 16, ""hold"": 71, ""no_action"": 15, ""observe"": 109, ""reduce"": 2673}",CONVERTED,NONE,False
PYTH,okx:linear_perpetual:PYTH:USDT:USDT:perp,2953,236,0,236,14,236,236,0,236,0,2953,0,1.0,4,0,0.0,True,mv2_decision_replay_series,False,0,"{"""": 60, ""blocked"": 4, ""enter_short"": 236, ""no_action"": 216, ""observe"": 2423, ""reduce"": 14}",ENGINE_SIGNAL_PRESENT_LEDGER_ZERO_TRADE,backtest_engine_fill_or_roundtrip_ledger,False
QTUM,okx:linear_perpetual:QTUM:USDT:USDT:perp,2953,9,1,8,2341,9,9,0,9,0,2953,0,1.0,1,1,0.1111111111111111,True,mv2_decision_replay_series,False,0,"{"""": 60, ""blocked"": 17, ""enter_long"": 1, ""enter_short"": 8, ""hold"": 92, ""no_action"": 10, ""observe"": 424, ""reduce"": 2341}",CONVERTED,NONE,False
RAY,okx:linear_perpetual:RAY:USDT:USDT:perp,2953,1,1,0,2716,1,1,0,1,0,2953,0,1.0,1,1,1.0,True,mv2_decision_replay_series,False,0,"{"""": 60, ""blocked"": 10, ""enter_long"": 1, ""hold"": 135, ""observe"": 31, ""reduce"": 2716}",CONVERTED,NONE,False
RSR,okx:linear_perpetual:RSR:USDT:USDT:perp,2953,1,1,0,2785,1,1,0,1,0,2953,0,1.0,1,1,1.0,True,mv2_decision_replay_series,False,0,"{"""": 60, ""blocked"": 14, ""enter_long"": 1, ""hold"": 59, ""observe"": 34, ""reduce"": 2785}",CONVERTED,NONE,False
RVN,okx:linear_perpetual:RVN:USDT:USDT:perp,2953,8,1,7,2350,8,8,0,8,0,2953,0,1.0,2,1,0.125,True,mv2_decision_replay_series,False,0,"{"""": 60, ""blocked"": 29, ""enter_long"": 1, ""enter_short"": 7, ""hold"": 92, ""no_action"": 15, ""observe"": 399, ""reduce"": 2350}",CONVERTED,NONE,False
SAND,okx:linear_perpetual:SAND:USDT:USDT:perp,2953,6,1,5,2386,6,6,0,6,0,2953,0,1.0,1,1,0.16666666666666666,True,mv2_decision_replay_series,False,0,"{"""": 60, ""blocked"": 21, ""enter_long"": 1, ""enter_short"": 5, ""hold"": 66, ""no_action"": 11, ""observe"": 403, ""reduce"": 2386}",CONVERTED,NONE,False
SATS,okx:linear_perpetual:SATS:USDT:USDT:perp,2953,20,1,19,2502,20,20,0,20,0,2953,0,1.0,2,1,0.05,True,mv2_decision_replay_series,False,0,"{"""": 60, ""blocked"": 26, ""enter_long"": 1, ""enter_short"": 19, ""hold"": 84, ""no_action"": 34, ""observe"": 227, ""reduce"": 2502}",CONVERTED,NONE,False
SHIB,okx:linear_perpetual:SHIB:USDT:USDT:perp,2953,1,1,0,2708,1,1,0,1,0,2953,0,1.0,1,1,1.0,True,mv2_decision_replay_series,False,0,"{"""": 60, ""blocked"": 23, ""enter_long"": 1, ""hold"": 68, ""observe"": 93, ""reduce"": 2708}",CONVERTED,NONE,False
SNX,okx:linear_perpetual:SNX:USDT:USDT:perp,2953,13,1,12,2365,13,13,0,13,0,2953,0,1.0,1,1,0.07692307692307693,True,mv2_decision_replay_series,False,0,"{"""": 60, ""blocked"": 34, ""enter_long"": 1, ""enter_short"": 12, ""hold"": 66, ""no_action"": 18, ""observe"": 397, ""reduce"": 2365}",CONVERTED,NONE,False
SOL,okx:linear_perpetual:SOL:USDT:USDT:perp,2953,2,0,2,2708,2,2,0,2,0,2953,0,1.0,1,0,0.0,True,mv2_decision_replay_series,False,0,"{"""": 60, ""blocked"": 16, ""enter_short"": 2, ""no_action"": 3, ""observe"": 164, ""reduce"": 2708}",ENGINE_SIGNAL_PRESENT_LEDGER_ZERO_TRADE,backtest_engine_fill_or_roundtrip_ledger,False
SSV,okx:linear_perpetual:SSV:USDT:USDT:perp,2953,34,2,32,2341,34,34,0,34,0,2953,0,1.0,4,2,0.058823529411764705,True,mv2_decision_replay_series,False,0,"{"""": 60, ""blocked"": 38, ""enter_long"": 2, ""enter_short"": 32, ""hold"": 25, ""no_action"": 26, ""observe"": 429, ""reduce"": 2341}",CONVERTED,NONE,False
STRK,okx:linear_perpetual:STRK:USDT:USDT:perp,2953,254,0,254,16,254,254,0,254,0,2953,0,1.0,4,0,0.0,True,mv2_decision_replay_series,False,0,"{"""": 60, ""blocked"": 2, ""enter_short"": 254, ""no_action"": 227, ""observe"": 2394, ""reduce"": 16}",ENGINE_SIGNAL_PRESENT_LEDGER_ZERO_TRADE,backtest_engine_fill_or_roundtrip_ledger,False
STX,okx:linear_perpetual:STX:USDT:USDT:perp,2953,219,1,218,16,219,219,0,219,0,2953,0,1.0,4,1,0.0045662100456621,True,mv2_decision_replay_series,False,0,"{"""": 60, ""enter_long"": 1, ""enter_short"": 218, ""hold"": 93, ""no_action"": 214, ""observe"": 2351, ""reduce"": 16}",CONVERTED,NONE,False
SUI,okx:linear_perpetual:SUI:USDT:USDT:perp,2953,36,1,35,1994,36,36,0,36,0,2953,0,1.0,3,1,0.027777777777777776,True,mv2_decision_replay_series,False,0,"{"""": 60, ""blocked"": 30, ""enter_long"": 1, ""enter_short"": 35, ""hold"": 3, ""no_action"": 38, ""observe"": 792, ""reduce"": 1994}",CONVERTED,NONE,False
SUSHI,okx:linear_perpetual:SUSHI:USDT:USDT:perp,2953,6,1,5,2514,6,6,0,6,0,2953,0,1.0,1,1,0.16666666666666666,True,mv2_decision_replay_series,False,0,"{"""": 60, ""blocked"": 28, ""enter_long"": 1, ""enter_short"": 5, ""hold"": 78, ""no_action"": 9, ""observe"": 258, ""reduce"": 2514}",CONVERTED,NONE,False
THETA,okx:linear_perpetual:THETA:USDT:USDT:perp,2953,1,1,0,2626,1,1,0,1,0,2953,0,1.0,1,1,1.0,True,mv2_decision_replay_series,False,0,"{"""": 60, ""blocked"": 27, ""enter_long"": 1, ""hold"": 152, ""observe"": 87, ""reduce"": 2626}",CONVERTED,NONE,False
TIA,okx:linear_perpetual:TIA:USDT:USDT:perp,2953,39,0,39,2201,39,39,0,39,0,2953,0,1.0,3,0,0.0,True,mv2_decision_replay_series,False,0,"{"""": 60, ""blocked"": 38, ""enter_short"": 39, ""no_action"": 40, ""observe"": 575, ""reduce"": 2201}",ENGINE_SIGNAL_PRESENT_LEDGER_ZERO_TRADE,backtest_engine_fill_or_roundtrip_ledger,False
TRB,okx:linear_perpetual:TRB:USDT:USDT:perp,2953,11,0,11,1181,11,11,0,11,0,2953,0,1.0,2,0,0.0,True,mv2_decision_replay_series,False,0,"{"""": 60, ""blocked"": 327, ""enter_short"": 11, ""no_action"": 8, ""observe"": 1366, ""reduce"": 1181}",ENGINE_SIGNAL_PRESENT_LEDGER_ZERO_TRADE,backtest_engine_fill_or_roundtrip_ledger,False
TRX,okx:linear_perpetual:TRX:USDT:USDT:perp,2953,0,0,0,1434,0,0,0,0,0,2953,0,0.0,0,0,0.0,True,mv2_decision_replay_series,False,0,"{"""": 60, ""blocked"": 2, ""no_action"": 3, ""observe"": 1454, ""reduce"": 1434}",NO_ENTRY_INTENT,entry_exit_policy,False
TURBO,okx:linear_perpetual:TURBO:USDT:USDT:perp,2953,1,1,0,545,1,1,0,1,0,2953,0,1.0,1,1,1.0,True,mv2_decision_replay_series,False,0,"{"""": 60, ""enter_long"": 1, ""hold"": 2346, ""observe"": 1, ""reduce"": 545}",CONVERTED,NONE,False
UMA,okx:linear_perpetual:UMA:USDT:USDT:perp,2953,1,1,0,2723,1,1,0,1,0,2953,0,1.0,1,1,1.0,True,mv2_decision_replay_series,False,0,"{"""": 60, ""blocked"": 7, ""enter_long"": 1, ""hold"": 90, ""no_action"": 2, ""observe"": 70, ""reduce"": 2723}",CONVERTED,NONE,False
UNI,okx:linear_perpetual:UNI:USDT:USDT:perp,2953,3,1,2,2510,3,3,0,3,0,2953,0,1.0,1,1,0.3333333333333333,True,mv2_decision_replay_series,False,0,"{"""": 60, ""blocked"": 11, ""enter_long"": 1, ""enter_short"": 2, ""hold"": 157, ""no_action"": 7, ""observe"": 205, ""reduce"": 2510}",CONVERTED,NONE,False
USDC,okx:linear_perpetual:USDC:USDT:USDT:perp,2953,0,0,0,0,0,0,0,0,0,2953,0,0.0,0,0,0.0,True,mv2_decision_replay_series,False,0,"{"""": 60, ""observe"": 2893}",NO_ENTRY_INTENT,entry_exit_policy,False
W,okx:linear_perpetual:W:USDT:USDT:perp,2953,303,1,302,16,303,303,0,303,0,2953,0,1.0,5,1,0.0033003300330033004,True,mv2_decision_replay_series,False,0,"{"""": 60, ""enter_long"": 1, ""enter_short"": 302, ""hold"": 4, ""no_action"": 267, ""observe"": 2303, ""reduce"": 16}",CONVERTED,NONE,False
WIF,okx:linear_perpetual:WIF:USDT:USDT:perp,2953,8,0,8,2732,8,8,0,8,0,2953,0,1.0,1,0,0.0,True,mv2_decision_replay_series,False,0,"{"""": 60, ""blocked"": 50, ""enter_short"": 8, ""no_action"": 4, ""observe"": 99, ""reduce"": 2732}",ENGINE_SIGNAL_PRESENT_LEDGER_ZERO_TRADE,backtest_engine_fill_or_roundtrip_ledger,False
WLD,okx:linear_perpetual:WLD:USDT:USDT:perp,2953,293,0,293,13,293,293,0,293,0,2953,0,1.0,4,0,0.0,True,mv2_decision_replay_series,False,0,"{"""": 60, ""blocked"": 69, ""enter_short"": 293, ""no_action"": 250, ""observe"": 2268, ""reduce"": 13}",ENGINE_SIGNAL_PRESENT_LEDGER_ZERO_TRADE,backtest_engine_fill_or_roundtrip_ledger,False
WOO,okx:linear_perpetual:WOO:USDT:USDT:perp,2953,3,1,2,2626,3,3,0,3,0,2953,0,1.0,1,1,0.3333333333333333,True,mv2_decision_replay_series,False,0,"{"""": 60, ""blocked"": 25, ""enter_long"": 1, ""enter_short"": 2, ""hold"": 107, ""no_action"": 2, ""observe"": 130, ""reduce"": 2626}",CONVERTED,NONE,False
XLM,okx:linear_perpetual:XLM:USDT:USDT:perp,2953,51,0,51,28,51,51,0,51,0,2953,0,1.0,2,0,0.0,True,mv2_decision_replay_series,False,0,"{"""": 60, ""enter_short"": 51, ""no_action"": 51, ""observe"": 2763, ""reduce"": 28}",ENGINE_SIGNAL_PRESENT_LEDGER_ZERO_TRADE,backtest_engine_fill_or_roundtrip_ledger,False
XRP,okx:linear_perpetual:XRP:USDT:USDT:perp,2953,22,0,22,1152,22,22,0,22,0,2953,0,1.0,3,0,0.0,True,mv2_decision_replay_series,False,0,"{"""": 60, ""blocked"": 5, ""enter_short"": 22, ""no_action"": 29, ""observe"": 1685, ""reduce"": 1152}",ENGINE_SIGNAL_PRESENT_LEDGER_ZERO_TRADE,backtest_engine_fill_or_roundtrip_ledger,False
XTZ,okx:linear_perpetual:XTZ:USDT:USDT:perp,2953,9,0,9,2261,9,9,0,9,0,2953,0,1.0,2,0,0.0,True,mv2_decision_replay_series,False,0,"{"""": 60, ""blocked"": 12, ""enter_short"": 9, ""no_action"": 15, ""observe"": 596, ""reduce"": 2261}",ENGINE_SIGNAL_PRESENT_LEDGER_ZERO_TRADE,backtest_engine_fill_or_roundtrip_ledger,False
YFI,okx:linear_perpetual:YFI:USDT:USDT:perp,2953,2,0,2,2422,2,2,0,2,0,2953,0,1.0,1,0,0.0,True,mv2_decision_replay_series,False,0,"{"""": 60, ""blocked"": 17, ""enter_short"": 2, ""no_action"": 2, ""observe"": 450, ""reduce"": 2422}",ENGINE_SIGNAL_PRESENT_LEDGER_ZERO_TRADE,backtest_engine_fill_or_roundtrip_ledger,False
YGG,okx:linear_perpetual:YGG:USDT:USDT:perp,2953,6,0,6,2625,6,6,0,6,0,2953,0,1.0,1,0,0.0,True,mv2_decision_replay_series,False,0,"{"""": 60, ""blocked"": 54, ""enter_short"": 6, ""no_action"": 3, ""observe"": 205, ""reduce"": 2625}",ENGINE_SIGNAL_PRESENT_LEDGER_ZERO_TRADE,backtest_engine_fill_or_roundtrip_ledger,False
ZETA,okx:linear_perpetual:ZETA:USDT:USDT:perp,2953,276,1,275,41,276,276,0,276,0,2953,0,1.0,4,1,0.0036231884057971015,True,mv2_decision_replay_series,False,0,"{"""": 60, ""enter_long"": 1, ""enter_short"": 275, ""hold"": 62, ""no_action"": 229, ""observe"": 2285, ""reduce"": 41}",CONVERTED,NONE,False
ZIL,okx:linear_perpetual:ZIL:USDT:USDT:perp,2953,9,0,9,2201,9,9,0,9,0,2953,0,1.0,2,0,0.0,True,mv2_decision_replay_series,False,0,"{"""": 60, ""blocked"": 27, ""enter_short"": 9, ""no_action"": 15, ""observe"": 641, ""reduce"": 2201}",ENGINE_SIGNAL_PRESENT_LEDGER_ZERO_TRADE,backtest_engine_fill_or_roundtrip_ledger,False
ZRX,okx:linear_perpetual:ZRX:USDT:USDT:perp,2953,10,0,10,2520,10,10,0,10,0,2953,0,1.0,1,0,0.0,True,mv2_decision_replay_series,False,0,"{"""": 60, ""blocked"": 25, ""enter_short"": 10, ""no_action"": 10, ""observe"": 328, ""reduce"": 2520}",ENGINE_SIGNAL_PRESENT_LEDGER_ZERO_TRADE,backtest_engine_fill_or_roundtrip_ledger,False
