member_id,side,gross_pnl,fees,slippage,net_pnl,residual_gross_minus_fees_minus_slip_minus_net,exit_reason
okx:linear_perpetual:1INCH:USDT:USDT:perp,long,-50.0,3.9500000000000037,1.9750000000000019,-55.925000000000004,0.0,stop_loss
okx:linear_perpetual:1INCH:USDT:USDT:perp,short,-49.720374999999706,4.027350374999993,2.0136751874999965,-55.761400562499695,0.0,stop_loss
okx:linear_perpetual:1INCH:USDT:USDT:perp,short,-49.4415679971872,4.004767007772184,2.002383503886092,-55.44871850884548,7.105427357601002e-15,stop_loss
okx:linear_perpetual:1INCH:USDT:USDT:perp,short,-49.16432440464297,3.9823102767760963,1.9911551383880481,-55.13778981980711,0.0,stop_loss
okx:linear_perpetual:1INCH:USDT:USDT:perp,short,-48.88863545554395,3.959979471899075,1.9799897359495375,-54.82860466339256,0.0,stop_loss
okx:linear_perpetual:1INCH:USDT:USDT:perp,short,-48.61449243222698,3.937773887010409,1.9688869435052045,-54.521153262742594,0.0,stop_loss
okx:linear_perpetual:AAVE:USDT:USDT:perp,short,-50.0,4.0500000000000025,2.0250000000000012,-56.075,0.0,stop_loss
okx:linear_perpetual:ACH:USDT:USDT:perp,short,-49.99999999999977,4.049999999999999,2.0249999999999995,-56.074999999999775,7.105427357601002e-15,stop_loss
okx:linear_perpetual:ACH:USDT:USDT:perp,short,-49.71962499999977,4.027289625000002,2.013644812500001,-55.76055943749978,0.0,stop_loss
okx:linear_perpetual:ACH:USDT:USDT:perp,short,-49.44082220281227,4.004706598427814,2.002353299213907,-55.44788210045399,-7.105427357601002e-15,stop_loss
okx:linear_perpetual:ACH:USDT:USDT:perp,short,-49.16358279231,3.98225020617713,1.991125103088565,-55.13695810157569,0.0,stop_loss
okx:linear_perpetual:ACH:USDT:USDT:perp,short,-48.88789800180214,3.9599197381459934,1.9799598690729967,-54.82777760902113,0.0,stop_loss
okx:linear_perpetual:ACH:USDT:USDT:perp,short,-48.613759113756814,3.937714488214326,1.968857244107163,-54.5203308460783,0.0,stop_loss
okx:linear_perpetual:ADA:USDT:USDT:perp,long,-50.0,3.9499999999999993,1.9749999999999996,-55.925,-7.105427357601002e-15,stop_loss
okx:linear_perpetual:ADA:USDT:USDT:perp,short,-49.72037499999976,4.027350374999988,2.013675187499994,-55.761400562499745,0.0,stop_loss
okx:linear_perpetual:ADA:USDT:USDT:perp,short,-49.44156799718725,4.004767007772186,2.002383503886093,-55.44871850884553,0.0,stop_loss
okx:linear_perpetual:ADA:USDT:USDT:perp,short,-49.164324404643025,3.9823102767760954,1.9911551383880477,-55.13778981980717,0.0,stop_loss
okx:linear_perpetual:ADA:USDT:USDT:perp,short,-48.888635455544,3.9599794718990813,1.9799897359495406,-54.828604663392625,7.105427357601002e-15,stop_loss
okx:linear_perpetual:ADA:USDT:USDT:perp,short,-48.61449243222704,3.937773887010413,1.9688869435052065,-54.52115326274266,0.0,stop_loss
okx:linear_perpetual:AEVO:USDT:USDT:perp,short,1558.0821917808228,2.4419178082191793,1.2209589041095896,1554.419315068494,0.0,end_of_data
okx:linear_perpetual:AGLD:USDT:USDT:perp,short,-49.99999999999959,4.049999999999993,2.0249999999999964,-56.07499999999958,0.0,stop_loss
okx:linear_perpetual:ALGO:USDT:USDT:perp,long,-50.0,3.950000000000007,1.9750000000000034,-55.92500000000001,0.0,stop_loss
okx:linear_perpetual:ALGO:USDT:USDT:perp,short,-49.720374999999684,4.027350374999987,2.0136751874999934,-55.76140056249966,-7.105427357601002e-15,stop_loss
okx:linear_perpetual:ALGO:USDT:USDT:perp,short,-49.441567997187505,4.004767007772192,2.002383503886096,-55.448718508845786,-7.105427357601002e-15,stop_loss
okx:linear_perpetual:ALGO:USDT:USDT:perp,short,-49.164324404643274,3.982310276776112,1.991155138388056,-55.137789819807445,0.0,stop_loss
okx:linear_perpetual:ALGO:USDT:USDT:perp,short,-48.88863545554394,3.9599794718990733,1.9799897359495366,-54.828604663392554,0.0,stop_loss
okx:linear_perpetual:APE:USDT:USDT:perp,short,-49.99999999999962,4.049999999999997,2.0249999999999986,-56.07499999999962,0.0,stop_loss
okx:linear_perpetual:APE:USDT:USDT:perp,short,-49.71962500000001,4.027289625000004,2.013644812500002,-55.760559437500014,0.0,stop_loss
okx:linear_perpetual:API3:USDT:USDT:perp,long,-50.0,3.9499999999999913,1.9749999999999956,-55.92499999999998,0.0,stop_loss
okx:linear_perpetual:API3:USDT:USDT:perp,short,-49.72037499999962,4.027350374999993,2.0136751874999965,-55.76140056249961,0.0,stop_loss
okx:linear_perpetual:APT:USDT:USDT:perp,short,-50.0,4.05000000000001,2.025000000000005,-56.07500000000002,0.0,stop_loss
okx:linear_perpetual:APT:USDT:USDT:perp,short,-49.71962499999956,4.027289624999996,2.013644812499998,-55.76055943749955,0.0,stop_loss
okx:linear_perpetual:APT:USDT:USDT:perp,short,-49.44082220281208,4.004706598427807,2.0023532992139037,-55.44788210045379,0.0,stop_loss
okx:linear_perpetual:APT:USDT:USDT:perp,short,-49.16358279231002,3.98225020617713,1.991125103088565,-55.13695810157571,0.0,stop_loss
okx:linear_perpetual:APT:USDT:USDT:perp,short,-48.88789800180194,3.959919738145985,1.9799598690729925,-54.82777760902092,0.0,stop_loss
okx:linear_perpetual:APT:USDT:USDT:perp,short,-48.61375911375703,3.937714488214338,1.968857244107169,-54.52033084607854,0.0,stop_loss
okx:linear_perpetual:APT:USDT:USDT:perp,short,-48.34115745952647,3.915633754221669,1.9578168771108344,-54.214608090858974,0.0,stop_loss
okx:linear_perpetual:AR:USDT:USDT:perp,long,-50.0,3.950000000000009,1.9750000000000045,-55.92500000000001,0.0,stop_loss
okx:linear_perpetual:AR:USDT:USDT:perp,long,-49.720375000000004,3.927909624999988,1.963954812499994,-55.61223943749999,0.0,stop_loss
okx:linear_perpetual:AR:USDT:USDT:perp,long,-49.44231380281251,3.905942790422173,1.9529713952110865,-55.30122798844577,0.0,stop_loss
okx:linear_perpetual:AR:USDT:USDT:perp,short,-49.16580766287028,3.9824304206924923,1.9912152103462462,-55.139453293909014,-7.105427357601002e-15,stop_loss
okx:linear_perpetual:AR:USDT:USDT:perp,short,-48.89011039640038,3.9600989421084476,1.9800494710542238,-54.830258809563055,7.105427357601002e-15,stop_loss
okx:linear_perpetual:AR:USDT:USDT:perp,short,-48.61595910235255,3.9378926872905717,1.9689463436452859,-54.522798133288404,0.0,stop_loss
okx:linear_perpetual:AR:USDT:USDT:perp,short,-48.343345111686475,3.9158109540466146,1.9579054770233073,-54.2170615427564,0.0,stop_loss
okx:linear_perpetual:AR:USDT:USDT:perp,short,-48.072259803972344,3.8938530441217862,1.9469265220608931,-53.91303937015502,0.0,stop_loss
okx:linear_perpetual:ARB:USDT:USDT:perp,long,-50.0,3.949999999999994,1.974999999999997,-55.92499999999999,0.0,stop_loss
okx:linear_perpetual:ARB:USDT:USDT:perp,short,-49.720374999999784,4.02735037499999,2.013675187499995,-55.761400562499766,-7.105427357601002e-15,stop_loss
okx:linear_perpetual:ARB:USDT:USDT:perp,short,-49.441567997187285,4.004767007772179,2.0023835038860893,-55.44871850884555,0.0,stop_loss
okx:linear_perpetual:ARB:USDT:USDT:perp,short,-49.164324404643054,3.9823102767760936,1.9911551383880468,-55.137789819807196,7.105427357601002e-15,stop_loss
okx:linear_perpetual:ARB:USDT:USDT:perp,short,-48.88863545554424,3.9599794718990866,1.9799897359495433,-54.828604663392866,-7.105427357601002e-15,stop_loss
okx:linear_perpetual:ATOM:USDT:USDT:perp,short,1009.3518921270089,2.9906481078729796,1.4953240539364898,1004.8659199651994,0.0,end_of_data
okx:linear_perpetual:AUCTION:USDT:USDT:perp,long,-50.0,3.9499999999999824,1.9749999999999912,-55.924999999999976,0.0,stop_loss
okx:linear_perpetual:AUCTION:USDT:USDT:perp,short,-49.720374999999784,4.027350374999999,2.0136751874999996,-55.76140056249978,0.0,stop_loss
okx:linear_perpetual:AUCTION:USDT:USDT:perp,short,-49.441567997187086,4.004767007772168,2.002383503886084,-55.44871850884534,0.0,stop_loss
okx:linear_perpetual:AVAX:USDT:USDT:perp,short,-50.0,4.050000000000011,2.0250000000000057,-56.07500000000002,0.0,stop_loss
okx:linear_perpetual:AVAX:USDT:USDT:perp,short,-49.7196249999996,4.0272896249999866,2.0136448124999933,-55.76055943749958,0.0,stop_loss
okx:linear_perpetual:AXS:USDT:USDT:perp,long,-50.0,3.9499999999999904,1.9749999999999952,-55.92499999999998,0.0,stop_loss
okx:linear_perpetual:AXS:USDT:USDT:perp,short,-49.720375000000004,4.0273503750000055,2.0136751875000027,-55.761400562500015,0.0,stop_loss
okx:linear_perpetual:BAND:USDT:USDT:perp,long,-50.0,3.9499999999999966,1.9749999999999983,-55.925,0.0,stop_loss
okx:linear_perpetual:BAND:USDT:USDT:perp,short,-49.72037499999971,4.027350374999993,2.0136751874999965,-55.7614005624997,0.0,stop_loss
okx:linear_perpetual:BAT:USDT:USDT:perp,short,-49.99999999999977,4.049999999999992,2.024999999999996,-56.07499999999976,0.0,stop_loss
okx:linear_perpetual:BAT:USDT:USDT:perp,short,-49.71962499999978,4.027289624999996,2.013644812499998,-55.76055943749977,0.0,stop_loss
okx:linear_perpetual:BAT:USDT:USDT:perp,short,-49.44082220281226,4.004706598427815,2.0023532992139077,-55.44788210045398,0.0,stop_loss
okx:linear_perpetual:BAT:USDT:USDT:perp,short,-49.16358279231,3.9822502061771177,1.9911251030885588,-55.13695810157568,0.0,stop_loss
okx:linear_perpetual:BAT:USDT:USDT:perp,short,-48.887898001802135,3.9599197381459827,1.9799598690729914,-54.82777760902111,0.0,stop_loss
okx:linear_perpetual:BAT:USDT:USDT:perp,short,-48.61375911375703,3.937714488214334,1.968857244107167,-54.52033084607853,0.0,stop_loss
okx:linear_perpetual:BCH:USDT:USDT:perp,long,-50.0,3.9499999999999957,1.9749999999999979,-55.925,0.0,stop_loss
okx:linear_perpetual:BCH:USDT:USDT:perp,short,-49.720374999999734,4.027350374999998,2.013675187499999,-55.76140056249973,0.0,stop_loss
okx:linear_perpetual:BCH:USDT:USDT:perp,short,-49.44156799718724,4.004767007772175,2.0023835038860875,-55.44871850884551,7.105427357601002e-15,stop_loss
okx:linear_perpetual:BICO:USDT:USDT:perp,short,-49.99999999999976,4.049999999999992,2.024999999999996,-56.07499999999975,0.0,stop_loss
okx:linear_perpetual:BICO:USDT:USDT:perp,short,-49.719624999999766,4.027289624999995,2.0136448124999977,-55.76055943749976,0.0,stop_loss
okx:linear_perpetual:BICO:USDT:USDT:perp,short,-49.440822202812264,4.004706598427809,2.0023532992139046,-55.44788210045398,0.0,stop_loss
okx:linear_perpetual:BICO:USDT:USDT:perp,short,-49.16358279231024,3.9822502061771345,1.9911251030885673,-55.136958101575935,-7.105427357601002e-15,stop_loss
okx:linear_perpetual:BIGTIME:USDT:USDT:perp,short,-50.0,4.050000000000008,2.025000000000004,-56.07500000000001,-7.105427357601002e-15,stop_loss
okx:linear_perpetual:BIGTIME:USDT:USDT:perp,short,-49.71962499999969,4.027289624999998,2.013644812499999,-55.76055943749968,-7.105427357601002e-15,stop_loss
okx:linear_perpetual:BIGTIME:USDT:USDT:perp,short,-49.4408222028125,4.004706598427815,2.0023532992139077,-55.44788210045422,0.0,stop_loss
okx:linear_perpetual:BIGTIME:USDT:USDT:perp,short,-49.163582792309924,3.9822502061771243,1.9911251030885622,-55.136958101575615,0.0,stop_loss
okx:linear_perpetual:BIGTIME:USDT:USDT:perp,short,-48.88789800180204,3.9599197381459907,1.9799598690729954,-54.82777760902103,0.0,stop_loss
okx:linear_perpetual:BIGTIME:USDT:USDT:perp,short,-48.61375911375694,3.937714488214322,1.968857244107161,-54.52033084607842,-7.105427357601002e-15,stop_loss
okx:linear_perpetual:BIGTIME:USDT:USDT:perp,short,-48.34115745952655,3.9156337542216693,1.9578168771108346,-54.21460809085906,7.105427357601002e-15,stop_loss
okx:linear_perpetual:BIGTIME:USDT:USDT:perp,short,-48.070084419072266,3.893676837944865,1.9468384189724326,-53.91059967598956,-7.105427357601002e-15,stop_loss
okx:linear_perpetual:BLUR:USDT:USDT:perp,short,-49.99999999999972,4.050000000000001,2.0250000000000004,-56.074999999999726,0.0,stop_loss
okx:linear_perpetual:BLUR:USDT:USDT:perp,short,-49.71962499999973,4.0272896250000025,2.0136448125000013,-55.76055943749974,0.0,stop_loss
okx:linear_perpetual:BLUR:USDT:USDT:perp,short,-49.440822202812235,4.004706598427815,2.0023532992139077,-55.44788210045395,-7.105427357601002e-15,stop_loss
okx:linear_perpetual:BNB:USDT:USDT:perp,long,-50.0,3.9499999999999824,1.9749999999999912,-55.924999999999976,0.0,stop_loss
okx:linear_perpetual:BONK:USDT:USDT:perp,short,-49.999999999999744,4.050000000000001,2.0250000000000004,-56.07499999999975,7.105427357601002e-15,stop_loss
okx:linear_perpetual:BONK:USDT:USDT:perp,short,-49.71962500000001,4.027289625000005,2.0136448125000026,-55.760559437500014,-7.105427357601002e-15,stop_loss
okx:linear_perpetual:BONK:USDT:USDT:perp,short,-49.44082220281226,4.004706598427816,2.002353299213908,-55.44788210045398,0.0,stop_loss
okx:linear_perpetual:BONK:USDT:USDT:perp,short,-49.16358279231002,3.9822502061771248,1.9911251030885624,-55.1369581015757,-7.105427357601002e-15,stop_loss
okx:linear_perpetual:CELO:USDT:USDT:perp,short,-49.99999999999972,4.049999999999995,2.0249999999999977,-56.07499999999971,-7.105427357601002e-15,stop_loss
okx:linear_perpetual:CFX:USDT:USDT:perp,short,-49.99999999999975,4.0499999999999865,2.0249999999999932,-56.07499999999973,0.0,stop_loss
okx:linear_perpetual:CFX:USDT:USDT:perp,short,-49.71962500000001,4.027289625000005,2.0136448125000026,-55.760559437500014,-7.105427357601002e-15,stop_loss
okx:linear_perpetual:CHZ:USDT:USDT:perp,short,-49.99999999999977,4.0499999999999945,2.0249999999999972,-56.07499999999977,0.0,stop_loss
okx:linear_perpetual:CHZ:USDT:USDT:perp,short,-49.719624999999766,4.027289624999993,2.0136448124999964,-55.76055943749976,0.0,stop_loss
okx:linear_perpetual:CHZ:USDT:USDT:perp,short,-49.440822202812505,4.004706598427819,2.0023532992139095,-55.44788210045424,7.105427357601002e-15,stop_loss
okx:linear_perpetual:CHZ:USDT:USDT:perp,short,-49.16358279231001,3.9822502061771186,1.9911251030885593,-55.136958101575686,0.0,stop_loss
okx:linear_perpetual:COMP:USDT:USDT:perp,short,-49.999999999999744,4.049999999999992,2.024999999999996,-56.07499999999973,0.0,stop_loss
okx:linear_perpetual:COMP:USDT:USDT:perp,short,-49.71962499999975,4.027289624999994,2.013644812499997,-55.760559437499744,0.0,stop_loss
okx:linear_perpetual:COMP:USDT:USDT:perp,short,-49.44082220281226,4.004706598427815,2.0023532992139077,-55.44788210045398,0.0,stop_loss
okx:linear_perpetual:COMP:USDT:USDT:perp,short,-49.16358279231,3.9822502061771208,1.9911251030885604,-55.136958101575686,0.0,stop_loss
okx:linear_perpetual:CORE:USDT:USDT:perp,short,-49.99999999999957,4.0499999999999945,2.0249999999999972,-56.074999999999555,-7.105427357601002e-15,stop_loss
okx:linear_perpetual:CRO:USDT:USDT:perp,long,-50.0,3.9499999999999975,1.9749999999999988,-55.925,0.0,stop_loss
okx:linear_perpetual:CRO:USDT:USDT:perp,short,-49.720374999999564,4.027350374999994,2.013675187499997,-55.76140056249955,-7.105427357601002e-15,stop_loss
okx:linear_perpetual:CRO:USDT:USDT:perp,short,682.5982847365216,3.272727155038469,1.6363635775192344,677.6891940039638,0.0,end_of_data
okx:linear_perpetual:CRV:USDT:USDT:perp,short,-49.999999999999744,4.050000000000001,2.0250000000000004,-56.07499999999975,7.105427357601002e-15,stop_loss
okx:linear_perpetual:DOGE:USDT:USDT:perp,short,-49.999999999999616,4.049999999999998,2.024999999999999,-56.07499999999961,0.0,stop_loss
okx:linear_perpetual:DOGE:USDT:USDT:perp,short,-49.71962499999962,4.027289624999993,2.0136448124999964,-55.76055943749961,0.0,stop_loss
okx:linear_perpetual:DOGE:USDT:USDT:perp,short,-49.44082220281214,4.0047065984278,2.0023532992139,-55.447882100453846,0.0,stop_loss
okx:linear_perpetual:DOGE:USDT:USDT:perp,short,-49.16358279231024,3.9822502061771283,1.9911251030885642,-55.13695810157593,0.0,stop_loss
okx:linear_perpetual:DOT:USDT:USDT:perp,long,-50.0,3.9500000000000046,1.9750000000000023,-55.925000000000004,0.0,stop_loss
okx:linear_perpetual:DOT:USDT:USDT:perp,short,-49.720375000000004,4.0273503750000055,2.0136751875000027,-55.761400562500015,0.0,stop_loss
okx:linear_perpetual:DOT:USDT:USDT:perp,short,-49.44156799718726,4.004767007772181,2.0023835038860907,-55.44871850884553,-7.105427357601002e-15,stop_loss
okx:linear_perpetual:DYDX:USDT:USDT:perp,short,-49.99999999999959,4.049999999999979,2.0249999999999897,-56.074999999999555,-7.105427357601002e-15,stop_loss
okx:linear_perpetual:DYDX:USDT:USDT:perp,short,-49.71962500000001,4.0272896250000105,2.0136448125000053,-55.76055943750003,7.105427357601002e-15,stop_loss
okx:linear_perpetual:DYDX:USDT:USDT:perp,short,-49.440822202812505,4.004706598427812,2.002353299213906,-55.44788210045422,0.0,stop_loss
okx:linear_perpetual:DYDX:USDT:USDT:perp,short,1117.902807968677,2.8151838154161375,1.4075919077080687,1113.6800322455526,2.2737367544323206e-13,end_of_data
okx:linear_perpetual:EGLD:USDT:USDT:perp,short,-49.99999999999966,4.049999999999999,2.0249999999999995,-56.07499999999966,7.105427357601002e-15,stop_loss
okx:linear_perpetual:EGLD:USDT:USDT:perp,short,-49.71962500000001,4.027289625000009,2.0136448125000044,-55.76055943750002,0.0,stop_loss
okx:linear_perpetual:EGLD:USDT:USDT:perp,short,-49.440822202812505,4.0047065984278145,2.0023532992139073,-55.44788210045422,-7.105427357601002e-15,stop_loss
okx:linear_perpetual:EGLD:USDT:USDT:perp,short,-49.16358279231024,3.982250206177139,1.9911251030885695,-55.13695810157594,-7.105427357601002e-15,stop_loss
okx:linear_perpetual:EGLD:USDT:USDT:perp,short,-48.88789800180202,3.959919738145984,1.979959869072992,-54.827777609021,0.0,stop_loss
okx:linear_perpetual:ENJ:USDT:USDT:perp,short,-49.99999999999963,4.0499999999999865,2.0249999999999932,-56.07499999999961,7.105427357601002e-15,stop_loss
okx:linear_perpetual:ENJ:USDT:USDT:perp,short,-49.71962500000001,4.027289625000007,2.0136448125000035,-55.760559437500014,-7.105427357601002e-15,stop_loss
okx:linear_perpetual:ENS:USDT:USDT:perp,short,-50.0,4.050000000000004,2.025000000000002,-56.07500000000001,7.105427357601002e-15,stop_loss
okx:linear_perpetual:ENS:USDT:USDT:perp,short,-49.719624999999766,4.027289624999991,2.0136448124999955,-55.76055943749976,0.0,stop_loss
okx:linear_perpetual:ENS:USDT:USDT:perp,short,-49.44082220281227,4.004706598427812,2.002353299213906,-55.44788210045399,0.0,stop_loss
okx:linear_perpetual:ENS:USDT:USDT:perp,short,-49.16358279231,3.982250206177116,1.991125103088558,-55.13695810157568,7.105427357601002e-15,stop_loss
okx:linear_perpetual:ETC:USDT:USDT:perp,short,-49.99999999999974,4.049999999999988,2.024999999999994,-56.07499999999972,0.0,stop_loss
okx:linear_perpetual:ETH:USDT:USDT:perp,short,-49.99999999999968,4.050000000000001,2.0250000000000004,-56.07499999999968,0.0,stop_loss
okx:linear_perpetual:ETH:USDT:USDT:perp,short,-49.719624999999695,4.027289625,2.0136448125,-55.7605594374997,7.105427357601002e-15,stop_loss
okx:linear_perpetual:ETH:USDT:USDT:perp,short,-49.44082220281222,4.004706598427815,2.0023532992139077,-55.44788210045394,-7.105427357601002e-15,stop_loss
okx:linear_perpetual:ETHFI:USDT:USDT:perp,long,-50.00000000000001,3.9499999999999975,1.9749999999999988,-55.925000000000004,0.0,stop_loss
okx:linear_perpetual:ETHW:USDT:USDT:perp,short,-49.999999999999766,4.049999999999997,2.0249999999999986,-56.07499999999976,0.0,stop_loss
okx:linear_perpetual:ETHW:USDT:USDT:perp,short,-49.719624999999745,4.027289625000003,2.0136448125000017,-55.76055943749975,0.0,stop_loss
okx:linear_perpetual:ETHW:USDT:USDT:perp,short,-49.44082220281225,4.004706598427807,2.0023532992139037,-55.44788210045396,0.0,stop_loss
okx:linear_perpetual:ETHW:USDT:USDT:perp,short,-49.16358279231,3.982250206177117,1.9911251030885584,-55.13695810157568,0.0,stop_loss
okx:linear_perpetual:ETHW:USDT:USDT:perp,short,-48.88789800180213,3.959919738145984,1.979959869072992,-54.827777609021105,0.0,stop_loss
okx:linear_perpetual:FIL:USDT:USDT:perp,short,-49.99999999999971,4.050000000000002,2.025000000000001,-56.07499999999971,0.0,stop_loss
okx:linear_perpetual:FLOKI:USDT:USDT:perp,long,-50.0,3.9499999999999913,1.9749999999999956,-55.92499999999998,0.0,stop_loss
okx:linear_perpetual:FLOKI:USDT:USDT:perp,short,-49.720374999999684,4.027350374999994,2.013675187499997,-55.761400562499674,0.0,stop_loss
okx:linear_perpetual:FLOKI:USDT:USDT:perp,short,-49.44156799718719,4.0047670077721795,2.0023835038860898,-55.44871850884546,0.0,stop_loss
okx:linear_perpetual:FLOKI:USDT:USDT:perp,short,-49.164324404642976,3.982310276776096,1.991155138388048,-55.13778981980712,0.0,stop_loss
okx:linear_perpetual:FLOKI:USDT:USDT:perp,short,-48.88863545554395,3.9599794718990777,1.9799897359495389,-54.82860466339256,0.0,stop_loss
okx:linear_perpetual:FLOKI:USDT:USDT:perp,short,-48.61449243222699,3.9377738870104086,1.9688869435052043,-54.5211532627426,0.0,stop_loss
okx:linear_perpetual:FLOKI:USDT:USDT:perp,short,-48.341886665913286,3.9156928199389944,1.9578464099694972,-54.215425895821774,-7.105427357601002e-15,stop_loss
okx:linear_perpetual:FLOKI:USDT:USDT:perp,short,-48.07080953643418,3.893735572451183,1.9468677862255914,-53.911412895110956,0.0,stop_loss
okx:linear_perpetual:FLOW:USDT:USDT:perp,long,-50.00000000000001,3.9500000000000015,1.9750000000000008,-55.92500000000001,0.0,stop_loss
okx:linear_perpetual:FLOW:USDT:USDT:perp,short,-49.72037499999975,4.027350374999986,2.013675187499993,-55.76140056249973,7.105427357601002e-15,stop_loss
okx:linear_perpetual:FLOW:USDT:USDT:perp,short,-49.441567997187256,4.004767007772191,2.0023835038860955,-55.44871850884554,-7.105427357601002e-15,stop_loss
okx:linear_perpetual:FLOW:USDT:USDT:perp,short,-49.16432440464301,3.9823102767760963,1.9911551383880481,-55.13778981980715,0.0,stop_loss
okx:linear_perpetual:FLOW:USDT:USDT:perp,short,-48.888635455543984,3.9599794718990733,1.9799897359495366,-54.828604663392596,0.0,stop_loss
okx:linear_perpetual:FLOW:USDT:USDT:perp,short,-48.614492432227024,3.9377738870104038,1.9688869435052019,-54.52115326274264,7.105427357601002e-15,stop_loss
okx:linear_perpetual:FLOW:USDT:USDT:perp,short,-48.34188666591332,3.9156928199389993,1.9578464099694997,-54.215425895821824,7.105427357601002e-15,stop_loss
okx:linear_perpetual:FLOW:USDT:USDT:perp,short,-48.070809536434204,3.8937355724511793,1.9468677862255896,-53.91141289511097,0.0,stop_loss
okx:linear_perpetual:GALA:USDT:USDT:perp,short,-49.99999999999969,4.049999999999994,2.024999999999997,-56.074999999999676,-7.105427357601002e-15,stop_loss
okx:linear_perpetual:GALA:USDT:USDT:perp,short,-49.71962500000001,4.027289625000007,2.0136448125000035,-55.760559437500014,-7.105427357601002e-15,stop_loss
okx:linear_perpetual:GALA:USDT:USDT:perp,short,-49.440822202812505,4.004706598427818,2.002353299213909,-55.44788210045424,7.105427357601002e-15,stop_loss
okx:linear_perpetual:GALA:USDT:USDT:perp,short,-49.16358279230991,3.9822502061771288,1.9911251030885644,-55.1369581015756,0.0,stop_loss
okx:linear_perpetual:GALA:USDT:USDT:perp,short,-48.88789800180236,3.959919738145997,1.9799598690729985,-54.82777760902136,0.0,stop_loss
okx:linear_perpetual:GAS:USDT:USDT:perp,long,-50.0,3.9499999999999984,1.9749999999999992,-55.925,0.0,stop_loss
okx:linear_perpetual:GMT:USDT:USDT:perp,short,-49.99999999999975,4.04999999999999,2.024999999999995,-56.07499999999973,0.0,stop_loss
okx:linear_perpetual:GMT:USDT:USDT:perp,short,-49.71962499999975,4.027289624999989,2.0136448124999946,-55.76055943749974,0.0,stop_loss
okx:linear_perpetual:GMT:USDT:USDT:perp,short,-49.440822202812505,4.004706598427819,2.0023532992139095,-55.44788210045424,7.105427357601002e-15,stop_loss
okx:linear_perpetual:GMX:USDT:USDT:perp,long,-50.00000000000001,3.949999999999997,1.9749999999999985,-55.925000000000004,0.0,stop_loss
okx:linear_perpetual:GMX:USDT:USDT:perp,short,-49.72037499999971,4.027350375000001,2.0136751875000005,-55.761400562499716,0.0,stop_loss
okx:linear_perpetual:GMX:USDT:USDT:perp,short,-49.44156799718722,4.00476700777218,2.00238350388609,-55.44871850884549,0.0,stop_loss
okx:linear_perpetual:GMX:USDT:USDT:perp,short,-49.164324404643,3.9823102767760945,1.9911551383880473,-55.13778981980714,0.0,stop_loss
okx:linear_perpetual:GRT:USDT:USDT:perp,long,-50.0,3.9500000000000095,1.9750000000000048,-55.92500000000001,0.0,stop_loss
okx:linear_perpetual:HBAR:USDT:USDT:perp,long,-50.0,3.9500000000000015,1.9750000000000008,-55.925,-7.105427357601002e-15,stop_loss
okx:linear_perpetual:HBAR:USDT:USDT:perp,short,-49.720374999999756,4.027350374999993,2.0136751874999965,-55.761400562499745,0.0,stop_loss
okx:linear_perpetual:ICP:USDT:USDT:perp,long,-50.0,3.9499999999999913,1.9749999999999956,-55.92499999999998,0.0,stop_loss
okx:linear_perpetual:ICP:USDT:USDT:perp,short,-49.720375000000004,4.027350375000005,2.0136751875000023,-55.761400562500015,0.0,stop_loss
okx:linear_perpetual:ICP:USDT:USDT:perp,short,869.8841287194291,3.0854413110555776,1.5427206555277888,865.2559667528458,0.0,end_of_data
okx:linear_perpetual:ICX:USDT:USDT:perp,long,-50.0,3.949999999999997,1.9749999999999985,-55.925,0.0,stop_loss
okx:linear_perpetual:ICX:USDT:USDT:perp,short,-49.72037499999974,4.0273503749999975,2.0136751874999987,-55.76140056249974,0.0,stop_loss
okx:linear_perpetual:ICX:USDT:USDT:perp,short,-49.44156799718724,4.004767007772189,2.0023835038860947,-55.44871850884552,0.0,stop_loss
okx:linear_perpetual:IMX:USDT:USDT:perp,long,-50.0,3.949999999999989,1.9749999999999945,-55.92499999999998,0.0,stop_loss
okx:linear_perpetual:IMX:USDT:USDT:perp,long,-49.720375000000004,3.9279096249999927,1.9639548124999964,-55.612239437499994,0.0,stop_loss
okx:linear_perpetual:IMX:USDT:USDT:perp,long,-49.44231380281251,3.9059427904221753,1.9529713952110876,-55.30122798844577,0.0,stop_loss
okx:linear_perpetual:IMX:USDT:USDT:perp,short,-49.16580766287028,3.9824304206924923,1.9912152103462462,-55.139453293909014,-7.105427357601002e-15,stop_loss
okx:linear_perpetual:IMX:USDT:USDT:perp,short,-48.890110396400736,3.960098942108469,1.9800494710542345,-54.83025880956344,0.0,stop_loss
okx:linear_perpetual:IMX:USDT:USDT:perp,short,-48.615959102352534,3.937892687290571,1.9689463436452854,-54.52279813328839,0.0,stop_loss
okx:linear_perpetual:INJ:USDT:USDT:perp,long,-50.0,3.9499999999999957,1.9749999999999979,-55.925,0.0,stop_loss
okx:linear_perpetual:INJ:USDT:USDT:perp,short,-49.72037499999972,4.027350374999992,2.013675187499996,-55.76140056249971,0.0,stop_loss
okx:linear_perpetual:INJ:USDT:USDT:perp,short,-49.4415679971872,4.004767007772185,2.0023835038860924,-55.44871850884548,0.0,stop_loss
okx:linear_perpetual:INJ:USDT:USDT:perp,short,-49.164324404643274,3.9823102767761096,1.9911551383880548,-55.13778981980744,0.0,stop_loss
okx:linear_perpetual:IOST:USDT:USDT:perp,long,-50.0,3.9500000000000095,1.9750000000000048,-55.92500000000001,0.0,stop_loss
okx:linear_perpetual:IOST:USDT:USDT:perp,short,-49.72037499999962,4.0273503749999975,2.0136751874999987,-55.76140056249962,0.0,stop_loss
okx:linear_perpetual:IOST:USDT:USDT:perp,short,-49.44156799718709,4.0047670077721795,2.0023835038860898,-55.44871850884536,0.0,stop_loss
okx:linear_perpetual:IOST:USDT:USDT:perp,short,-49.164324404642876,3.9823102767760883,1.9911551383880441,-55.137789819807004,-7.105427357601002e-15,stop_loss
okx:linear_perpetual:IOST:USDT:USDT:perp,short,-48.88863545554425,3.959979471899082,1.979989735949541,-54.82860466339287,7.105427357601002e-15,stop_loss
okx:linear_perpetual:IOST:USDT:USDT:perp,short,-48.6144924322269,3.9377738870104033,1.9688869435052017,-54.5211532627425,-7.105427357601002e-15,stop_loss
okx:linear_perpetual:IOST:USDT:USDT:perp,short,927.0031540790286,2.940347779194041,1.4701738895970204,922.5926324102375,1.1368683772161603e-13,end_of_data
okx:linear_perpetual:IOTA:USDT:USDT:perp,long,-50.0,3.9499999999999993,1.9749999999999996,-55.925,-7.105427357601002e-15,stop_loss
okx:linear_perpetual:IOTA:USDT:USDT:perp,short,-49.72037499999975,4.027350374999991,2.0136751874999956,-55.76140056249974,0.0,stop_loss
okx:linear_perpetual:IOTA:USDT:USDT:perp,short,-49.44156799718723,4.004767007772188,2.002383503886094,-55.44871850884551,0.0,stop_loss
okx:linear_perpetual:IOTA:USDT:USDT:perp,short,-49.16432440464301,3.9823102767760954,1.9911551383880477,-55.13778981980715,0.0,stop_loss
okx:linear_perpetual:IOTA:USDT:USDT:perp,short,-48.88863545554398,3.9599794718990866,1.9799897359495433,-54.8286046633926,-7.105427357601002e-15,stop_loss
okx:linear_perpetual:IOTA:USDT:USDT:perp,short,-48.61449243222702,3.937773887010397,1.9688869435051986,-54.521153262742615,7.105427357601002e-15,stop_loss
okx:linear_perpetual:JTO:USDT:USDT:perp,long,-49.99999999999999,3.949999999999987,1.9749999999999934,-55.924999999999976,0.0,stop_loss
okx:linear_perpetual:JTO:USDT:USDT:perp,short,-49.720374999999756,4.027350375000002,2.013675187500001,-55.76140056249976,0.0,stop_loss
okx:linear_perpetual:JTO:USDT:USDT:perp,short,-49.44156799718751,4.004767007772195,2.0023835038860973,-55.44871850884581,7.105427357601002e-15,stop_loss
okx:linear_perpetual:JUP:USDT:USDT:perp,long,-50.0,3.9499999999999904,1.9749999999999952,-55.92499999999998,0.0,stop_loss
okx:linear_perpetual:JUP:USDT:USDT:perp,short,-49.72037499999957,4.027350374999993,2.0136751874999965,-55.76140056249956,0.0,stop_loss
okx:linear_perpetual:JUP:USDT:USDT:perp,short,-49.44156799718708,4.004767007772176,2.002383503886088,-55.448718508845346,7.105427357601002e-15,stop_loss
okx:linear_perpetual:KSM:USDT:USDT:perp,short,-49.99999999999976,4.0499999999999945,2.0249999999999972,-56.07499999999975,-7.105427357601002e-15,stop_loss
okx:linear_perpetual:KSM:USDT:USDT:perp,short,-49.719624999999766,4.027289624999993,2.0136448124999964,-55.76055943749976,0.0,stop_loss
okx:linear_perpetual:KSM:USDT:USDT:perp,short,-49.44082220281227,4.00470659842781,2.002353299213905,-55.44788210045399,0.0,stop_loss
okx:linear_perpetual:KSM:USDT:USDT:perp,short,-49.16358279231,3.9822502061771194,1.9911251030885597,-55.13695810157568,0.0,stop_loss
okx:linear_perpetual:LDO:USDT:USDT:perp,long,-50.0,3.950000000000003,1.9750000000000014,-55.925000000000004,0.0,stop_loss
okx:linear_perpetual:LDO:USDT:USDT:perp,short,-49.720374999999784,4.0273503749999975,2.0136751874999987,-55.76140056249978,0.0,stop_loss
okx:linear_perpetual:LDO:USDT:USDT:perp,short,-49.44156799718728,4.004767007772182,2.002383503886091,-55.448718508845545,-7.105427357601002e-15,stop_loss
okx:linear_perpetual:LDO:USDT:USDT:perp,short,-49.164324404643274,3.9823102767761105,1.9911551383880552,-55.137789819807445,7.105427357601002e-15,stop_loss
okx:linear_perpetual:LDO:USDT:USDT:perp,short,-48.88863545554402,3.9599794718990813,1.9799897359495406,-54.82860466339264,0.0,stop_loss
okx:linear_perpetual:LDO:USDT:USDT:perp,short,-48.614492432226854,3.937773887010402,1.968886943505201,-54.52115326274245,-7.105427357601002e-15,stop_loss
okx:linear_perpetual:LDO:USDT:USDT:perp,short,-48.34188666591316,3.9156928199389895,1.9578464099694948,-54.215425895821646,7.105427357601002e-15,stop_loss
okx:linear_perpetual:LDO:USDT:USDT:perp,short,-48.07080953643445,3.8937355724512015,1.9468677862256007,-53.911412895111255,0.0,stop_loss
okx:linear_perpetual:LDO:USDT:USDT:perp,short,-47.8012524719585,3.8719014502286635,1.9359507251143317,-53.60910464730149,0.0,stop_loss
okx:linear_perpetual:LDO:USDT:USDT:perp,short,-47.533206948722,3.8501897628465107,1.9250948814232554,-53.308491592991764,0.0,stop_loss
okx:linear_perpetual:LINK:USDT:USDT:perp,short,-49.99999999999975,4.050000000000001,2.0250000000000004,-56.074999999999754,0.0,stop_loss
okx:linear_perpetual:LPT:USDT:USDT:perp,long,-50.0,3.9499999999999913,1.9749999999999956,-55.92499999999998,0.0,stop_loss
okx:linear_perpetual:LPT:USDT:USDT:perp,short,-49.720375000000004,4.027350375000006,2.013675187500003,-55.761400562500015,0.0,stop_loss
okx:linear_perpetual:LPT:USDT:USDT:perp,short,-49.441567997187505,4.004767007772193,2.0023835038860964,-55.4487185088458,7.105427357601002e-15,stop_loss
okx:linear_perpetual:LPT:USDT:USDT:perp,short,-49.16432440464301,3.982310276776108,1.991155138388054,-55.13778981980717,0.0,stop_loss
okx:linear_perpetual:LPT:USDT:USDT:perp,short,-48.888635455543984,3.9599794718990706,1.9799897359495353,-54.82860466339259,0.0,stop_loss
okx:linear_perpetual:LQTY:USDT:USDT:perp,long,-50.0,3.9499999999999913,1.9749999999999956,-55.92499999999998,0.0,stop_loss
okx:linear_perpetual:LQTY:USDT:USDT:perp,short,-49.720375000000004,4.0273503750000135,2.0136751875000067,-55.76140056250002,0.0,stop_loss
okx:linear_perpetual:LQTY:USDT:USDT:perp,short,-49.441567997187086,4.004767007772173,2.0023835038860867,-55.448718508845346,0.0,stop_loss
okx:linear_perpetual:LQTY:USDT:USDT:perp,short,-49.164324404643054,3.9823102767760954,1.9911551383880477,-55.137789819807196,0.0,stop_loss
okx:linear_perpetual:LQTY:USDT:USDT:perp,short,-48.88863545554424,3.959979471899087,1.9799897359495435,-54.828604663392866,-7.105427357601002e-15,stop_loss
okx:linear_perpetual:LQTY:USDT:USDT:perp,short,-48.61449243222727,3.9377738870104153,1.9688869435052077,-54.5211532627429,0.0,stop_loss
okx:linear_perpetual:LQTY:USDT:USDT:perp,short,-48.34188666591316,3.9156928199389784,1.9578464099694892,-54.215425895821625,0.0,stop_loss
okx:linear_perpetual:LQTY:USDT:USDT:perp,short,-48.070809536434446,3.8937355724511926,1.9468677862255963,-53.91141289511123,0.0,stop_loss
okx:linear_perpetual:LRC:USDT:USDT:perp,long,-50.0,3.949999999999994,1.974999999999997,-55.92499999999999,0.0,stop_loss
okx:linear_perpetual:LRC:USDT:USDT:perp,short,-49.72037499999956,4.027350374999994,2.013675187499997,-55.761400562499546,0.0,stop_loss
okx:linear_perpetual:LRC:USDT:USDT:perp,short,-49.441567997187505,4.004767007772186,2.002383503886093,-55.448718508845786,0.0,stop_loss
okx:linear_perpetual:LRC:USDT:USDT:perp,short,-49.164324404643274,3.9823102767761034,1.9911551383880517,-55.13778981980743,0.0,stop_loss
okx:linear_perpetual:LRC:USDT:USDT:perp,short,-48.88863545554402,3.9599794718990715,1.9799897359495358,-54.828604663392625,-7.105427357601002e-15,stop_loss
okx:linear_perpetual:LRC:USDT:USDT:perp,short,-48.61449243222684,3.9377738870104033,1.9688869435052017,-54.521153262742445,0.0,stop_loss
okx:linear_perpetual:LRC:USDT:USDT:perp,short,-48.341886665913144,3.915692819938995,1.9578464099694974,-54.21542589582163,-7.105427357601002e-15,stop_loss
okx:linear_perpetual:LTC:USDT:USDT:perp,short,-50.0,4.050000000000004,2.025000000000002,-56.07500000000001,7.105427357601002e-15,stop_loss
okx:linear_perpetual:MAGIC:USDT:USDT:perp,short,-49.99999999999971,4.04999999999999,2.024999999999995,-56.07499999999969,0.0,stop_loss
okx:linear_perpetual:MAGIC:USDT:USDT:perp,short,-49.71962500000001,4.02728962500001,2.013644812500005,-55.76055943750003,7.105427357601002e-15,stop_loss
okx:linear_perpetual:MAGIC:USDT:USDT:perp,short,-49.440822202812186,4.0047065984278,2.0023532992139,-55.44788210045389,0.0,stop_loss
okx:linear_perpetual:MAGIC:USDT:USDT:perp,short,-49.163582792309924,3.9822502061771163,1.9911251030885582,-55.1369581015756,7.105427357601002e-15,stop_loss
okx:linear_perpetual:MAGIC:USDT:USDT:perp,short,-48.88789800180205,3.959919738145975,1.9799598690729876,-54.82777760902101,0.0,stop_loss
okx:linear_perpetual:MAGIC:USDT:USDT:perp,short,-48.613759113756934,3.937714488214323,1.9688572441071615,-54.520330846078416,-7.105427357601002e-15,stop_loss
okx:linear_perpetual:MANA:USDT:USDT:perp,short,-49.999999999999744,4.050000000000001,2.0250000000000004,-56.07499999999975,7.105427357601002e-15,stop_loss
okx:linear_perpetual:MANA:USDT:USDT:perp,short,-49.71962499999975,4.0272896250000025,2.0136448125000013,-55.76055943749976,0.0,stop_loss
okx:linear_perpetual:MASK:USDT:USDT:perp,short,-49.99999999999974,4.049999999999993,2.0249999999999964,-56.074999999999726,0.0,stop_loss
okx:linear_perpetual:MASK:USDT:USDT:perp,short,-49.719624999999745,4.027289624999987,2.0136448124999937,-55.76055943749972,0.0,stop_loss
okx:linear_perpetual:MASK:USDT:USDT:perp,short,-49.440822202812235,4.004706598427815,2.0023532992139077,-55.44788210045395,-7.105427357601002e-15,stop_loss
okx:linear_perpetual:MEME:USDT:USDT:perp,long,-50.0,3.949999999999995,1.9749999999999974,-55.925,7.105427357601002e-15,stop_loss
okx:linear_perpetual:MEME:USDT:USDT:perp,short,-49.72037499999973,4.027350375000001,2.0136751875000005,-55.76140056249973,0.0,stop_loss
okx:linear_perpetual:MEME:USDT:USDT:perp,short,-49.4415679971875,4.004767007772192,2.002383503886096,-55.448718508845786,0.0,stop_loss
okx:linear_perpetual:MEME:USDT:USDT:perp,short,-49.164324404642976,3.9823102767760923,1.9911551383880461,-55.13778981980712,7.105427357601002e-15,stop_loss
okx:linear_perpetual:MEME:USDT:USDT:perp,short,-48.88863545554396,3.959979471899078,1.979989735949539,-54.82860466339258,7.105427357601002e-15,stop_loss
okx:linear_perpetual:MEME:USDT:USDT:perp,short,-48.614492432227,3.9377738870103993,1.9688869435051997,-54.5211532627426,0.0,stop_loss
okx:linear_perpetual:MEME:USDT:USDT:perp,short,-48.341886665913556,3.915692819939005,1.9578464099695025,-54.21542589582206,-7.105427357601002e-15,stop_loss
okx:linear_perpetual:MERL:USDT:USDT:perp,long,-50.0,3.9499999999999806,1.9749999999999903,-55.92499999999997,0.0,stop_loss
okx:linear_perpetual:MERL:USDT:USDT:perp,short,-49.720375000000004,4.027350375000001,2.0136751875000005,-55.76140056250001,7.105427357601002e-15,stop_loss
okx:linear_perpetual:MERL:USDT:USDT:perp,short,-49.441567997187086,4.0047670077721795,2.0023835038860898,-55.44871850884535,0.0,stop_loss
okx:linear_perpetual:MERL:USDT:USDT:perp,short,-49.164324404642855,3.982310276776088,1.991155138388044,-55.13778981980698,-7.105427357601002e-15,stop_loss
okx:linear_perpetual:MERL:USDT:USDT:perp,short,-48.88863545554384,3.959979471899067,1.9799897359495335,-54.82860466339244,0.0,stop_loss
okx:linear_perpetual:MERL:USDT:USDT:perp,short,-48.61449243222728,3.9377738870104118,1.9688869435052059,-54.52115326274289,0.0,stop_loss
okx:linear_perpetual:MERL:USDT:USDT:perp,short,-48.34188666591316,3.915692819938981,1.9578464099694906,-54.21542589582163,0.0,stop_loss
okx:linear_perpetual:MERL:USDT:USDT:perp,short,-48.07080953643425,3.893735572451191,1.9468677862255954,-53.911412895111035,0.0,stop_loss
okx:linear_perpetual:MERL:USDT:USDT:perp,short,-47.8012524719589,3.871901450228681,1.9359507251143404,-53.60910464730192,0.0,stop_loss
okx:linear_perpetual:MERL:USDT:USDT:perp,short,-47.53320694872198,3.8501897628465027,1.9250948814232514,-53.308491592991736,0.0,stop_loss
okx:linear_perpetual:MERL:USDT:USDT:perp,short,-47.26666449075704,3.828599823751335,1.9142999118756674,-53.009564226384036,0.0,stop_loss
okx:linear_perpetual:MERL:USDT:USDT:perp,short,-47.00161666962551,3.807130950239676,1.903565475119838,-52.71231309498503,0.0,stop_loss
okx:linear_perpetual:MERL:USDT:USDT:perp,short,-46.73805510415025,3.785782463436196,1.892891231718098,-52.41672879930454,0.0,stop_loss
okx:linear_perpetual:MERL:USDT:USDT:perp,short,-46.475971460154064,3.764553688272481,1.8822768441362405,-52.122801992562785,0.0,stop_loss
okx:linear_perpetual:MERL:USDT:USDT:perp,short,1096.410803328072,2.600817792687212,1.300408896343606,1092.5095766390411,0.0,end_of_data
okx:linear_perpetual:METIS:USDT:USDT:perp,long,-50.0,3.9500000000000046,1.9750000000000023,-55.925000000000004,0.0,stop_loss
okx:linear_perpetual:METIS:USDT:USDT:perp,short,-49.720374999999756,4.027350375000002,2.013675187500001,-55.76140056249976,0.0,stop_loss
okx:linear_perpetual:METIS:USDT:USDT:perp,short,-49.441567997187256,4.004767007772176,2.002383503886088,-55.44871850884552,7.105427357601002e-15,stop_loss
okx:linear_perpetual:METIS:USDT:USDT:perp,short,-49.16432440464305,3.982310276776098,1.991155138388049,-55.13778981980719,-7.105427357601002e-15,stop_loss
okx:linear_perpetual:MEW:USDT:USDT:perp,long,-50.0,3.9499999999999797,1.9749999999999899,-55.92499999999997,0.0,stop_loss
okx:linear_perpetual:MEW:USDT:USDT:perp,short,-49.720375000000004,4.027350375000009,2.0136751875000045,-55.761400562500015,-7.105427357601002e-15,stop_loss
okx:linear_perpetual:MEW:USDT:USDT:perp,short,-49.44156799718728,4.004767007772183,2.0023835038860915,-55.44871850884556,7.105427357601002e-15,stop_loss
okx:linear_perpetual:MEW:USDT:USDT:perp,short,-49.16432440464306,3.9823102767761034,1.9911551383880517,-55.13778981980722,0.0,stop_loss
okx:linear_perpetual:MEW:USDT:USDT:perp,short,-48.8886354555438,3.9599794718990715,1.9799897359495358,-54.82860466339241,7.105427357601002e-15,stop_loss
okx:linear_perpetual:MINA:USDT:USDT:perp,long,-49.99999999999999,3.949999999999987,1.9749999999999934,-55.924999999999976,0.0,stop_loss
okx:linear_perpetual:NEAR:USDT:USDT:perp,long,-50.0,3.950000000000003,1.9750000000000014,-55.925000000000004,0.0,stop_loss
okx:linear_perpetual:NEO:USDT:USDT:perp,short,-49.999999999999574,4.0499999999999945,2.0249999999999972,-56.07499999999957,0.0,stop_loss
okx:linear_perpetual:NEO:USDT:USDT:perp,short,-49.71962499999958,4.0272896249999794,2.0136448124999897,-55.76055943749955,0.0,stop_loss
okx:linear_perpetual:NEO:USDT:USDT:perp,short,780.7984016313103,3.174467374593683,1.5872336872968416,776.0367005694197,1.1368683772161603e-13,end_of_data
okx:linear_perpetual:NMR:USDT:USDT:perp,long,-50.0,3.949999999999987,1.9749999999999934,-55.92499999999998,0.0,stop_loss
okx:linear_perpetual:ONE:USDT:USDT:perp,long,-50.0,3.950000000000003,1.9750000000000014,-55.925000000000004,0.0,stop_loss
okx:linear_perpetual:ONT:USDT:USDT:perp,long,-50.0,3.949999999999993,1.9749999999999965,-55.92499999999999,0.0,stop_loss
okx:linear_perpetual:OP:USDT:USDT:perp,short,-49.99999999999969,4.049999999999986,2.024999999999993,-56.07499999999967,7.105427357601002e-15,stop_loss
okx:linear_perpetual:OP:USDT:USDT:perp,short,-49.71962500000001,4.027289625000003,2.0136448125000017,-55.760559437500014,0.0,stop_loss
okx:linear_perpetual:OP:USDT:USDT:perp,short,-49.44082220281219,4.00470659842781,2.002353299213905,-55.44788210045391,0.0,stop_loss
okx:linear_perpetual:OP:USDT:USDT:perp,short,-49.16358279231024,3.982250206177134,1.991125103088567,-55.136958101575935,0.0,stop_loss
okx:linear_perpetual:OP:USDT:USDT:perp,short,967.1438184901635,2.94388802165403,1.471944010827015,962.7279864576825,0.0,end_of_data
okx:linear_perpetual:ORDI:USDT:USDT:perp,long,-50.0,3.9499999999999824,1.9749999999999912,-55.924999999999976,0.0,stop_loss
okx:linear_perpetual:ORDI:USDT:USDT:perp,short,-49.72037499999963,4.027350374999988,2.013675187499994,-55.76140056249961,0.0,stop_loss
okx:linear_perpetual:ORDI:USDT:USDT:perp,short,-49.441567997187505,4.004767007772195,2.0023835038860973,-55.4487185088458,0.0,stop_loss
okx:linear_perpetual:ORDI:USDT:USDT:perp,short,-49.164324404643274,3.982310276776108,1.991155138388054,-55.13778981980743,-7.105427357601002e-15,stop_loss
okx:linear_perpetual:ORDI:USDT:USDT:perp,short,-48.8886354555439,3.959979471899068,1.979989735949534,-54.8286046633925,0.0,stop_loss
okx:linear_perpetual:ORDI:USDT:USDT:perp,short,-48.614492432226946,3.9377738870104038,1.9688869435052019,-54.52115326274256,7.105427357601002e-15,stop_loss
okx:linear_perpetual:ORDI:USDT:USDT:perp,short,-48.34188666591356,3.915692819939003,1.9578464099695014,-54.215425895822065,0.0,stop_loss
okx:linear_perpetual:ORDI:USDT:USDT:perp,short,-48.07080953643445,3.8937355724512006,1.9468677862256003,-53.911412895111255,0.0,stop_loss
okx:linear_perpetual:ORDI:USDT:USDT:perp,short,-47.80125247195857,3.8719014502286546,1.9359507251143273,-53.60910464730155,0.0,stop_loss
okx:linear_perpetual:ORDI:USDT:USDT:perp,short,-47.53320694872206,3.8501897628465027,1.9250948814232514,-53.308491592991814,0.0,stop_loss
okx:linear_perpetual:PEOPLE:USDT:USDT:perp,long,-50.0,3.9499999999999975,1.9749999999999988,-55.925,0.0,stop_loss
okx:linear_perpetual:PEPE:USDT:USDT:perp,long,-50.0,3.949999999999984,1.974999999999992,-55.924999999999976,0.0,stop_loss
okx:linear_perpetual:PEPE:USDT:USDT:perp,long,-49.720375000000004,3.927909624999999,1.9639548124999995,-55.6122394375,0.0,stop_loss
okx:linear_perpetual:PEPE:USDT:USDT:perp,short,-49.44231380281251,4.004827418027822,2.002413709013911,-55.449554929854244,7.105427357601002e-15,stop_loss
okx:linear_perpetual:PEPE:USDT:USDT:perp,short,-49.16506602816324,3.98237034828123,1.991185174140615,-55.138621550585086,0.0,stop_loss
okx:linear_perpetual:PEPE:USDT:USDT:perp,short,-48.88937292040991,3.9600392065532297,1.9800196032766149,-54.82943173023976,0.0,stop_loss
okx:linear_perpetual:PEPE:USDT:USDT:perp,short,-48.61522576175874,3.9378332867024737,1.9689166433512368,-54.52197569181244,0.0,stop_loss
okx:linear_perpetual:PEPE:USDT:USDT:perp,short,-48.34261588330006,3.915751886547305,1.9578759432736526,-54.21624371312102,0.0,stop_loss
okx:linear_perpetual:PEPE:USDT:USDT:perp,short,-48.07153466473408,3.8937943078434767,1.9468971539217383,-53.91222612649929,-7.105427357601002e-15,stop_loss
okx:linear_perpetual:PYTH:USDT:USDT:perp,short,-50.0,4.050000000000001,2.0250000000000004,-56.075,7.105427357601002e-15,stop_loss
okx:linear_perpetual:PYTH:USDT:USDT:perp,short,961.4933027347455,3.016076697265242,1.508038348632621,956.9691876888476,1.1368683772161603e-13,end_of_data
okx:linear_perpetual:QTUM:USDT:USDT:perp,long,-50.0,3.949999999999995,1.9749999999999974,-55.925,7.105427357601002e-15,stop_loss
okx:linear_perpetual:QTUM:USDT:USDT:perp,short,-49.72037499999975,4.027350374999987,2.0136751874999934,-55.76140056249973,7.105427357601002e-15,stop_loss
okx:linear_perpetual:QTUM:USDT:USDT:perp,short,-49.44156799718727,4.0047670077721875,2.0023835038860938,-55.44871850884555,0.0,stop_loss
okx:linear_perpetual:RAY:USDT:USDT:perp,long,-50.0,3.949999999999992,1.974999999999996,-55.92499999999999,7.105427357601002e-15,stop_loss
okx:linear_perpetual:RSR:USDT:USDT:perp,long,-50.0,3.9500000000000064,1.9750000000000032,-55.92500000000001,7.105427357601002e-15,stop_loss
okx:linear_perpetual:RVN:USDT:USDT:perp,long,-50.0,3.95,1.975,-55.925,-7.105427357601002e-15,stop_loss
okx:linear_perpetual:RVN:USDT:USDT:perp,short,-49.72037499999977,4.027350374999994,2.013675187499997,-55.76140056249976,0.0,stop_loss
okx:linear_perpetual:RVN:USDT:USDT:perp,short,-49.441567997187505,4.004767007772193,2.0023835038860964,-55.4487185088458,7.105427357601002e-15,stop_loss
okx:linear_perpetual:RVN:USDT:USDT:perp,short,-49.16432440464303,3.9823102767761007,1.9911551383880504,-55.13778981980719,7.105427357601002e-15,stop_loss
okx:linear_perpetual:RVN:USDT:USDT:perp,short,-48.88863545554401,3.9599794718990777,1.9799897359495389,-54.828604663392625,0.0,stop_loss
okx:linear_perpetual:RVN:USDT:USDT:perp,short,-48.614492432227046,3.93777388701041,1.968886943505205,-54.52115326274266,0.0,stop_loss
okx:linear_perpetual:SAND:USDT:USDT:perp,long,-50.0,3.9499999999999984,1.9749999999999992,-55.925,0.0,stop_loss
okx:linear_perpetual:SAND:USDT:USDT:perp,short,-49.72037499999974,4.027350374999999,2.0136751874999996,-55.76140056249974,0.0,stop_loss
okx:linear_perpetual:SAND:USDT:USDT:perp,short,-49.441567997187505,4.004767007772191,2.0023835038860955,-55.448718508845786,0.0,stop_loss
okx:linear_perpetual:SAND:USDT:USDT:perp,short,-49.16432440464302,3.9823102767760936,1.9911551383880468,-55.13778981980716,0.0,stop_loss
okx:linear_perpetual:SAND:USDT:USDT:perp,short,-48.888635455543984,3.959979471899084,1.979989735949542,-54.82860466339261,0.0,stop_loss
okx:linear_perpetual:SATS:USDT:USDT:perp,long,-50.0,3.95,1.975,-55.925,-7.105427357601002e-15,stop_loss
okx:linear_perpetual:SATS:USDT:USDT:perp,short,-49.720375000000004,4.027350375000009,2.0136751875000045,-55.761400562500015,-7.105427357601002e-15,stop_loss
okx:linear_perpetual:SATS:USDT:USDT:perp,short,-49.44156799718712,4.004767007772183,2.0023835038860915,-55.4487185088454,7.105427357601002e-15,stop_loss
okx:linear_perpetual:SATS:USDT:USDT:perp,short,-49.164324404643274,3.982310276776115,1.9911551383880575,-55.137789819807445,0.0,stop_loss
okx:linear_perpetual:SATS:USDT:USDT:perp,short,-48.888635455543856,3.959979471899076,1.979989735949538,-54.82860466339247,0.0,stop_loss
okx:linear_perpetual:SATS:USDT:USDT:perp,short,-48.6144924322269,3.9377738870103967,1.9688869435051983,-54.5211532627425,7.105427357601002e-15,stop_loss
okx:linear_perpetual:SATS:USDT:USDT:perp,short,-48.34188666591356,3.915692819939008,1.957846409969504,-54.21542589582208,0.0,stop_loss
okx:linear_perpetual:SHIB:USDT:USDT:perp,long,-50.0,3.950000000000006,1.975000000000003,-55.92500000000001,7.105427357601002e-15,stop_loss
okx:linear_perpetual:SNX:USDT:USDT:perp,long,-50.0,3.9499999999999993,1.9749999999999996,-55.925,-7.105427357601002e-15,stop_loss
okx:linear_perpetual:SNX:USDT:USDT:perp,short,-49.72037499999968,4.0273503749999975,2.0136751874999987,-55.761400562499674,0.0,stop_loss
okx:linear_perpetual:SOL:USDT:USDT:perp,short,-50.0,4.050000000000008,2.025000000000004,-56.07500000000001,-7.105427357601002e-15,stop_loss
okx:linear_perpetual:SOL:USDT:USDT:perp,short,-49.719624999999596,4.027289624999983,2.0136448124999915,-55.76055943749957,7.105427357601002e-15,stop_loss
okx:linear_perpetual:SSV:USDT:USDT:perp,long,-50.0,3.950000000000001,1.9750000000000005,-55.925,-7.105427357601002e-15,stop_loss
okx:linear_perpetual:SSV:USDT:USDT:perp,long,-49.720375000000004,3.9279096249999936,1.9639548124999968,-55.612239437499994,0.0,stop_loss
okx:linear_perpetual:SSV:USDT:USDT:perp,short,-49.44231380281218,4.004827418027811,2.0024137090139056,-55.449554929853896,0.0,stop_loss
okx:linear_perpetual:SSV:USDT:USDT:perp,short,-49.16506602816291,3.982370348281208,1.991185174140604,-55.13862155058472,0.0,stop_loss
okx:linear_perpetual:SSV:USDT:USDT:perp,short,-48.88937292041,3.9600392065532355,1.9800196032766177,-54.82943173023985,0.0,stop_loss
okx:linear_perpetual:SSV:USDT:USDT:perp,short,-48.615225761758786,3.9378332867024803,1.9689166433512402,-54.52197569181251,0.0,stop_loss
okx:linear_perpetual:STRK:USDT:USDT:perp,short,-49.99999999999966,4.050000000000001,2.0250000000000004,-56.07499999999966,7.105427357601002e-15,stop_loss
okx:linear_perpetual:STRK:USDT:USDT:perp,short,-49.71962500000001,4.027289625000003,2.0136448125000017,-55.760559437500014,0.0,stop_loss
okx:linear_perpetual:STRK:USDT:USDT:perp,short,1462.7496499262088,2.4925161262987965,1.2462580631493982,1459.0108757367605,2.2737367544323206e-13,end_of_data
okx:linear_perpetual:STX:USDT:USDT:perp,long,-50.0,3.9499999999999993,1.9749999999999996,-55.925,-7.105427357601002e-15,stop_loss
okx:linear_perpetual:STX:USDT:USDT:perp,short,-49.72037499999958,4.027350374999996,2.013675187499998,-55.761400562499574,0.0,stop_loss
okx:linear_perpetual:STX:USDT:USDT:perp,short,-49.441567997187505,4.004767007772188,2.002383503886094,-55.448718508845786,0.0,stop_loss
okx:linear_perpetual:STX:USDT:USDT:perp,short,-49.16432440464285,3.9823102767760883,1.9911551383880441,-55.137789819806976,-7.105427357601002e-15,stop_loss
okx:linear_perpetual:STX:USDT:USDT:perp,short,-48.88863545554425,3.9599794718990946,1.9799897359495473,-54.82860466339289,0.0,stop_loss
okx:linear_perpetual:STX:USDT:USDT:perp,short,-48.61449243222728,3.937773887010418,1.968886943505209,-54.52115326274291,0.0,stop_loss
okx:linear_perpetual:STX:USDT:USDT:perp,short,-48.341886665913144,3.915692819938992,1.957846409969496,-54.21542589582163,0.0,stop_loss
okx:linear_perpetual:STX:USDT:USDT:perp,short,-48.07080953643424,3.893735572451188,1.946867786225594,-53.91141289511102,-7.105427357601002e-15,stop_loss
okx:linear_perpetual:STX:USDT:USDT:perp,short,-47.80125247195868,3.8719014502286653,1.9359507251143326,-53.609104647301685,7.105427357601002e-15,stop_loss
okx:linear_perpetual:STX:USDT:USDT:perp,short,-47.533206948722395,3.8501897628465116,1.9250948814232558,-53.30849159299216,0.0,stop_loss
okx:linear_perpetual:STX:USDT:USDT:perp,short,-47.26666449075743,3.8285998237513548,1.9142999118756774,-53.009564226384455,-7.105427357601002e-15,stop_loss
okx:linear_perpetual:STX:USDT:USDT:perp,short,-47.00161666962551,3.8071309502396726,1.9035654751198363,-52.71231309498502,0.0,stop_loss
okx:linear_perpetual:STX:USDT:USDT:perp,short,-46.738055104150234,3.7857824634361803,1.8928912317180902,-52.4167287993045,0.0,stop_loss
okx:linear_perpetual:STX:USDT:USDT:perp,short,693.4655820635649,3.024612134748767,1.5123060673743836,688.9286638614417,0.0,end_of_data
okx:linear_perpetual:SUI:USDT:USDT:perp,long,-50.0,3.950000000000006,1.975000000000003,-55.92500000000001,7.105427357601002e-15,stop_loss
okx:linear_perpetual:SUI:USDT:USDT:perp,short,-49.7203749999996,4.027350374999991,2.0136751874999956,-55.76140056249959,0.0,stop_loss
okx:linear_perpetual:SUI:USDT:USDT:perp,short,-49.44156799718711,4.0047670077721795,2.0023835038860898,-55.448718508845374,0.0,stop_loss
okx:linear_perpetual:SUI:USDT:USDT:perp,short,-49.16432440464288,3.9823102767760967,1.9911551383880484,-55.137789819807026,0.0,stop_loss
okx:linear_perpetual:SUI:USDT:USDT:perp,short,-48.88863545554425,3.959979471899092,1.979989735949546,-54.82860466339289,7.105427357601002e-15,stop_loss
okx:linear_perpetual:SUI:USDT:USDT:perp,short,-48.61449243222728,3.937773887010409,1.9688869435052045,-54.52115326274289,0.0,stop_loss
okx:linear_perpetual:SUSHI:USDT:USDT:perp,long,-50.0,3.949999999999986,1.974999999999993,-55.92499999999998,0.0,stop_loss
okx:linear_perpetual:SUSHI:USDT:USDT:perp,short,-49.720375000000004,4.027350375000007,2.0136751875000036,-55.761400562500015,0.0,stop_loss
okx:linear_perpetual:SUSHI:USDT:USDT:perp,short,-49.441567997187505,4.0047670077721875,2.0023835038860938,-55.448718508845786,0.0,stop_loss
okx:linear_perpetual:SUSHI:USDT:USDT:perp,short,-49.164324404642855,3.982310276776089,1.9911551383880446,-55.13778981980698,-7.105427357601002e-15,stop_loss
okx:linear_perpetual:SUSHI:USDT:USDT:perp,short,-48.88863545554425,3.9599794718990853,1.9799897359495426,-54.82860466339287,0.0,stop_loss
okx:linear_perpetual:SUSHI:USDT:USDT:perp,short,-48.61449243222728,3.9377738870104126,1.9688869435052063,-54.5211532627429,0.0,stop_loss
okx:linear_perpetual:THETA:USDT:USDT:perp,long,-50.0,3.95,1.975,-55.925,-7.105427357601002e-15,stop_loss
okx:linear_perpetual:TIA:USDT:USDT:perp,short,-49.999999999999645,4.049999999999993,2.0249999999999964,-56.07499999999963,0.0,stop_loss
okx:linear_perpetual:TIA:USDT:USDT:perp,short,-49.71962499999965,4.027289624999991,2.0136448124999955,-55.760559437499644,0.0,stop_loss
okx:linear_perpetual:TIA:USDT:USDT:perp,short,-49.44082220281215,4.004706598427801,2.0023532992139006,-55.44788210045385,0.0,stop_loss
okx:linear_perpetual:TRB:USDT:USDT:perp,short,-49.9999999999996,4.049999999999997,2.0249999999999986,-56.0749999999996,0.0,stop_loss
okx:linear_perpetual:TRB:USDT:USDT:perp,short,-49.71962500000001,4.027289625000007,2.0136448125000035,-55.760559437500014,-7.105427357601002e-15,stop_loss
okx:linear_perpetual:TRB:USDT:USDT:perp,short,-49.440822202812114,4.004706598427795,2.0023532992138975,-55.4478821004538,-7.105427357601002e-15,stop_loss
okx:linear_perpetual:TRB:USDT:USDT:perp,short,-49.16358279231024,3.982250206177137,1.9911251030885686,-55.13695810157594,0.0,stop_loss
okx:linear_perpetual:TURBO:USDT:USDT:perp,long,10628.360569320006,14.628360569320014,7.314180284660007,10606.418028466027,-1.8189894035458565e-12,end_of_data
okx:linear_perpetual:UMA:USDT:USDT:perp,long,-50.0,3.950000000000002,1.975000000000001,-55.925000000000004,0.0,stop_loss
okx:linear_perpetual:UNI:USDT:USDT:perp,long,-50.0,3.9499999999999895,1.9749999999999948,-55.92499999999998,0.0,stop_loss
okx:linear_perpetual:UNI:USDT:USDT:perp,short,-49.72037499999975,4.02735037499999,2.013675187499995,-55.76140056249974,7.105427357601002e-15,stop_loss
okx:linear_perpetual:UNI:USDT:USDT:perp,short,-49.44156799718727,4.0047670077721795,2.0023835038860898,-55.44871850884554,0.0,stop_loss
okx:linear_perpetual:W:USDT:USDT:perp,long,-50.0,3.95,1.975,-55.925,-7.105427357601002e-15,stop_loss
okx:linear_perpetual:W:USDT:USDT:perp,short,-49.72037499999968,4.027350374999988,2.013675187499994,-55.76140056249966,0.0,stop_loss
okx:linear_perpetual:W:USDT:USDT:perp,short,-49.441567997187505,4.004767007772193,2.0023835038860964,-55.4487185088458,7.105427357601002e-15,stop_loss
okx:linear_perpetual:W:USDT:USDT:perp,short,-49.16432440464295,3.9823102767760923,1.9911551383880461,-55.13778981980709,7.105427357601002e-15,stop_loss
okx:linear_perpetual:W:USDT:USDT:perp,short,-48.88863545554393,3.959979471899083,1.9799897359495415,-54.828604663392554,0.0,stop_loss
okx:linear_perpetual:W:USDT:USDT:perp,short,-48.61449243222727,3.9377738870104126,1.9688869435052063,-54.52115326274289,0.0,stop_loss
okx:linear_perpetual:W:USDT:USDT:perp,short,-48.34188666591325,3.9156928199389944,1.9578464099694972,-54.21542589582174,-7.105427357601002e-15,stop_loss
okx:linear_perpetual:W:USDT:USDT:perp,short,1375.697738164514,2.46996702475023,1.234983512375115,1371.9927876273887,0.0,end_of_data
okx:linear_perpetual:WIF:USDT:USDT:perp,short,-49.99999999999974,4.049999999999997,2.0249999999999986,-56.07499999999973,0.0,stop_loss
okx:linear_perpetual:WIF:USDT:USDT:perp,short,-49.71962499999975,4.0272896249999945,2.0136448124999973,-55.760559437499744,0.0,stop_loss
okx:linear_perpetual:WIF:USDT:USDT:perp,short,-49.44082220281225,4.004706598427809,2.0023532992139046,-55.44788210045397,0.0,stop_loss
okx:linear_perpetual:WLD:USDT:USDT:perp,short,-50.0,4.050000000000001,2.0250000000000004,-56.075,7.105427357601002e-15,stop_loss
okx:linear_perpetual:WLD:USDT:USDT:perp,short,-49.719625,4.0272896250000105,2.0136448125000053,-55.760559437500014,0.0,stop_loss
okx:linear_perpetual:WLD:USDT:USDT:perp,short,-49.44082220281215,4.004706598427807,2.0023532992139037,-55.44788210045386,0.0,stop_loss
okx:linear_perpetual:WLD:USDT:USDT:perp,short,-49.16358279231023,3.9822502061771337,1.9911251030885668,-55.13695810157593,0.0,stop_loss
okx:linear_perpetual:WLD:USDT:USDT:perp,short,-48.887898001802,3.9599197381459756,1.9799598690729878,-54.82777760902096,0.0,stop_loss
okx:linear_perpetual:WLD:USDT:USDT:perp,short,-48.61375911375724,3.937714488214347,1.9688572441071734,-54.520330846078764,0.0,stop_loss
okx:linear_perpetual:WLD:USDT:USDT:perp,short,-48.34115745952685,3.9156337542216773,1.9578168771108386,-54.21460809085936,-7.105427357601002e-15,stop_loss
okx:linear_perpetual:WLD:USDT:USDT:perp,short,-48.07008441907221,3.893676837944862,1.946838418972431,-53.9105996759895,0.0,stop_loss
okx:linear_perpetual:WLD:USDT:USDT:perp,short,-47.80053142069261,3.8718430450761065,1.9359215225380533,-53.60829598830677,7.105427357601002e-15,stop_loss
okx:linear_perpetual:WLD:USDT:USDT:perp,short,-47.53248994075072,3.8501316852008327,1.9250658426004164,-53.307687468551975,0.0,stop_loss
okx:linear_perpetual:WLD:USDT:USDT:perp,short,-47.26595150340832,3.828542071776084,1.914271035888042,-53.00876461107244,0.0,stop_loss
okx:linear_perpetual:WLD:USDT:USDT:perp,short,1287.0127554161606,2.4730598590120763,1.2365299295060381,1283.3031656276426,0.0,end_of_data
okx:linear_perpetual:WOO:USDT:USDT:perp,long,-50.0,3.949999999999995,1.9749999999999974,-55.925,7.105427357601002e-15,stop_loss
okx:linear_perpetual:WOO:USDT:USDT:perp,short,-49.720375000000004,4.027350375000012,2.013675187500006,-55.76140056250002,0.0,stop_loss
okx:linear_perpetual:WOO:USDT:USDT:perp,short,-49.441567997187136,4.004767007772177,2.0023835038860884,-55.4487185088454,7.105427357601002e-15,stop_loss
okx:linear_perpetual:XLM:USDT:USDT:perp,short,-49.99999999999975,4.049999999999992,2.024999999999996,-56.07499999999974,0.0,stop_loss
okx:linear_perpetual:XLM:USDT:USDT:perp,short,-49.71962500000001,4.027289625000008,2.013644812500004,-55.76055943750002,0.0,stop_loss
okx:linear_perpetual:XLM:USDT:USDT:perp,short,-49.44082220281224,4.004706598427812,2.002353299213906,-55.44788210045396,0.0,stop_loss
okx:linear_perpetual:XLM:USDT:USDT:perp,short,-49.16358279230999,3.98225020617713,1.991125103088565,-55.136958101575686,7.105427357601002e-15,stop_loss
okx:linear_perpetual:XLM:USDT:USDT:perp,short,-48.88789800180212,3.9599197381459894,1.9799598690729947,-54.827777609021105,0.0,stop_loss
okx:linear_perpetual:XLM:USDT:USDT:perp,short,239.32927563695912,3.6497714534636274,1.8248857267318137,233.8546184567637,0.0,end_of_data
okx:linear_perpetual:XRP:USDT:USDT:perp,short,-49.99999999999977,4.05,2.025,-56.074999999999775,7.105427357601002e-15,stop_loss
okx:linear_perpetual:XRP:USDT:USDT:perp,short,-49.719624999999596,4.0272896249999945,2.0136448124999973,-55.76055943749959,0.0,stop_loss
okx:linear_perpetual:XRP:USDT:USDT:perp,short,-49.440822202812086,4.004706598427797,2.0023532992138984,-55.44788210045378,0.0,stop_loss
okx:linear_perpetual:XRP:USDT:USDT:perp,short,-49.16358279230982,3.9822502061771194,1.9911251030885597,-55.136958101575495,0.0,stop_loss
okx:linear_perpetual:XRP:USDT:USDT:perp,short,-48.88789800180236,3.9599197381459943,1.9799598690729971,-54.827777609021354,0.0,stop_loss
okx:linear_perpetual:XRP:USDT:USDT:perp,short,-48.613759113757254,3.937714488214345,1.9688572441071726,-54.52033084607877,0.0,stop_loss
okx:linear_perpetual:XTZ:USDT:USDT:perp,short,-49.99999999999977,4.049999999999997,2.0249999999999986,-56.07499999999977,0.0,stop_loss
okx:linear_perpetual:XTZ:USDT:USDT:perp,short,-49.71962499999978,4.027289624999994,2.013644812499997,-55.76055943749977,0.0,stop_loss
okx:linear_perpetual:YFI:USDT:USDT:perp,short,-49.99999999999974,4.049999999999992,2.024999999999996,-56.074999999999726,0.0,stop_loss
okx:linear_perpetual:YFI:USDT:USDT:perp,short,-49.719624999999745,4.027289624999992,2.013644812499996,-55.76055943749974,0.0,stop_loss
okx:linear_perpetual:YGG:USDT:USDT:perp,short,-49.99999999999973,4.0499999999999865,2.0249999999999932,-56.07499999999971,7.105427357601002e-15,stop_loss
okx:linear_perpetual:YGG:USDT:USDT:perp,short,-49.71962500000001,4.027289625000007,2.0136448125000035,-55.760559437500014,-7.105427357601002e-15,stop_loss
okx:linear_perpetual:YGG:USDT:USDT:perp,short,-49.44082220281223,4.004706598427806,2.002353299213903,-55.44788210045394,7.105427357601002e-15,stop_loss
okx:linear_perpetual:ZETA:USDT:USDT:perp,long,-50.0,3.9500000000000015,1.9750000000000008,-55.925,-7.105427357601002e-15,stop_loss
okx:linear_perpetual:ZETA:USDT:USDT:perp,short,-49.72037499999972,4.027350374999994,2.013675187499997,-55.76140056249971,-7.105427357601002e-15,stop_loss
okx:linear_perpetual:ZETA:USDT:USDT:perp,short,-49.44156799718724,4.004767007772186,2.002383503886093,-55.44871850884552,0.0,stop_loss
okx:linear_perpetual:ZETA:USDT:USDT:perp,short,-49.16432440464301,3.9823102767760927,1.9911551383880464,-55.13778981980715,7.105427357601002e-15,stop_loss
okx:linear_perpetual:ZETA:USDT:USDT:perp,short,-48.88863545554424,3.9599794718990893,1.9799897359495446,-54.82860466339287,0.0,stop_loss
okx:linear_perpetual:ZETA:USDT:USDT:perp,short,-48.614492432226996,3.9377738870103958,1.9688869435051979,-54.521153262742594,7.105427357601002e-15,stop_loss
okx:linear_perpetual:ZETA:USDT:USDT:perp,short,-48.3418866659133,3.9156928199389878,1.9578464099694939,-54.21542589582178,0.0,stop_loss
okx:linear_perpetual:ZETA:USDT:USDT:perp,short,-48.070809536434204,3.8937355724511837,1.9468677862255919,-53.91141289511098,0.0,stop_loss
okx:linear_perpetual:ZETA:USDT:USDT:perp,short,-47.80125247195864,3.8719014502286644,1.9359507251143322,-53.609104647301635,0.0,stop_loss
okx:linear_perpetual:ZETA:USDT:USDT:perp,short,1344.0464781473438,2.4586100777504516,1.2293050388752258,1340.3585630307182,-2.2737367544323206e-13,end_of_data
okx:linear_perpetual:ZIL:USDT:USDT:perp,short,-49.9999999999997,4.049999999999986,2.024999999999993,-56.07499999999968,7.105427357601002e-15,stop_loss
okx:linear_perpetual:ZIL:USDT:USDT:perp,short,-49.71962500000001,4.027289625000004,2.013644812500002,-55.760559437500014,0.0,stop_loss
okx:linear_perpetual:ZIL:USDT:USDT:perp,short,-49.4408222028122,4.004706598427811,2.0023532992139055,-55.44788210045392,0.0,stop_loss
okx:linear_perpetual:ZIL:USDT:USDT:perp,short,-49.16358279231023,3.9822502061771328,1.9911251030885664,-55.13695810157593,0.0,stop_loss
okx:linear_perpetual:ZRX:USDT:USDT:perp,short,-49.99999999999977,4.050000000000001,2.0250000000000004,-56.074999999999775,7.105427357601002e-15,stop_loss
okx:linear_perpetual:ZRX:USDT:USDT:perp,short,-49.71962500000001,4.027289625000003,2.0136448125000017,-55.760559437500014,0.0,stop_loss
