instrument,trade_count,long_count,short_count,gross_pnl,fees,slippage,net_pnl,net_return_contribution,profit_factor,win_rate,average_win,average_loss,expectancy,average_holding_period_hours,turnover,gross_exposure_sum_entry,max_drawdown_contribution,cost_drag,share_of_total_pnl,share_of_total_cost_drag,rank_by_net_pnl,rank_by_neg_drawdown_contrib,rank_by_cost_drag,rank_by_trade_count
TURBO,1,1,0,90.07085228237294,0.12396915736711876,0.06198457868355938,89.88489854632226,0.008988489854632227,,1.0,89.88489854632226,0.0,89.88489854632226,2891.0,123.96915736711877,16.949152542372925,0.0,0.18595373605067814,3.865375287042771,0.0081275503071813,1,105,54,103
AEVO,1,0,1,13.204086371023921,0.02069421871372186,0.01034710935686093,13.173045042953339,0.0013173045042953338,,1.0,13.173045042953339,0.0,13.173045042953339,2867.0,20.69421871372186,16.94915254237289,0.0,0.03104132807058279,0.5664885157309499,0.0013567350721397922,2,110,115,109
STRK,3,0,3,11.551101906154315,0.08957462501100678,0.04478731250550339,11.416739968637804,0.0011416739968637805,13.046037262880972,0.3333333333333333,12.3644989469217,-0.4738794891419478,3.805579989545935,935.3333333333334,89.57462501100679,50.562863458580544,0.0,0.13436193751651018,0.4909610540487355,0.0058726080461119325,3,113,74,71
ATOM,1,0,1,8.553829594296685,0.02534447549044898,0.01267223774522449,8.515812881061011,0.0008515812881061012,,1.0,8.515812881061011,0.0,8.515812881061011,2793.0,25.344475490448982,16.949152542372833,0.0,0.03801671323567347,0.366210711608803,0.001661610871063187,4,114,114,111
W,8,1,7,8.741749628889824,0.2563376344334491,0.12816881721672455,8.357243177239651,0.0008357243177239651,3.5558769689635983,0.125,11.627057522266005,-0.46711633500376487,1.0446553971549566,352.375,256.33763443344907,132.96342084472877,0.0,0.3845064516501736,0.3593916416166518,0.016805768981005442,5,106,13,12
DYDX,4,0,4,8.209681023439533,0.12624728846477912,0.06312364423238956,8.020310090742363,0.0008020310090742363,6.65744333095202,0.25,9.437966374962311,-0.47255209473998255,2.005077522685591,683.5,126.24728846477916,67.22848474410934,0.0,0.18937093269716868,0.34490230195007276,0.008276907014089915,6,115,53,50
PYTH,2,0,2,7.7245195147012335,0.05988200590902748,0.02994100295451374,7.634696505837691,0.0007634696505837691,17.065879405953588,0.5,8.10990837024447,-0.4752118644067797,3.8173482529188454,1413.0,59.882005909027484,33.80326271186436,0.0,0.08982300886354122,0.32831952502597866,0.003925928237773423,7,108,89,80
ZETA,10,1,9,7.661043510029122,0.3220518723629411,0.16102593618147054,7.177965701484711,0.0007177965701484711,2.7168038322803656,0.1,11.35897087314168,-0.4645561301841075,0.7177965701484712,276.8,322.0518723629411,165.28018675004444,0.0,0.4830778085444116,0.3086784508018435,0.021114064576565325,8,111,6,6
ICP,3,1,2,6.526811472198552,0.0937524719157252,0.0468762359578626,6.386182764324964,0.0006386182764324964,7.747191801285119,0.3333333333333333,7.332677684346151,-0.47324746001059326,2.128727588108321,945.0,93.7524719157252,50.5633705075212,0.0,0.14062870787358778,0.27462892471351874,0.006146512149478911,9,102,73,58
OP,5,0,5,6.515421936398655,0.1610858851801607,0.08054294259008035,6.273793108628414,0.0006273793108628414,4.328415864812529,0.2,8.158711749641377,-0.47122966025324053,1.2547586217256828,562.6,161.0858851801607,83.80065355827968,0.0,0.24162882777024106,0.2697957635855145,0.01056096260863869,10,112,40,39
WLD,12,0,12,6.374380114932443,0.3880912534677704,0.1940456267338852,5.792243234730789,0.0005792243234730789,2.139485932494852,0.08333333333333333,10.875450556166463,-0.4621097564941522,0.4826869362275657,206.91666666666666,388.0912534677705,197.23281679135147,0.0,0.5821368802016555,0.24908737972854006,0.025443676905825066,11,109,3,3
NEO,3,0,3,5.7718540392483995,0.09535387287791233,0.047676936438956166,5.62882322993153,0.0005628823229931531,6.939087214054835,0.3333333333333333,6.576582208215421,-0.47387948914194544,1.8762744099771769,944.6666666666666,95.35387287791235,50.56286345858038,0.0,0.1430308093168685,0.24205972927584551,0.006251501706224876,12,107,71,66
IOST,7,1,6,5.34893015923244,0.2271400745563712,0.1135700372781856,5.008220047397883,0.0005008220047397883,2.7820554043085184,0.14285714285714285,7.818581630595233,-0.4683935971995585,0.7154600067711261,371.14285714285717,227.14007455637116,116.66823117136113,0.0,0.3407101118345568,0.21537155090971655,0.014891545783979577,13,103,18,14
CRO,3,1,2,4.939643302851881,0.09533964008507169,0.047669820042535845,4.796633842724274,0.00047966338427242743,6.0677861457691975,0.3333333333333333,5.743128762745457,-0.4732474600105913,1.598877947574758,929.0,95.33964008507171,50.563370507521114,0.0,0.14300946012760754,0.20627257989398964,0.0062505685891312305,14,101,72,56
MERL,15,1,14,3.5707791922945393,0.48458123171449136,0.24229061585724568,2.843907344722803,0.0002843907344722803,1.4433457879585596,0.06666666666666667,9.258555734229162,-0.45818917067902565,0.1895938229815202,184.6,484.5812317144915,244.49973426695232,0.0,0.7268718475717371,0.1222982875512266,0.03176966289294173,15,104,1,1
STX,14,1,13,0.5498533464949293,0.45626971183134835,0.22813485591567417,-0.13455122125209407,-1.3455122125209406e-05,0.9774731618540734,0.07142857142857142,5.838378507300353,-0.45945613296557286,-0.00961080151800672,196.5,456.2697118313485,228.833511402481,-1.3455122125209406e-05,0.6844045677470225,-0.005786188490842421,0.029913529423859685,16,100,2,2
XLM,6,0,6,-0.06680213864377116,0.20062659001029284,0.10031329500514642,-0.3677420236592104,-3.6774202365921035e-05,0.8434847823981008,0.16666666666666666,1.9818188004810482,-0.4699121648280517,-0.061290337276535066,409.6666666666667,200.62659001029286,100.27989393582455,-3.6774202365921035e-05,0.3009398850154393,-0.015814235241383277,0.013153293431188467,17,99,30,30
BNB,1,1,0,-0.423728813559322,0.033474576271186295,0.016737288135593147,-0.4739406779661015,-4.739406779661015e-05,0.0,0.0,0.0,-0.4739406779661015,-0.4739406779661015,265.0,33.474576271186294,16.949152542372808,-4.739406779661015e-05,0.05021186440677944,-0.020381160948747847,0.0021946289579911765,18,97,113,89
MINA,1,1,0,-0.42372881355932196,0.03347457627118633,0.016737288135593165,-0.4739406779661015,-4.739406779661015e-05,0.0,0.0,0.0,-0.4739406779661015,-0.4739406779661015,83.0,33.47457627118633,16.94915254237283,-4.739406779661015e-05,0.050211864406779494,-0.020381160948747847,0.0021946289579911787,19,98,111,93
NMR,1,1,0,-0.423728813559322,0.03347457627118633,0.016737288135593165,-0.47394067796610156,-4.739406779661016e-05,0.0,0.0,0.0,-0.47394067796610156,-0.47394067796610156,845.0,33.47457627118633,16.949152542372826,-4.739406779661016e-05,0.050211864406779494,-0.020381160948747847,0.0021946289579911787,20,96,112,95
ONT,1,1,0,-0.423728813559322,0.033474576271186385,0.016737288135593192,-0.4739406779661016,-4.7394067796610164e-05,0.0,0.0,0.0,-0.4739406779661016,-0.4739406779661016,140.0,33.474576271186386,16.949152542372854,-4.7394067796610164e-05,0.05021186440677958,-0.02038116094874785,0.0021946289579911826,21,94,109,97
RAY,1,1,0,-0.423728813559322,0.03347457627118637,0.016737288135593185,-0.4739406779661016,-4.7394067796610164e-05,0.0,0.0,0.0,-0.4739406779661016,-0.4739406779661016,228.0,33.47457627118637,16.949152542372847,-4.7394067796610164e-05,0.050211864406779556,-0.02038116094874785,0.0021946289579911817,22,95,110,99
GAS,1,1,0,-0.423728813559322,0.033474576271186426,0.016737288135593213,-0.4739406779661017,-4.739406779661017e-05,0.0,0.0,0.0,-0.4739406779661017,-0.4739406779661017,174.0,33.47457627118643,16.949152542372875,-4.739406779661017e-05,0.05021186440677964,-0.020381160948747853,0.002194628957991185,23,88,106,91
PEOPLE,1,1,0,-0.423728813559322,0.03347457627118642,0.01673728813559321,-0.4739406779661017,-4.739406779661017e-05,0.0,0.0,0.0,-0.4739406779661017,-0.4739406779661017,115.0,33.47457627118642,16.94915254237287,-4.739406779661017e-05,0.05021186440677963,-0.020381160948747853,0.0021946289579911848,24,91,108,98
THETA,1,1,0,-0.423728813559322,0.03347457627118644,0.01673728813559322,-0.4739406779661017,-4.739406779661017e-05,0.0,0.0,0.0,-0.4739406779661017,-0.4739406779661017,187.0,33.47457627118644,16.949152542372882,-4.739406779661017e-05,0.05021186440677966,-0.020381160948747853,0.002194628957991186,25,92,105,102
ETHFI,1,1,0,-0.42372881355932207,0.03347457627118642,0.01673728813559321,-0.47394067796610173,-4.739406779661017e-05,0.0,0.0,0.0,-0.47394067796610173,-0.47394067796610173,106.0,33.47457627118642,16.94915254237287,-4.739406779661017e-05,0.05021186440677963,-0.020381160948747853,0.0021946289579911848,26,87,107,90
NEAR,1,1,0,-0.423728813559322,0.03347457627118647,0.016737288135593234,-0.47394067796610173,-4.739406779661017e-05,0.0,0.0,0.0,-0.47394067796610173,-0.47394067796610173,845.0,33.474576271186464,16.949152542372893,-4.739406779661017e-05,0.0502118644067797,-0.020381160948747853,0.002194628957991188,27,89,102,94
ONE,1,1,0,-0.423728813559322,0.03347457627118647,0.016737288135593234,-0.47394067796610173,-4.739406779661017e-05,0.0,0.0,0.0,-0.47394067796610173,-0.47394067796610173,119.0,33.474576271186464,16.949152542372893,-4.739406779661017e-05,0.0502118644067797,-0.020381160948747853,0.002194628957991188,28,90,103,96
UMA,1,1,0,-0.423728813559322,0.033474576271186454,0.016737288135593227,-0.47394067796610173,-4.739406779661017e-05,0.0,0.0,0.0,-0.47394067796610173,-0.47394067796610173,106.0,33.47457627118646,16.94915254237289,-4.739406779661017e-05,0.05021186440677968,-0.020381160948747853,0.002194628957991187,29,93,104,104
GRT,1,1,0,-0.423728813559322,0.033474576271186524,0.016737288135593262,-0.4739406779661018,-4.739406779661018e-05,0.0,0.0,0.0,-0.4739406779661018,-0.4739406779661018,845.0,33.47457627118652,16.94915254237292,-4.739406779661018e-05,0.050211864406779785,-0.020381160948747857,0.0021946289579911917,30,84,99,92
RSR,1,1,0,-0.423728813559322,0.033474576271186496,0.016737288135593248,-0.4739406779661018,-4.739406779661018e-05,0.0,0.0,0.0,-0.4739406779661018,-0.4739406779661018,228.0,33.4745762711865,16.94915254237291,-4.739406779661018e-05,0.050211864406779744,-0.020381160948747857,0.0021946289579911895,31,85,100,100
SHIB,1,1,0,-0.423728813559322,0.03347457627118649,0.016737288135593244,-0.4739406779661018,-4.739406779661018e-05,0.0,0.0,0.0,-0.4739406779661018,-0.4739406779661018,86.0,33.474576271186486,16.949152542372904,-4.739406779661018e-05,0.05021186440677973,-0.020381160948747857,0.002194628957991189,32,86,101,101
CORE,1,0,1,-0.42372881355931835,0.034322033898305036,0.017161016949152518,-0.4752118644067759,-4.752118644067759e-05,0.0,0.0,0.0,-0.4752118644067759,-0.4752118644067759,504.0,34.32203389830504,16.94915254237286,-4.752118644067759e-05,0.05148305084745755,-0.020435826557014335,0.00225018918477577,33,83,96,107
AGLD,1,0,1,-0.4237288135593185,0.03432203389830502,0.01716101694915251,-0.4752118644067761,-4.752118644067761e-05,0.0,0.0,0.0,-0.4752118644067761,-0.4752118644067761,392.0,34.32203389830503,16.949152542372854,-4.752118644067761e-05,0.05148305084745754,-0.020435826557014345,0.002250189184775769,34,82,97,105
CELO,1,0,1,-0.4237288135593197,0.03432203389830504,0.01716101694915252,-0.4752118644067772,-4.7521186440677724e-05,0.0,0.0,0.0,-0.4752118644067772,-0.4752118644067772,44.0,34.322033898305044,16.94915254237286,-4.7521186440677724e-05,0.051483050847457565,-0.020435826557014394,0.0022501891847757703,35,79,95,106
FIL,1,0,1,-0.4237288135593196,0.0343220338983051,0.01716101694915255,-0.4752118644067772,-4.7521186440677724e-05,0.0,0.0,0.0,-0.4752118644067772,-0.4752118644067772,317.0,34.3220338983051,16.94915254237289,-4.7521186440677724e-05,0.05148305084745765,-0.020435826557014394,0.002250189184775774,36,81,92,112
ETC,1,0,1,-0.4237288135593198,0.03432203389830499,0.017161016949152494,-0.47521186440677726,-4.7521186440677724e-05,0.0,0.0,0.0,-0.47521186440677726,-0.47521186440677726,28.0,34.32203389830499,16.949152542372836,-4.7521186440677724e-05,0.05148305084745748,-0.020435826557014397,0.002250189184775767,37,80,98,108
CRV,1,0,1,-0.42372881355931985,0.03432203389830509,0.017161016949152546,-0.47521186440677754,-4.752118644067775e-05,0.0,0.0,0.0,-0.47521186440677754,-0.47521186440677754,20.0,34.322033898305094,16.94915254237289,-4.752118644067775e-05,0.051483050847457634,-0.020435826557014408,0.0022501891847757733,38,78,94,115
LINK,1,0,1,-0.4237288135593199,0.03432203389830509,0.017161016949152546,-0.4752118644067776,-4.752118644067776e-05,0.0,0.0,0.0,-0.4752118644067776,-0.4752118644067776,220.0,34.322033898305094,16.949152542372886,-4.752118644067776e-05,0.051483050847457634,-0.02043582655701441,0.0022501891847757733,39,77,93,113
AAVE,1,0,1,-0.423728813559322,0.034322033898305106,0.017161016949152553,-0.4752118644067797,-4.752118644067797e-05,0.0,0.0,0.0,-0.4752118644067797,-0.4752118644067797,312.0,34.32203389830511,16.949152542372893,-4.752118644067797e-05,0.05148305084745766,-0.0204358265570145,0.0022501891847757746,40,76,91,114
LTC,1,0,1,-0.423728813559322,0.03432203389830512,0.01716101694915256,-0.47521186440677976,-4.7521186440677974e-05,0.0,0.0,0.0,-0.47521186440677976,-0.47521186440677976,280.0,34.32203389830512,16.949152542372904,-4.7521186440677974e-05,0.051483050847457676,-0.020435826557014505,0.002250189184775775,41,75,90,110
API3,2,1,1,-0.8450879237288103,0.06760466419491512,0.03380233209745756,-0.946494920021183,-9.46494920021183e-05,0.0,0.0,0.0,-0.4732474600105915,-0.4732474600105915,58.5,67.60466419491512,33.803516949152474,-9.46494920021183e-05,0.10140699629237268,-0.0407027001457421,0.004432233959751092,42,74,88,74
SNX,2,1,1,-0.8450879237288108,0.06760466419491523,0.033802332097457616,-0.9464949200211836,-9.464949200211836e-05,0.0,0.0,0.0,-0.4732474600105918,-0.4732474600105918,201.0,67.60466419491523,33.80351694915253,-9.464949200211836e-05,0.10140699629237285,-0.04070270014574213,0.0044322339597511,43,73,84,78
BAND,2,1,1,-0.8450879237288111,0.06760466419491518,0.03380233209745759,-0.9464949200211838,-9.464949200211839e-05,0.0,0.0,0.0,-0.4732474600105919,-0.4732474600105919,21.5,67.60466419491516,33.803516949152495,-9.464949200211839e-05,0.10140699629237276,-0.040702700145742135,0.004432233959751095,44,72,87,76
HBAR,2,1,1,-0.8450879237288115,0.0676046641949152,0.0338023320974576,-0.9464949200211843,-9.464949200211843e-05,0.0,0.0,0.0,-0.47324746001059215,-0.47324746001059215,139.5,67.60466419491522,33.803516949152524,-9.464949200211843e-05,0.1014069962923728,-0.040702700145742156,0.004432233959751097,45,71,86,77
AXS,2,1,1,-0.8450879237288136,0.06760466419491522,0.03380233209745761,-0.9464949200211865,-9.464949200211865e-05,0.0,0.0,0.0,-0.47324746001059326,-0.47324746001059326,40.5,67.60466419491522,33.803516949152524,-9.464949200211865e-05,0.10140699629237282,-0.04070270014574225,0.004432233959751098,46,70,85,75
YFI,2,0,2,-0.8450815677966057,0.06845160699152528,0.03422580349576264,-0.9477589782838938,-9.477589782838938e-05,0.0,0.0,0.0,-0.4738794891419469,-0.4738794891419469,13.5,68.45160699152528,33.803262711864335,-9.477589782838938e-05,0.10267741048728792,-0.040757059216610346,0.004487760433697906,47,69,83,88
MANA,2,0,2,-0.8450815677966059,0.06845160699152544,0.03422580349576272,-0.9477589782838941,-9.47758978283894e-05,0.0,0.0,0.0,-0.47387948914194705,-0.47387948914194705,133.0,68.45160699152544,33.80326271186442,-9.47758978283894e-05,0.10267741048728816,-0.04075705921661036,0.004487760433697917,48,68,76,83
XTZ,2,0,2,-0.8450815677966064,0.06845160699152533,0.034225803495762666,-0.9477589782838944,-9.477589782838945e-05,0.0,0.0,0.0,-0.4738794891419472,-0.4738794891419472,220.5,68.45160699152535,33.80326271186437,-9.477589782838945e-05,0.102677410487288,-0.040757059216610374,0.00448776043369791,49,67,82,81
SOL,2,0,2,-0.8450815677966067,0.06845160699152535,0.03422580349576267,-0.9477589782838948,-9.477589782838947e-05,0.0,0.0,0.0,-0.4738794891419474,-0.4738794891419474,4.0,68.45160699152535,33.80326271186437,-9.477589782838947e-05,0.10267741048728801,-0.04075705921661039,0.00448776043369791,50,66,81,87
AVAX,2,0,2,-0.8450815677966068,0.06845160699152542,0.03422580349576271,-0.9477589782838949,-9.477589782838949e-05,0.0,0.0,0.0,-0.47387948914194744,-0.47387948914194744,123.0,68.45160699152541,33.803262711864406,-9.477589782838949e-05,0.10267741048728812,-0.040757059216610395,0.004487760433697916,51,65,78,84
ENJ,2,0,2,-0.845081567796607,0.06845160699152536,0.03422580349576268,-0.9477589782838951,-9.477589782838952e-05,0.0,0.0,0.0,-0.47387948914194755,-0.47387948914194755,120.5,68.45160699152537,33.80326271186438,-9.477589782838952e-05,0.10267741048728804,-0.0407570592166104,0.004487760433697912,52,63,80,85
APE,2,0,2,-0.845081567796607,0.06845160699152543,0.034225803495762715,-0.9477589782838952,-9.477589782838952e-05,0.0,0.0,0.0,-0.4738794891419476,-0.4738794891419476,6.5,68.45160699152544,33.80326271186442,-9.477589782838952e-05,0.10267741048728815,-0.04075705921661041,0.0044877604336979165,53,64,77,86
CFX,2,0,2,-0.8450815677966081,0.06845160699152536,0.03422580349576268,-0.9477589782838962,-9.477589782838962e-05,0.0,0.0,0.0,-0.4738794891419481,-0.4738794891419481,193.5,68.45160699152535,33.80326271186438,-9.477589782838962e-05,0.10267741048728804,-0.04075705921661045,0.004487760433697912,54,62,79,79
ZRX,2,0,2,-0.8450815677966084,0.06845160699152546,0.03422580349576273,-0.9477589782838965,-9.477589782838965e-05,0.0,0.0,0.0,-0.4738794891419483,-0.4738794891419483,117.0,68.45160699152545,33.80326271186443,-9.477589782838965e-05,0.10267741048728818,-0.040757059216610464,0.004487760433697918,55,61,75,82
JUP,3,1,2,-1.2640842626880224,0.10154336765061153,0.050771683825305766,-1.4163993141639397,-0.00014163993141639398,0.0,0.0,0.0,-0.47213310472131326,-0.47213310472131326,16.333333333333332,101.54336765061151,50.56337050752106,-0.00014163993141639398,0.15231505147591728,-0.06091028631168917,0.006657291591463631,56,60,68,61
AUCTION,3,1,2,-1.2640842626880242,0.10154336765061142,0.05077168382530571,-1.4163993141639415,-0.00014163993141639414,0.0,0.0,0.0,-0.4721331047213138,-0.4721331047213138,31.0,101.54336765061144,50.56337050752103,-0.00014163993141639414,0.15231505147591712,-0.060910286311689245,0.006657291591463624,57,59,70,54
BCH,3,1,2,-1.2640842626880253,0.1015433676506116,0.0507716838253058,-1.4163993141639426,-0.00014163993141639425,0.0,0.0,0.0,-0.4721331047213142,-0.4721331047213142,72.33333333333333,101.5433676506116,50.563370507521114,-0.00014163993141639425,0.1523150514759174,-0.06091028631168929,0.006657291591463636,58,58,66,55
ICX,3,1,2,-1.2640842626880253,0.10154336765061173,0.05077168382530586,-1.4163993141639428,-0.00014163993141639428,0.0,0.0,0.0,-0.47213310472131426,-0.47213310472131426,30.0,101.54336765061171,50.56337050752118,-0.00014163993141639428,0.1523150514759176,-0.06091028631168931,0.006657291591463645,59,56,63,59
UNI,3,1,2,-1.2640842626880255,0.10154336765061152,0.05077168382530576,-1.4163993141639428,-0.00014163993141639428,0.0,0.0,0.0,-0.47213310472131426,-0.47213310472131426,60.0,101.54336765061151,50.56337050752107,-0.00014163993141639428,0.15231505147591728,-0.06091028631168931,0.006657291591463631,60,57,69,63
QTUM,3,1,2,-1.2640842626880255,0.10154336765061159,0.050771683825305794,-1.416399314163943,-0.0001416399314163943,0.0,0.0,0.0,-0.47213310472131437,-0.47213310472131437,126.66666666666667,101.5433676506116,50.563370507521114,-0.0001416399314163943,0.1523150514759174,-0.060910286311689314,0.006657291591463636,61,55,67,62
WOO,3,1,2,-1.2640842626880266,0.10154336765061173,0.05077168382530586,-1.4163993141639444,-0.00014163993141639444,0.0,0.0,0.0,-0.4721331047213148,-0.4721331047213148,118.66666666666667,101.54336765061174,50.56337050752117,-0.00014163993141639444,0.1523150514759176,-0.06091028631168937,0.006657291591463645,62,54,65,64
DOT,3,1,2,-1.2640842626880278,0.1015433676506118,0.0507716838253059,-1.4163993141639453,-0.00014163993141639452,0.0,0.0,0.0,-0.4721331047213151,-0.4721331047213151,135.33333333333334,101.54336765061178,50.5633705075212,-0.00014163993141639452,0.1523150514759177,-0.06091028631168941,0.006657291591463649,63,52,62,57
JTO,3,1,2,-1.2640842626880275,0.10154336765061173,0.05077168382530586,-1.4163993141639453,-0.00014163993141639452,0.0,0.0,0.0,-0.4721331047213151,-0.4721331047213151,12.666666666666666,101.54336765061171,50.56337050752117,-0.00014163993141639452,0.1523150514759176,-0.06091028631168941,0.006657291591463645,64,53,64,60
TIA,3,0,3,-1.2640715864645038,0.10238979850362528,0.05119489925181264,-1.4176562842199418,-0.00014176562842199418,0.0,0.0,0.0,-0.4725520947399806,-0.4725520947399806,167.0,102.38979850362531,50.562863458580395,-0.00014176562842199418,0.15358469775543793,-0.0609643405640675,0.006712784501841712,65,51,61,72
ETH,3,0,3,-1.264071586464505,0.10238979850362556,0.05119489925181278,-1.4176562842199434,-0.00014176562842199434,0.0,0.0,0.0,-0.4725520947399811,-0.4725520947399811,71.0,102.38979850362554,50.56286345858052,-0.00014176562842199434,0.15358469775543834,-0.06096434056406757,0.00671278450184173,66,50,56,73
MASK,3,0,3,-1.264071586464506,0.10238979850362538,0.05119489925181269,-1.417656284219944,-0.0001417656284219944,0.0,0.0,0.0,-0.47255209473998133,-0.47255209473998133,12.0,102.38979850362537,50.56286345858044,-0.0001417656284219944,0.15358469775543807,-0.0609643405640676,0.006712784501841718,67,49,60,65
BLUR,3,0,3,-1.2640715864645058,0.10238979850362558,0.05119489925181279,-1.4176562842199443,-0.00014176562842199442,0.0,0.0,0.0,-0.47255209473998144,-0.47255209473998144,128.0,102.38979850362557,50.56286345858054,-0.00014176562842199442,0.15358469775543837,-0.060964340564067604,0.006712784501841732,68,47,55,69
WIF,3,0,3,-1.2640715864645062,0.10238979850362544,0.05119489925181272,-1.4176562842199443,-0.00014176562842199442,0.0,0.0,0.0,-0.47255209473998144,-0.47255209473998144,8.666666666666666,102.38979850362543,50.562863458580466,-0.00014176562842199442,0.15358469775543815,-0.060964340564067604,0.006712784501841722,69,48,57,70
YGG,3,0,3,-1.2640715864645082,0.10238979850362541,0.051194899251812705,-1.4176562842199463,-0.00014176562842199464,0.0,0.0,0.0,-0.4725520947399821,-0.4725520947399821,12.666666666666666,102.3897985036254,50.56286345858045,-0.00014176562842199464,0.15358469775543812,-0.06096434056406769,0.00671278450184172,70,46,58,67
GMT,3,0,3,-1.2640715864645085,0.10238979850362541,0.051194899251812705,-1.4176562842199467,-0.00014176562842199467,0.0,0.0,0.0,-0.4725520947399822,-0.4725520947399822,105.66666666666667,102.3897985036254,50.56286345858045,-0.00014176562842199467,0.15358469775543812,-0.06096434056406771,0.00671278450184172,71,45,59,68
GMX,4,1,3,-1.680731079676525,0.13529175982668026,0.06764587991334013,-1.8836687194165451,-0.00018836687194165452,0.0,0.0,0.0,-0.4709171798541363,-0.4709171798541363,28.25,135.29175982668028,67.2292431870612,-0.00018836687194165452,0.20293763974002038,-0.08100455843821087,0.008869872212506352,72,44,52,41
METIS,4,1,3,-1.680731079676526,0.13529175982668035,0.06764587991334017,-1.8836687194165465,-0.00018836687194165465,0.0,0.0,0.0,-0.4709171798541366,-0.4709171798541366,45.0,135.29175982668033,67.22924318706123,-0.00018836687194165465,0.20293763974002052,-0.08100455843821093,0.008869872212506357,73,43,51,43
INJ,4,1,3,-1.680731079676527,0.13529175982668035,0.06764587991334017,-1.8836687194165476,-0.00018836687194165476,0.0,0.0,0.0,-0.4709171798541369,-0.4709171798541369,14.75,135.29175982668036,67.22924318706124,-0.00018836687194165476,0.20293763974002052,-0.08100455843821099,0.008869872212506357,74,42,50,42
DOGE,4,0,4,-1.6807121186027254,0.13613768160682133,0.06806884080341066,-1.8849186410129577,-0.00018849186410129577,0.0,0.0,0.0,-0.4712296602532394,-0.4712296602532394,12.25,136.13768160682136,67.22848474410932,-0.00018849186410129577,0.204206522410232,-0.08105830958136898,0.00892533174752341,75,41,49,51
COMP,4,0,4,-1.6807121186027267,0.13613768160682138,0.06806884080341069,-1.8849186410129588,-0.00018849186410129588,0.0,0.0,0.0,-0.4712296602532397,-0.4712296602532397,53.25,136.13768160682136,67.22848474410932,-0.00018849186410129588,0.20420652241023207,-0.08105830958136902,0.008925331747523413,76,40,47,52
KSM,4,0,4,-1.680712118602727,0.13613768160682133,0.06806884080341066,-1.8849186410129593,-0.00018849186410129594,0.0,0.0,0.0,-0.4712296602532398,-0.4712296602532398,93.0,136.13768160682133,67.22848474410931,-0.00018849186410129594,0.204206522410232,-0.08105830958136903,0.00892533174752341,77,39,48,48
TRB,4,0,4,-1.6807121186027283,0.1361376816068215,0.06806884080341075,-1.8849186410129608,-0.00018849186410129607,0.0,0.0,0.0,-0.4712296602532402,-0.4712296602532402,7.5,136.13768160682147,67.22848474410938,-0.00018849186410129607,0.20420652241023224,-0.0810583095813691,0.008925331747523422,78,38,42,44
BICO,4,0,4,-1.680712118602729,0.13613768160682144,0.06806884080341072,-1.8849186410129612,-0.00018849186410129613,0.0,0.0,0.0,-0.4712296602532403,-0.4712296602532403,68.5,136.13768160682145,67.22848474410937,-0.00018849186410129613,0.20420652241023216,-0.08105830958136913,0.008925331747523418,79,36,44,45
BONK,4,0,4,-1.680712118602729,0.1361376816068216,0.0680688408034108,-1.8849186410129612,-0.00018849186410129613,0.0,0.0,0.0,-0.4712296602532403,-0.4712296602532403,115.25,136.1376816068216,67.22848474410942,-0.00018849186410129613,0.2042065224102324,-0.08105830958136913,0.008925331747523428,80,37,41,49
CHZ,4,0,4,-1.6807121186027294,0.13613768160682138,0.06806884080341069,-1.8849186410129615,-0.00018849186410129615,0.0,0.0,0.0,-0.47122966025324037,-0.47122966025324037,34.5,136.13768160682142,67.22848474410935,-0.00018849186410129615,0.20420652241023207,-0.08105830958136913,0.008925331747523413,81,34,45,46
ENS,4,0,4,-1.680712118602729,0.13613768160682138,0.06806884080341069,-1.8849186410129615,-0.00018849186410129615,0.0,0.0,0.0,-0.47122966025324037,-0.47122966025324037,93.25,136.1376816068214,67.22848474410934,-0.00018849186410129615,0.20420652241023207,-0.08105830958136913,0.008925331747523413,82,35,46,47
ZIL,4,0,4,-1.6807121186027298,0.13613768160682146,0.06806884080341073,-1.8849186410129621,-0.0001884918641012962,0.0,0.0,0.0,-0.47122966025324053,-0.47122966025324053,35.5,136.13768160682147,67.22848474410937,-0.0001884918641012962,0.20420652241023218,-0.08105830958136916,0.008925331747523418,83,33,43,53
MEW,5,1,4,-2.095041549638764,0.16885090789362156,0.08442545394681078,-2.3483179114791963,-0.00023483179114791963,0.0,0.0,0.0,-0.46966358229583927,-0.46966358229583927,111.8,168.85090789362158,83.80166198555072,-0.00023483179114791963,0.25327636184043234,-0.1009861519337831,0.011070045787716568,84,32,38,35
SAND,5,1,4,-2.095041549638765,0.16885090789362173,0.08442545394681086,-2.3483179114791977,-0.00023483179114791976,0.0,0.0,0.0,-0.46966358229583954,-0.46966358229583954,32.2,168.85090789362175,83.80166198555082,-0.00023483179114791976,0.25327636184043256,-0.10098615193378316,0.011070045787716577,85,31,37,36
ARB,5,1,4,-2.0950415496387658,0.16885090789362153,0.08442545394681077,-2.348317911479198,-0.00023483179114791982,0.0,0.0,0.0,-0.4696635822958396,-0.4696635822958396,45.2,168.85090789362158,83.80166198555071,-0.00023483179114791982,0.2532763618404323,-0.10098615193378317,0.011070045787716564,86,30,39,33
ALGO,5,1,4,-2.095041549638766,0.1688509078936218,0.0844254539468109,-2.3483179114791985,-0.00023483179114791984,0.0,0.0,0.0,-0.4696635822958397,-0.4696635822958397,59.6,168.85090789362178,83.80166198555082,-0.00023483179114791984,0.25327636184043273,-0.1009861519337832,0.011070045787716585,87,29,35,32
LPT,5,1,4,-2.095041549638767,0.16885090789362175,0.08442545394681088,-2.3483179114792,-0.00023483179114791998,0.0,0.0,0.0,-0.46966358229584,-0.46966358229584,325.2,168.85090789362178,83.80166198555082,-0.00023483179114791998,0.2532763618404326,-0.10098615193378326,0.01107004578771658,88,28,36,34
ETHW,5,0,5,-2.0950163389569822,0.16969632345551616,0.08484816172775808,-2.3495608241402564,-0.00023495608241402564,0.0,0.0,0.0,-0.46991216482805126,-0.46991216482805126,55.2,169.69632345551616,83.80065355827958,-0.00023495608241402564,0.2545444851832742,-0.1010396016674059,0.011125472134524944,89,27,34,38
EGLD,5,0,5,-2.0950163389569862,0.1696963234555165,0.08484816172775825,-2.3495608241402617,-0.00023495608241402616,0.0,0.0,0.0,-0.4699121648280523,-0.4699121648280523,63.4,169.69632345551648,83.80065355827976,-0.00023495608241402616,0.25454448518327477,-0.10103960166740614,0.011125472134524968,90,25,32,37
GALA,5,0,5,-2.095016338956987,0.1696963234555165,0.08484816172775825,-2.3495608241402617,-0.00023495608241402616,0.0,0.0,0.0,-0.4699121648280523,-0.4699121648280523,20.0,169.6963234555165,83.80065355827975,-0.00023495608241402616,0.25454448518327477,-0.10103960166740614,0.011125472134524968,91,26,33,40
IMX,6,3,3,-2.50707259291895,0.20054469886028548,0.10027234943014274,-2.807889641209378,-0.0002807889641209378,0.0,0.0,0.0,-0.46798160686822965,-0.46798160686822965,15.0,200.5446988602855,100.28290371675794,-0.0002807889641209378,0.3008170482904282,-0.12074939621009571,0.013147924559966514,92,24,31,26
SSV,6,2,4,-2.507053843331728,0.20138118546241296,0.10069059273120648,-2.809125621525347,-0.0002809125621525347,0.0,0.0,0.0,-0.46818760358755784,-0.46818760358755784,63.666666666666664,201.38118546241293,100.28215373326942,-0.0002809125621525347,0.3020717781936194,-0.12080254782784111,0.01320276551463995,93,23,29,23
1INCH,6,1,5,-2.507028773640685,0.2022218730377776,0.1011109365188888,-2.810361583197351,-0.0002810361583197351,0.0,0.0,0.0,-0.46839359719955853,-0.46839359719955853,45.5,202.2218730377776,100.2811509456278,-0.0002810361583197351,0.3033328095566664,-0.12085569864382868,0.0132578818896038,94,22,27,19
IOTA,6,1,5,-2.507028773640686,0.2022218730377776,0.1011109365188888,-2.810361583197352,-0.0002810361583197352,0.0,0.0,0.0,-0.4683935971995587,-0.4683935971995587,27.5,202.2218730377776,100.28115094562779,-0.0002810361583197352,0.3033328095566664,-0.12085569864382872,0.0132578818896038,95,21,28,21
ADA,6,1,5,-2.507028773640687,0.20222187303777767,0.10111093651888883,-2.8103615831973534,-0.00028103615831973533,0.0,0.0,0.0,-0.4683935971995589,-0.4683935971995589,77.66666666666667,202.2218730377777,100.28115094562781,-0.00028103615831973533,0.3033328095566665,-0.12085569864382878,0.013257881889603805,96,20,25,20
SUI,6,1,5,-2.5070287736406875,0.20222187303777778,0.10111093651888889,-2.810361583197354,-0.0002810361583197354,0.0,0.0,0.0,-0.468393597199559,-0.468393597199559,128.33333333333334,202.22187303777775,100.28115094562784,-0.0002810361583197354,0.30333280955666664,-0.1208556986438288,0.01325788188960381,97,19,24,24
RVN,6,1,5,-2.5070287736406893,0.20222187303777775,0.10111093651888887,-2.810361583197356,-0.0002810361583197356,0.0,0.0,0.0,-0.46839359719955936,-0.46839359719955936,31.0,202.22187303777775,100.28115094562787,-0.0002810361583197356,0.30333280955666664,-0.12085569864382889,0.01325788188960381,98,18,23,22
SUSHI,6,1,5,-2.507028773640694,0.20222187303777767,0.10111093651888883,-2.810361583197361,-0.0002810361583197361,0.0,0.0,0.0,-0.46839359719956014,-0.46839359719956014,32.333333333333336,202.2218730377777,100.28115094562781,-0.0002810361583197361,0.3033328095566665,-0.1208556986438291,0.013257881889603805,99,17,26,25
ACH,6,0,6,-2.5069973483955996,0.20306678522004462,0.10153339261002231,-2.8115975262256665,-0.00028115975262256665,0.0,0.0,0.0,-0.46859958770427773,-0.46859958770427773,73.5,203.0667852200446,100.27989393582449,-0.00028115975262256665,0.30460017783006693,-0.12090884865807029,0.013313275234306383,100,15,19,27
MAGIC,6,0,6,-2.5069973483956005,0.20306678522004418,0.10153339261002209,-2.8115975262256665,-0.00028115975262256665,0.0,0.0,0.0,-0.46859958770427773,-0.46859958770427773,29.5,203.0667852200442,100.27989393582429,-0.00028115975262256665,0.30460017783006627,-0.12090884865807029,0.013313275234306353,101,16,22,29
XRP,6,0,6,-2.506997348395601,0.2030667852200445,0.10153339261002226,-2.8115975262256674,-0.00028115975262256676,0.0,0.0,0.0,-0.4685995877042779,-0.4685995877042779,177.16666666666666,203.0667852200445,100.27989393582445,-0.00028115975262256676,0.30460017783006677,-0.12090884865807033,0.013313275234306374,102,14,20,31
BAT,6,0,6,-2.5069973483956014,0.20306678522004443,0.10153339261002221,-2.8115975262256683,-0.0002811597526225668,0.0,0.0,0.0,-0.46859958770427806,-0.46859958770427806,13.5,203.06678522004435,100.27989393582439,-0.0002811597526225668,0.30460017783006665,-0.12090884865807038,0.01331327523430637,103,13,21,28
LRC,7,1,6,-2.91670577928402,0.2354057104948877,0.11770285524744385,-3.2698143450263513,-0.0003269814345026351,0.0,0.0,0.0,-0.4671163350037645,-0.4671163350037645,42.42857142857143,235.40571049488773,116.66823117136116,-0.0003269814345026351,0.35310856574233157,-0.1406138268706979,0.015433449700549693,104,12,17,15
MEME,7,1,6,-2.9167057792840225,0.23540571049488782,0.11770285524744391,-3.269814345026355,-0.0003269814345026355,0.0,0.0,0.0,-0.467116335003765,-0.467116335003765,23.0,235.40571049488778,116.66823117136123,-0.0003269814345026355,0.35310856574233174,-0.14061382687069804,0.0154334497005497,105,10,16,16
SATS,7,1,6,-2.916705779284023,0.23540571049488804,0.11770285524744402,-3.269814345026355,-0.0003269814345026355,0.0,0.0,0.0,-0.467116335003765,-0.467116335003765,41.857142857142854,235.40571049488804,116.66823117136133,-0.0003269814345026355,0.35310856574233207,-0.14061382687069804,0.015433449700549716,106,11,15,17
APT,7,0,7,-2.9166681743237888,0.23625012212022825,0.11812506106011413,-3.2710433575041313,-0.00032710433575041314,0.0,0.0,0.0,-0.46729190821487593,-0.46729190821487593,26.0,236.25012212022824,116.66672697295222,-0.00032710433575041314,0.3543751831803424,-0.1406666788462345,0.01548881022820578,107,9,14,18
AR,8,3,5,-3.324153990509276,0.2667282920651024,0.1333641460325512,-3.7242464286069294,-0.00037242464286069295,0.0,0.0,0.0,-0.4655308035758662,-0.4655308035758662,5.625,266.72829206510244,132.96615962037123,-0.00037242464286069295,0.4000924380976536,-0.16015604779901638,0.01748699158846312,108,8,12,7
PEPE,8,2,6,-3.3241229157727,0.2675637803301315,0.13378189016506575,-3.725468586267897,-0.0003725468586267897,0.0,0.0,0.0,-0.4656835732834871,-0.4656835732834871,25.25,267.5637803301315,132.96491663090822,-0.0003725468586267897,0.40134567049519726,-0.16020860499267153,0.017541767091090555,109,7,11,10
FLOKI,8,1,7,-3.3240855211182057,0.26840346958345696,0.13420173479172848,-3.726690725493391,-0.0003726690725493391,0.0,0.0,0.0,-0.46583634068667384,-0.46583634068667384,24.125,268.403469583457,132.96342084472872,-0.0003726690725493391,0.40260520437518543,-0.16026116139353477,0.0175968180149957,110,6,10,11
FLOW,8,1,7,-3.324085521118208,0.26840346958345707,0.13420173479172853,-3.726690725493394,-0.00037266907254933937,0.0,0.0,0.0,-0.46583634068667423,-0.46583634068667423,25.5,268.4034695834571,132.96342084472874,-0.00037266907254933937,0.4026052043751856,-0.16026116139353488,0.017596818014995706,111,5,9,8
LQTY,8,1,7,-3.324085521118214,0.2684034695834572,0.1342017347917286,-3.7266907254934,-0.00037266907254934,0.0,0.0,0.0,-0.46583634068667495,-0.46583634068667495,35.625,268.40346958345714,132.9634208447288,-0.00037266907254934,0.40260520437518577,-0.16026116139353513,0.017596818014995713,112,4,8,9
BIGTIME,8,0,8,-3.324041771095592,0.269247383458744,0.134623691729372,-3.7279128462837083,-0.0003727912846283708,0.0,0.0,0.0,-0.4659891057854636,-0.4659891057854636,48.5,269.24738345874397,132.9616708438242,-0.0003727912846283708,0.403871075188116,-0.16031371700161878,0.01765214590962688,113,3,7,13
LDO,10,1,9,-4.132004668751096,0.33384492054172155,0.16692246027086077,-4.632772049563679,-0.00046327720495636785,0.0,0.0,0.0,-0.46327720495636787,-0.46327720495636787,38.4,333.84492054172154,165.28018675004455,-0.00046327720495636785,0.5007673808125823,-0.1992259309460903,0.021887229405492956,114,2,4,4
ORDI,10,1,9,-4.132004668751101,0.33384492054172127,0.16692246027086063,-4.632772049563682,-0.00046327720495636823,0.0,0.0,0.0,-0.4632772049563683,-0.4632772049563683,51.2,333.84492054172125,165.28018675004438,-0.00046327720495636823,0.5007673808125819,-0.19922593094609045,0.02188722940549294,115,1,5,5
