left_out,net_return,net_pnl,sharpe,max_drawdown,profit_factor,delta_net_return,delta_net_pnl,delta_sharpe,delta_max_drawdown,delta_profit_factor,total_trades
TURBO,-0.006720053387849423,-67.20053387849426,-0.7953231061612602,-0.02065526294865449,0.6746566042487901,-0.009045439459614113,-90.45439459613999,-0.9862997126835561,-0.0001750446012598328,-0.43888642699825653,453
AEVO,0.001016697649242504,10.166976492424899,0.09760935563672203,-0.02065526294865449,1.0492222080043148,-0.0013086884225221862,-13.086884225220844,-0.09336725088557386,-0.0001750446012598328,-0.06432082324273192,453
STRK,0.0011938292721223043,11.93829272122168,0.11105331635463611,-0.020559677000417286,1.0580665383068977,-0.0011315567996423859,-11.315567996424063,-0.07992329016765978,-7.945865302263003e-05,-0.055476492940149,451
ATOM,0.001486401405741189,14.864014057410307,0.13193951372551874,-0.02065526294865449,1.0719623569758454,-0.0008389846660235012,-8.389846660235436,-0.05903709279677716,-0.0001750446012598328,-0.04158067427120127,453
W,0.0015023939057845492,15.023939057845457,0.13454252901786598,-0.02032548680103646,1.073916748980789,-0.0008229921659801409,-8.229921659800286,-0.056434077504429914,0.0001547315463581965,-0.03962628226625764,446
DYDX,0.0015363751914312385,15.363751914312882,0.13615214349373284,-0.020512285648194666,1.0749002435799495,-0.0007890108803334517,-7.890108803332861,-0.05482446302856306,-3.206730080001011e-05,-0.03864278766709717,450
PYTH,0.0015752661341823515,15.752661341823524,0.1384932089516184,-0.02060733559822711,1.0764420090444822,-0.0007501199375823386,-7.501199375822219,-0.05248339757067749,-0.000127117250832455,-0.037101022202564504,452
ZETA,0.0016213295828266805,16.21329582826497,0.14357390096959777,-0.020233588922795025,1.0801305981362466,-0.0007040564889380097,-7.0405648893807715,-0.04740270555269813,0.00024662942459963144,-0.03341243311080011,444
ICP,0.001701184614095741,17.01184614095604,0.1476389412461435,-0.020559804486635223,1.0827432291586938,-0.0006242014576689492,-6.2420145766897015,-0.043337665276152404,-7.958613924056654e-05,-0.030799802088352868,451
OP,0.0017125196392000497,17.125196392000397,0.14891670252201092,-0.020465160042979734,1.083679757969325,-0.0006128664325646405,-6.128664325645346,-0.042059904000284976,1.5058304414922175e-05,-0.029863273277721758,449
WLD,0.0017610862076786749,17.61086207678602,0.15404837763320678,-0.020142597594868677,1.0874309383079392,-0.0005642998640860153,-5.642998640859723,-0.036928228889089115,0.0003376207525259793,-0.026112092939107434,442
NEO,0.001777567883376463,17.775678833763074,0.15300140394726833,-0.020559677000417286,1.086458940154567,-0.0005478181883882272,-5.4781818838826695,-0.03797520257502757,-7.945865302263003e-05,-0.027084091092479667,451
IOST,0.0018401586317002838,18.40158631700214,0.15840328429275038,-0.020371824771887623,1.0903286108291865,-0.0004852274400644063,-4.852274400643605,-0.03257332222954551,0.00010839357550703269,-0.02321442041786015,447
CRO,0.0018614980950775184,18.614980950775525,0.15885781273665045,-0.020559804486635223,1.0905406516043286,-0.00046388797668717174,-4.638879766870218,-0.032118793785645444,-7.958613924056654e-05,-0.023002379642718118,451
MERL,0.002058439741884577,20.58439741884538,0.17581472371516915,-0.02000831550424282,1.1028792124678388,-0.00026694632988011335,-2.6694632988003626,-0.015161882807126742,0.0004719028431518363,-0.010663818779207856,439
STX,0.002358831289564156,23.588312895640552,0.1962177885091078,-0.020052864907655205,1.1176306378378669,3.3445217799465965e-05,0.33445217799480886,0.005241181986811894,0.00042735343973945156,0.004087606590820192,440
XLM,0.00238234967818296,23.82349678182893,0.1952080337315339,-0.02041829869459598,1.1166771881348485,5.696360641826992e-05,0.5696360641831859,0.004231427209237998,6.191965279867678e-05,0.003134156887801831,448
BNB,0.002393060311694173,23.930603116941857,0.19460614341471444,-0.020607463803355496,1.1161259014951925,6.767423992948274e-05,0.6767423992961135,0.0036295368924185445,-0.00012724545596084005,0.002582870248145852,453
ETHFI,0.002393060311694173,23.930603116941857,0.1946112655340794,-0.020607463803355312,1.1161259014951925,6.767423992948274e-05,0.6767423992961135,0.003634659011783503,-0.00012724545596065617,0.002582870248145852,453
GAS,0.002393060311694173,23.930603116941857,0.19460614965598427,-0.020607463803355312,1.1161259014951925,6.767423992948274e-05,0.6767423992961135,0.0036295431336883788,-0.00012724545596065617,0.002582870248145852,453
GRT,0.002393060311694173,23.930603116941857,0.1946074433436948,-0.020607463803355312,1.1161259014951925,6.767423992948274e-05,0.6767423992961135,0.0036308368213989195,-0.00012724545596065617,0.002582870248145852,453
MINA,0.002393060311694173,23.930603116941857,0.19460743801855923,-0.020607463803355496,1.1161259014951925,6.767423992948274e-05,0.6767423992961135,0.003630831496263337,-0.00012724545596084005,0.002582870248145852,453
NEAR,0.002393060311694173,23.930603116941857,0.1946074433437578,-0.020607463803355496,1.1161259014951925,6.767423992948274e-05,0.6767423992961135,0.003630836821461897,-0.00012724545596084005,0.002582870248145852,453
NMR,0.002393060311694173,23.930603116941857,0.1946074433437578,-0.020607463803355496,1.1161259014951925,6.767423992948274e-05,0.6767423992961135,0.003630836821461897,-0.00012724545596084005,0.002582870248145852,453
ONE,0.002393060311694173,23.930603116941857,0.19460615970416062,-0.020607463803355496,1.1161259014951925,6.767423992948274e-05,0.6767423992961135,0.0036295531818647253,-0.00012724545596084005,0.002582870248145852,453
ONT,0.002393060311694173,23.930603116941857,0.19460615824629698,-0.020607463803355496,1.1161259014951925,6.767423992948274e-05,0.6767423992961135,0.00362955172400109,-0.00012724545596084005,0.002582870248145852,453
PEOPLE,0.002393060311694173,23.930603116941857,0.1946061597034007,-0.020607463803355312,1.1161259014951925,6.767423992948274e-05,0.6767423992961135,0.0036295531811048054,-0.00012724545596065617,0.002582870248145852,453
RAY,0.002393060311694173,23.930603116941857,0.19460679391868682,-0.020607463803355312,1.1161259014951925,6.767423992948274e-05,0.6767423992961135,0.003630187396390927,-0.00012724545596065617,0.002582870248145852,453
RSR,0.002393060311694173,23.930603116941857,0.19460679391868682,-0.020607463803355312,1.1161259014951925,6.767423992948274e-05,0.6767423992961135,0.003630187396390927,-0.00012724545596065617,0.002582870248145852,453
SHIB,0.002393060311694173,23.930603116941857,0.19460998581283465,-0.020607463803355312,1.1161259014951925,6.767423992948274e-05,0.6767423992961135,0.003633379290538752,-0.00012724545596065617,0.002582870248145852,453
THETA,0.002393060311694173,23.930603116941857,0.19460614959696657,-0.020607463803355496,1.1161259014951925,6.767423992948274e-05,0.6767423992961135,0.0036295430746706714,-0.00012724545596084005,0.002582870248145852,453
UMA,0.002393060311694173,23.930603116941864,0.1946112655340957,-0.020607463803355312,1.1161259014951925,6.767423992948274e-05,0.6767423992961206,0.0036346590117997957,-0.00012724545596065617,0.002582870248145852,453
AAVE,0.0023931885168224643,23.93188516822392,0.19462452415656922,-0.02060733559822711,1.116132845287786,6.780244505777411e-05,0.6780244505781781,0.003647917634273329,-0.000127117250832455,0.0025898140407392134,453
AGLD,0.0023931885168224643,23.93188516822392,0.1946245241565773,-0.02060733559822711,1.1161328452877857,6.780244505777411e-05,0.6780244505781781,0.0036479176342814057,-0.000127117250832455,0.0025898140407389914,453
CELO,0.0023931885168224643,23.93188516822392,0.19461616788449182,-0.02060733559822711,1.1161328452877857,6.780244505777411e-05,0.6780244505781781,0.0036395613621959255,-0.000127117250832455,0.0025898140407389914,453
CORE,0.0023931885168224643,23.93188516822392,0.1946154915579613,-0.02060733559822711,1.1161328452877857,6.780244505777411e-05,0.6780244505781781,0.0036388850356653957,-0.000127117250832455,0.0025898140407389914,453
CRV,0.0023931885168224643,23.93188516822392,0.19461551516782727,-0.02060733559822711,1.1161328452877857,6.780244505777411e-05,0.6780244505781781,0.0036389086455313746,-0.000127117250832455,0.0025898140407389914,453
ETC,0.0023931885168224643,23.93188516822392,0.19461872431570545,-0.02060733559822711,1.1161328452877857,6.780244505777411e-05,0.6780244505781781,0.0036421177934095605,-0.000127117250832455,0.0025898140407389914,453
FIL,0.0023931885168224643,23.93188516822392,0.19461744680169402,-0.02060733559822711,1.1161328452877857,6.780244505777411e-05,0.6780244505781781,0.003640840279398122,-0.000127117250832455,0.0025898140407389914,453
LINK,0.0023931885168224643,23.93188516822392,0.19461550593910168,-0.02060733559822711,1.1161328452877857,6.780244505777411e-05,0.6780244505781781,0.0036388994168057853,-0.000127117250832455,0.0025898140407389914,453
LTC,0.0023931885168224643,23.93188516822392,0.19461550326079408,-0.02060733559822711,1.116132845287786,6.780244505777411e-05,0.6780244505781781,0.003638896738498182,-0.000127117250832455,0.0025898140407392134,453
HBAR,0.0024407196284141897,24.407196284142714,0.1980874502019879,-0.020559804486635223,1.1187131730752033,0.00011533355664949951,1.1533355664969704,0.007110843679692003,-7.958613924056654e-05,0.005170141828156671,452
API3,0.0024407196284144117,24.407196284142714,0.19809334376232926,-0.020559804486635223,1.1187131730752033,0.00011533355664972156,1.1533355664969704,0.007116737240033366,-7.958613924056654e-05,0.005170141828156671,452
AXS,0.0024407196284144117,24.407196284142714,0.19809202759178413,-0.020559804486635223,1.1187131730752033,0.00011533355664972156,1.1533355664969704,0.007115421069488231,-7.958613924056654e-05,0.005170141828156671,452
BAND,0.0024407196284144117,24.407196284142714,0.1980887823169528,-0.020559804486635223,1.1187131730752033,0.00011533355664972156,1.1533355664969704,0.007112175794656894,-7.958613924056654e-05,0.005170141828156671,452
SNX,0.0024407196284144117,24.407196284142714,0.19810054615087896,-0.020559804486635223,1.1187131730752033,0.00011533355664972156,1.1533355664969704,0.00712393962858307,-7.958613924056654e-05,0.005170141828156671,452
APE,0.0024408471146322164,24.408471146322196,0.19810198896627737,-0.020559677000417286,1.1187201099794846,0.00011546104286752623,1.1546104286764525,0.007125382443981476,-7.945865302263003e-05,0.00517707873243789,452
AVAX,0.0024408471146322164,24.408471146322196,0.1980987173034828,-0.020559677000417286,1.1187201099794846,0.00011546104286752623,1.1546104286764525,0.007122110781186908,-7.945865302263003e-05,0.00517707873243789,452
CFX,0.0024408471146322164,24.408471146322196,0.19809676869844745,-0.020559677000417286,1.1187201099794846,0.00011546104286752623,1.1546104286764525,0.007120162176151551,-7.945865302263003e-05,0.00517707873243789,452
ENJ,0.0024408471146322164,24.408471146322196,0.19809740091370923,-0.020559677000417286,1.1187201099794846,0.00011546104286752623,1.1546104286764525,0.007120794391413332,-7.945865302263003e-05,0.00517707873243789,452
MANA,0.0024408471146322164,24.408471146322196,0.1981085394569982,-0.020559677000417286,1.1187201099794846,0.00011546104286752623,1.1546104286764525,0.007131932934702295,-7.945865302263003e-05,0.00517707873243789,452
SOL,0.0024408471146322164,24.408471146322196,0.19810457686524868,-0.020559677000417286,1.1187201099794846,0.00011546104286752623,1.1546104286764525,0.0071279703429527885,-7.945865302263003e-05,0.00517707873243789,452
XTZ,0.0024408471146322164,24.408471146322203,0.19810332244508588,-0.020559677000417286,1.1187201099794846,0.00011546104286752623,1.1546104286764596,0.007126715922789989,-7.945865302263003e-05,0.00517707873243789,452
YFI,0.0024408471146322164,24.408471146322203,0.19810262204792317,-0.020559677000417286,1.1187201099794846,0.00011546104286752623,1.1546104286764596,0.007126015525627277,-7.945865302263003e-05,0.00517707873243789,452
ZRX,0.0024408471146322164,24.408471146322203,0.19810004423080058,-0.020559677000417286,1.1187201099794848,0.00011546104286752623,1.1546104286764596,0.007123437708504682,-7.945865302263003e-05,0.005177078732438112,452
UNI,0.002488111695515771,24.881116955158493,0.2015587424977589,-0.020512412419533575,1.12129785832243,0.00016272562375108102,1.62725623751275,0.010582135975463008,-3.2194072138919116e-05,0.00775482707538333,451
AUCTION,0.002488111695515993,24.881116955158472,0.20155411048283858,-0.020512412419533756,1.12129785832243,0.00016272562375130306,1.6272562375127286,0.010577503960542689,-3.219407213909953e-05,0.00775482707538333,451
BCH,0.002488111695515993,24.881116955158472,0.2015553982001446,-0.020512412419533575,1.12129785832243,0.00016272562375130306,1.6272562375127286,0.010578791677848698,-3.2194072138919116e-05,0.00775482707538333,451
DOT,0.002488111695515993,24.881116955158472,0.20155474780257135,-0.020512412419533756,1.12129785832243,0.00016272562375130306,1.6272562375127286,0.010578141280275455,-3.219407213909953e-05,0.00775482707538333,451
ICX,0.002488111695515993,24.881116955158472,0.2015593870953052,-0.020512412419533575,1.12129785832243,0.00016272562375130306,1.6272562375127286,0.010582780573009293,-3.2194072138919116e-05,0.00775482707538333,451
JTO,0.002488111695515993,24.881116955158472,0.20155739453905633,-0.020512412419533756,1.12129785832243,0.00016272562375130306,1.6272562375127286,0.010580788016760434,-3.219407213909953e-05,0.00775482707538333,451
JUP,0.002488111695515993,24.881116955158472,0.2015534366694679,-0.020512412419533756,1.12129785832243,0.00016272562375130306,1.6272562375127286,0.010576830147172006,-3.219407213909953e-05,0.00775482707538333,451
QTUM,0.002488111695515993,24.881116955158472,0.2015627709514441,-0.020512412419533575,1.12129785832243,0.00016272562375130306,1.6272562375127286,0.010586164429148198,-3.2194072138919116e-05,0.00775482707538333,451
WOO,0.002488111695515993,24.881116955158486,0.20155607562681815,-0.020512412419533575,1.12129785832243,0.00016272562375130306,1.6272562375127428,0.01057946910452226,-3.2194072138919116e-05,0.00775482707538333,451
BLUR,0.002488238466854753,24.882384668548283,0.2015673308945281,-0.020512285648194666,1.1213047882391314,0.00016285239509006288,1.6285239509025402,0.010590724372232213,-3.206730080001011e-05,0.007761756992084701,451
GMT,0.002488238466854753,24.882384668548283,0.20157135168598353,-0.020512285648194666,1.1213047882391314,0.00016285239509006288,1.6285239509025402,0.010594745163687636,-3.206730080001011e-05,0.007761756992084701,451
WIF,0.002488238466854753,24.882384668548298,0.20156534682897415,-0.020512285648194666,1.1213047882391314,0.00016285239509006288,1.6285239509025544,0.010588740306678252,-3.206730080001011e-05,0.007761756992084701,451
ETH,0.002488238466854975,24.882384668548283,0.20156934420210804,-0.020512285648194666,1.1213047882391314,0.00016285239509028493,1.6285239509025402,0.010592737679812142,-3.206730080001011e-05,0.007761756992084701,451
MASK,0.002488238466854975,24.882384668548283,0.20156797765558976,-0.020512285648194666,1.1213047882391314,0.00016285239509028493,1.6285239509025402,0.010591371133293864,-3.206730080001011e-05,0.007761756992084701,451
TIA,0.002488238466854975,24.882384668548298,0.20156063403836977,-0.020512285648194666,1.1213047882391314,0.00016285239509028493,1.6285239509025544,0.010584027516073874,-3.206730080001011e-05,0.007761756992084701,451
YGG,0.002488238466854975,24.88238466854831,0.2015666764161234,-0.020512285648194666,1.1213047882391314,0.00016285239509028493,1.628523950902565,0.01059006989382752,-3.206730080001011e-05,0.007761756992084701,451
METIS,0.0025352380116010487,25.35238011601153,0.20499824716406662,-0.02046528610344849,1.1238799203092487,0.00020985193983635853,2.098519398365788,0.014021640641770722,1.4932243946167573e-05,0.010336889062201982,450
GMX,0.0025352380116012707,25.352380116011513,0.20499696039872317,-0.02046528610344849,1.1238799203092487,0.00020985193983658057,2.09851939836577,0.014020353876427277,1.4932243946167573e-05,0.010336889062201982,450
INJ,0.0025352380116012707,25.35238011601153,0.2050043523890487,-0.02046528610344849,1.1238799203092487,0.00020985193983658057,2.098519398365788,0.014027745866752817,1.4932243946167573e-05,0.010336889062201982,450
BICO,0.002535364072069779,25.353640720698515,0.20501154348015632,-0.020465160042979734,1.123886843139523,0.00020997800030508884,2.0997800030527713,0.014034936957860428,1.5058304414922175e-05,0.010343811892476351,450
BONK,0.002535364072069779,25.353640720698515,0.20500883744728085,-0.020465160042979734,1.1238868431395228,0.00020997800030508884,2.0997800030527713,0.014032230924984956,1.5058304414922175e-05,0.010343811892476129,450
CHZ,0.002535364072069779,25.353640720698515,0.2050068014948207,-0.020465160042979734,1.1238868431395228,0.00020997800030508884,2.0997800030527713,0.014030194972524807,1.5058304414922175e-05,0.010343811892476129,450
COMP,0.002535364072069779,25.3536407206985,0.205023154164089,-0.020465160042979734,1.1238868431395228,0.00020997800030508884,2.099780003052757,0.014046547641793111,1.5058304414922175e-05,0.010343811892476129,450
DOGE,0.002535364072069779,25.3536407206985,0.2050075059317016,-0.020465160042979734,1.1238868431395228,0.00020997800030508884,2.099780003052757,0.014030899409405717,1.5058304414922175e-05,0.010343811892476129,450
KSM,0.002535364072069779,25.3536407206985,0.20500405502224722,-0.020465160042979734,1.1238868431395228,0.00020997800030508884,2.099780003052757,0.014027448499951328,1.5058304414922175e-05,0.010343811892476129,450
TRB,0.002535364072069779,25.35364072069853,0.20500276064591447,-0.020465160042979734,1.1238868431395228,0.00020997800030508884,2.0997800030527856,0.014026154123618573,1.5058304414922175e-05,0.010343811892476129,450
ENS,0.002535364072070001,25.3536407206985,0.20501497922196601,-0.02046516004297955,1.1238868431395228,0.00020997800030531089,2.099780003052757,0.01403837269967012,1.5058304415106055e-05,0.010343811892476129,450
ZIL,0.002535364072070001,25.353640720698525,0.20501833609331022,-0.02046516004297955,1.1238868431395228,0.00020997800030531089,2.099780003052782,0.014041729571014322,1.5058304415106055e-05,0.010343811892476129,450
LPT,0.0025821000668688754,25.821000668690104,0.20841564859404552,-0.020418424048180533,1.1264593222658195,0.00025671399510418524,2.5671399510443607,0.017439042071749622,6.179429921412266e-05,0.012916291018772785,449
MEW,0.0025821000668688754,25.821000668690086,0.20842333302694946,-0.020418424048180533,1.1264593222658195,0.00025671399510418524,2.567139951044343,0.017446726504653565,6.179429921412266e-05,0.012916291018772785,449
SAND,0.0025821000668688754,25.821000668690086,0.20844341307296227,-0.020418424048180533,1.1264593222658192,0.00025671399510418524,2.567139951044343,0.017466806550666375,6.179429921412266e-05,0.012916291018772563,449
ALGO,0.0025821000668690974,25.821000668690104,0.20843719715502843,-0.020418424048180533,1.1264593222658192,0.0002567139951044073,2.5671399510443607,0.01746059063273253,6.179429921412266e-05,0.012916291018772563,449
ARB,0.0025821000668690974,25.821000668690104,0.20843998758856977,-0.020418424048180533,1.1264593222658192,0.0002567139951044073,2.5671399510443607,0.017463381066273875,6.179429921412266e-05,0.012916291018772563,449
EGLD,0.002582225420453721,25.822254204536293,0.20843876860422766,-0.02041829869459598,1.1264662379112453,0.0002568393486890308,2.5683934868905496,0.01746216208193177,6.191965279867678e-05,0.012923206664198661,449
ETHW,0.002582225420453721,25.822254204536293,0.20844018154590455,-0.020418298694595795,1.1264662379112453,0.0002568393486890308,2.5683934868905496,0.017463575023608652,6.191965279886066e-05,0.012923206664198661,449
GALA,0.002582225420453721,25.822254204536293,0.20843314994348303,-0.02041829869459598,1.1264662379112453,0.0002568393486890308,2.5683934868905496,0.017456543421187132,6.191965279867678e-05,0.012923206664198661,449
IMX,0.0026284500361921648,26.284500361922245,0.21180989769468056,-0.020372074078857258,1.1290222107978738,0.00030306396442747463,3.0306396442765013,0.020833291172384666,0.00010814426853739817,0.015479179550827116,448
SSV,0.0026285746906173912,26.285746906172562,0.21182393301569946,-0.020371949424432385,1.1290291191997945,0.0003031886188527011,3.031886188526819,0.020847326493403567,0.00010826892296227075,0.015486087952747862,448
1INCH,0.0026286993431619,26.28699343161952,0.21183590555267923,-0.020371824771887623,1.129036027582049,0.00030331327139720976,3.033132713973778,0.020859299030383333,0.00010839357550703269,0.01549299633500234,448
ADA,0.0026286993431619,26.28699343161952,0.21182598883163553,-0.020371824771887623,1.129036027582049,0.00030331327139720976,3.033132713973778,0.020849382309339637,0.00010839357550703269,0.01549299633500234,448
IOTA,0.0026286993431619,26.28699343161952,0.21183946385680205,-0.020371824771887623,1.129036027582049,0.00030331327139720976,3.033132713973778,0.020862857334506157,0.00010839357550703269,0.01549299633500234,448
RVN,0.0026286993431619,26.28699343161952,0.2118512576498743,-0.020371824771887623,1.129036027582049,0.00030331327139720976,3.033132713973778,0.020874651127578414,0.00010839357550703269,0.01549299633500234,448
SUI,0.0026286993431619,26.286993431619535,0.21183161871227846,-0.020371824771887623,1.129036027582049,0.00030331327139720976,3.0331327139737922,0.020855012189982564,0.00010839357550703269,0.01549299633500234,448
SUSHI,0.0026286993431619,26.28699343161955,0.21184426483486285,-0.020371824771887623,1.129036027582049,0.00030331327139720976,3.0331327139738065,0.020867658312566956,0.00010839357550703269,0.01549299633500234,448
ACH,0.002628823993826357,26.28823993826346,0.21183498887220323,-0.02037170012122333,1.1290429359446366,0.00030343792206166675,3.0343792206177156,0.020858382349907334,0.00010851822617132661,0.015499904697589884,448
BAT,0.002628823993826357,26.28823993826346,0.21185131821668052,-0.02037170012122315,1.1290429359446368,0.00030343792206166675,3.0343792206177156,0.020874711694384623,0.00010851822617150703,0.015499904697590106,448
MAGIC,0.002628823993826357,26.28823993826346,0.21185122414054133,-0.02037170012122333,1.1290429359446368,0.00030343792206166675,3.0343792206177156,0.02087461761824544,0.00010851822617132661,0.015499904697590106,448
XRP,0.002628823993826357,26.288239938263473,0.21183646840039763,-0.02037170012122315,1.1290429359446366,0.00030343792206166675,3.03437922061773,0.020859861878101738,0.00010851822617150703,0.015499904697589884,448
LRC,0.0026750373140131956,26.750373140130815,0.21522594124939315,-0.02032548680103646,1.1316099998095337,0.0003496512422485054,3.496512422485072,0.024249334727097255,0.0001547315463581965,0.018066968562487018,447
MEME,0.0026750373140131956,26.750373140130815,0.21523112090273575,-0.02032548680103646,1.1316099998095337,0.0003496512422485054,3.496512422485072,0.02425451438043985,0.0001547315463581965,0.018066968562487018,447
SATS,0.0026750373140131956,26.750373140130815,0.21522677412181776,-0.02032548680103646,1.1316099998095335,0.0003496512422485054,3.496512422485072,0.024250167599521866,0.0001547315463581965,0.018066968562486796,447
APT,0.002675161265699,26.751612656988748,0.21522870733852886,-0.020325362849350676,1.131616900791729,0.00034977519393430967,3.4977519393430043,0.02425210081623297,0.00015485549804397994,0.018073869544682264,447
AR,0.0027208689258613195,27.208689258613795,0.21856791673651854,-0.02027965518918809,1.1341674155935346,0.0003954828540966293,3.9548285409680517,0.027591310214222647,0.00020056315820656673,0.020624384346487945,446
PEPE,0.0027209921862065833,27.20992186206673,0.21857551805032957,-0.02027953192884288,1.1341743091386005,0.0003956061144418932,3.9560611444209854,0.027598911528033676,0.0002006864185517751,0.020631277891553834,446
FLOKI,0.0027211154446926678,27.211154446926624,0.21858969668546716,-0.020279408670356863,1.134181202663479,0.0003957293729279776,3.957293729280881,0.02761309016317126,0.0002008096770377936,0.020638171416432316,446
FLOW,0.0027211154446926678,27.211154446926624,0.2185977121821476,-0.020279408670356863,1.1341812026634792,0.0003957293729279776,3.957293729280881,0.027621105659851708,0.0002008096770377936,0.020638171416432538,446
LQTY,0.0027211154446926678,27.211154446926642,0.21859469865148048,-0.020279408670356863,1.1341812026634792,0.0003957293729279776,3.9572937292808987,0.02761809212918459,0.0002008096770377936,0.020638171416432538,446
BIGTIME,0.0027212387013193506,27.21238701319379,0.21860091560977812,-0.020279285413730214,1.1341880961681698,0.0003958526295546605,3.9585262955480474,0.02762430908748223,0.0002009329336644418,0.02064506492112317,446
LDO,0.0028124980055816984,28.124980055818043,0.2252800827139319,-0.020188026109467863,1.1393151559410166,0.00048711193381700824,4.871119338172299,0.03430347619163601,0.000292192237926793,0.025772124693969944,444
ORDI,0.0028124980055816984,28.124980055818043,0.22527241259096206,-0.020188026109467863,1.1393151559410166,0.00048711193381700824,4.871119338172299,0.03429580606866617,0.000292192237926793,0.025772124693969944,444
