,portfolio_equity
2023-05-20 00:00:00+00:00,10000.0
2023-05-20 01:00:00+00:00,10000.0
2023-05-20 02:00:00+00:00,10000.0
2023-05-20 03:00:00+00:00,10000.0
2023-05-20 04:00:00+00:00,10000.0
2023-05-20 05:00:00+00:00,10000.0
2023-05-20 06:00:00+00:00,10000.0
2023-05-20 07:00:00+00:00,10000.0
2023-05-20 08:00:00+00:00,10000.0
2023-05-20 09:00:00+00:00,9999.819145028107
2023-05-20 10:00:00+00:00,9999.819145028107
2023-05-20 11:00:00+00:00,9999.819145028107
2023-05-20 12:00:00+00:00,9999.819145028107
2023-05-20 13:00:00+00:00,9999.819145028107
2023-05-20 14:00:00+00:00,9999.819145028107
2023-05-20 15:00:00+00:00,9999.819145028107
2023-05-20 16:00:00+00:00,9999.819145028107
2023-05-20 17:00:00+00:00,9999.819145028107
2023-05-20 18:00:00+00:00,9999.819145028107
2023-05-20 19:00:00+00:00,9999.819145028107
2023-05-20 20:00:00+00:00,9999.819145028107
2023-05-20 21:00:00+00:00,9999.819145028107
2023-05-20 22:00:00+00:00,9999.819145028107
2023-05-20 23:00:00+00:00,9999.819145028107
2023-05-21 00:00:00+00:00,9999.819145028107
2023-05-21 01:00:00+00:00,9999.58781022199
2023-05-21 02:00:00+00:00,9999.58781022199
2023-05-21 03:00:00+00:00,9999.58781022199
2023-05-21 04:00:00+00:00,9999.58781022199
2023-05-21 05:00:00+00:00,9998.372049352425
2023-05-21 06:00:00+00:00,9998.372049352425
2023-05-21 07:00:00+00:00,9998.372049352425
2023-05-21 08:00:00+00:00,9998.372049352425
2023-05-21 09:00:00+00:00,9998.372049352425
2023-05-21 10:00:00+00:00,9998.372049352425
2023-05-21 11:00:00+00:00,9998.372049352425
2023-05-21 12:00:00+00:00,9998.372049352425
2023-05-21 13:00:00+00:00,9998.372049352425
2023-05-21 14:00:00+00:00,9998.372049352425
2023-05-21 15:00:00+00:00,9998.372049352425
2023-05-21 16:00:00+00:00,9998.372049352425
2023-05-21 17:00:00+00:00,9999.017357429311
2023-05-21 18:00:00+00:00,9999.017357429311
2023-05-21 19:00:00+00:00,9999.017357429311
2023-05-21 20:00:00+00:00,9999.017357429311
2023-05-21 21:00:00+00:00,9999.017357429311
2023-05-21 22:00:00+00:00,9999.017357429311
2023-05-21 23:00:00+00:00,9999.017357429311
2023-05-22 00:00:00+00:00,9999.017357429311
2023-05-22 01:00:00+00:00,9999.017357429311
2023-05-22 02:00:00+00:00,9999.017357429311
2023-05-22 03:00:00+00:00,9999.017357429311
2023-05-22 04:00:00+00:00,9999.017357429311
2023-05-22 05:00:00+00:00,9999.017357429311
2023-05-22 06:00:00+00:00,9999.017357429311
2023-05-22 07:00:00+00:00,9999.017357429311
2023-05-22 08:00:00+00:00,9999.017357429311
2023-05-22 09:00:00+00:00,9999.017357429311
2023-05-22 10:00:00+00:00,9996.576992595934
2023-05-22 11:00:00+00:00,9996.576992595934
2023-05-22 12:00:00+00:00,9995.357970856801
2023-05-22 13:00:00+00:00,9994.143476443958
2023-05-22 14:00:00+00:00,9994.143476443958
2023-05-22 15:00:00+00:00,9994.143476443958
2023-05-22 16:00:00+00:00,9994.143476443958
2023-05-22 17:00:00+00:00,9994.143476443958
2023-05-22 18:00:00+00:00,9994.143476443958
2023-05-22 19:00:00+00:00,9994.143476443958
2023-05-22 20:00:00+00:00,9994.143476443958
2023-05-22 21:00:00+00:00,9994.143476443958
2023-05-22 22:00:00+00:00,9994.143476443958
2023-05-22 23:00:00+00:00,9994.143476443958
2023-05-23 00:00:00+00:00,9994.143476443958
2023-05-23 01:00:00+00:00,9993.783862698796
2023-05-23 02:00:00+00:00,9993.783862698796
2023-05-23 03:00:00+00:00,9993.783862698796
2023-05-23 04:00:00+00:00,9993.783862698796
2023-05-23 05:00:00+00:00,9993.783862698796
2023-05-23 06:00:00+00:00,9993.783862698796
2023-05-23 07:00:00+00:00,9993.783862698796
2023-05-23 08:00:00+00:00,9993.783862698796
2023-05-23 09:00:00+00:00,9993.783862698796
2023-05-23 10:00:00+00:00,9993.783862698796
2023-05-23 11:00:00+00:00,9996.28203684007
2023-05-23 12:00:00+00:00,9996.28203684007
2023-05-23 13:00:00+00:00,9996.28203684007
2023-05-23 14:00:00+00:00,9996.28203684007
2023-05-23 15:00:00+00:00,9996.28203684007
2023-05-23 16:00:00+00:00,9996.28203684007
2023-05-23 17:00:00+00:00,9996.28203684007
2023-05-23 18:00:00+00:00,9996.28203684007
2023-05-23 19:00:00+00:00,9996.28203684007
2023-05-23 20:00:00+00:00,9996.28203684007
2023-05-23 21:00:00+00:00,9996.28203684007
2023-05-23 22:00:00+00:00,9996.28203684007
2023-05-23 23:00:00+00:00,9996.28203684007
2023-05-24 00:00:00+00:00,9996.28203684007
2023-05-24 01:00:00+00:00,9996.28203684007
2023-05-24 02:00:00+00:00,9996.28203684007
2023-05-24 03:00:00+00:00,9998.901424310485
2023-05-24 04:00:00+00:00,9998.901424310485
2023-05-24 05:00:00+00:00,9999.202825675917
2023-05-24 06:00:00+00:00,9999.202825675917
2023-05-24 07:00:00+00:00,9999.202825675917
2023-05-24 08:00:00+00:00,9999.202825675917
2023-05-24 09:00:00+00:00,9999.202825675917
2023-05-24 10:00:00+00:00,9999.202825675917
2023-05-24 11:00:00+00:00,9999.279993384183
2023-05-24 12:00:00+00:00,9999.535034636594
2023-05-24 13:00:00+00:00,9999.535034636594
2023-05-24 14:00:00+00:00,9999.535034636594
2023-05-24 15:00:00+00:00,9998.299894538399
2023-05-24 16:00:00+00:00,9998.299894538399
2023-05-24 17:00:00+00:00,9998.299894538399
2023-05-24 18:00:00+00:00,9998.299894538399
2023-05-24 19:00:00+00:00,9998.299894538399
2023-05-24 20:00:00+00:00,9998.299894538399
2023-05-24 21:00:00+00:00,9998.299894538399
2023-05-24 22:00:00+00:00,9998.299894538399
2023-05-24 23:00:00+00:00,9997.071680488307
2023-05-25 00:00:00+00:00,9997.071680488307
2023-05-25 01:00:00+00:00,9997.071680488307
2023-05-25 02:00:00+00:00,9995.8503536485
2023-05-25 03:00:00+00:00,9995.8503536485
2023-05-25 04:00:00+00:00,9995.8503536485
2023-05-25 05:00:00+00:00,9995.8503536485
2023-05-25 06:00:00+00:00,9995.8503536485
2023-05-25 07:00:00+00:00,9995.8503536485
2023-05-25 08:00:00+00:00,9995.8503536485
2023-05-25 09:00:00+00:00,9995.8503536485
2023-05-25 10:00:00+00:00,9995.8503536485
2023-05-25 11:00:00+00:00,9995.8503536485
2023-05-25 12:00:00+00:00,9994.642669513074
2023-05-25 13:00:00+00:00,9994.642669513074
2023-05-25 14:00:00+00:00,9994.642669513074
2023-05-25 15:00:00+00:00,9994.642669513074
2023-05-25 16:00:00+00:00,9994.642669513074
2023-05-25 17:00:00+00:00,9994.642669513074
2023-05-25 18:00:00+00:00,9994.642669513074
2023-05-25 19:00:00+00:00,9994.642669513074
2023-05-25 20:00:00+00:00,9994.642669513074
2023-05-25 21:00:00+00:00,9996.46827409801
2023-05-25 22:00:00+00:00,9996.46827409801
2023-05-25 23:00:00+00:00,9996.46827409801
2023-05-26 00:00:00+00:00,9997.611033990468
2023-05-26 01:00:00+00:00,9997.611033990468
2023-05-26 02:00:00+00:00,9997.611033990468
2023-05-26 03:00:00+00:00,9997.611033990468
2023-05-26 04:00:00+00:00,9997.611033990468
2023-05-26 05:00:00+00:00,9999.183276115291
2023-05-26 06:00:00+00:00,9999.183276115291
2023-05-26 07:00:00+00:00,9999.183276115291
2023-05-26 08:00:00+00:00,9997.962564268002
2023-05-26 09:00:00+00:00,9997.962564268002
2023-05-26 10:00:00+00:00,9997.962564268002
2023-05-26 11:00:00+00:00,9997.962564268002
2023-05-26 12:00:00+00:00,9997.962564268002
2023-05-26 13:00:00+00:00,9997.962564268002
2023-05-26 14:00:00+00:00,9997.962564268002
2023-05-26 15:00:00+00:00,9997.962564268002
2023-05-26 16:00:00+00:00,9997.962564268002
2023-05-26 17:00:00+00:00,9997.962564268002
2023-05-26 18:00:00+00:00,9997.962564268002
2023-05-26 19:00:00+00:00,9997.962564268002
2023-05-26 20:00:00+00:00,9997.962564268002
2023-05-26 21:00:00+00:00,9997.962564268002
2023-05-26 22:00:00+00:00,9997.962564268002
2023-05-26 23:00:00+00:00,9997.962564268002
2023-05-27 00:00:00+00:00,9998.933572576992
2023-05-27 01:00:00+00:00,9998.933572576992
2023-05-27 02:00:00+00:00,9998.933572576992
2023-05-27 03:00:00+00:00,9998.933572576992
2023-05-27 04:00:00+00:00,9998.933572576992
2023-05-27 05:00:00+00:00,9998.933572576992
2023-05-27 06:00:00+00:00,9997.71455083786
2023-05-27 07:00:00+00:00,9997.71455083786
2023-05-27 08:00:00+00:00,9997.71455083786
2023-05-27 09:00:00+00:00,9997.54333327059
2023-05-27 10:00:00+00:00,9997.54333327059
2023-05-27 11:00:00+00:00,9997.54333327059
2023-05-27 12:00:00+00:00,9997.54333327059
2023-05-27 13:00:00+00:00,9997.54333327059
2023-05-27 14:00:00+00:00,9997.54333327059
2023-05-27 15:00:00+00:00,9997.54333327059
2023-05-27 16:00:00+00:00,9997.54333327059
2023-05-27 17:00:00+00:00,9997.54333327059
2023-05-27 18:00:00+00:00,9997.54333327059
2023-05-27 19:00:00+00:00,9997.54333327059
2023-05-27 20:00:00+00:00,9997.54333327059
2023-05-27 21:00:00+00:00,9997.54333327059
2023-05-27 22:00:00+00:00,9997.54333327059
2023-05-27 23:00:00+00:00,9997.54333327059
2023-05-28 00:00:00+00:00,9997.54333327059
2023-05-28 01:00:00+00:00,9997.54333327059
2023-05-28 02:00:00+00:00,9997.902948329973
2023-05-28 03:00:00+00:00,9997.902948329973
2023-05-28 04:00:00+00:00,9997.902948329973
2023-05-28 05:00:00+00:00,9997.902948329973
2023-05-28 06:00:00+00:00,9997.902948329973
2023-05-28 07:00:00+00:00,9997.902948329973
2023-05-28 08:00:00+00:00,9997.902948329973
2023-05-28 09:00:00+00:00,9997.902948329973
2023-05-28 10:00:00+00:00,9997.902948329973
2023-05-28 11:00:00+00:00,9997.902948329973
2023-05-28 12:00:00+00:00,9997.902948329973
2023-05-28 13:00:00+00:00,9997.902948329973
2023-05-28 14:00:00+00:00,9997.902948329973
2023-05-28 15:00:00+00:00,9996.689705816307
2023-05-28 16:00:00+00:00,9996.689705816307
2023-05-28 17:00:00+00:00,9996.689705816307
2023-05-28 18:00:00+00:00,9996.689705816307
2023-05-28 19:00:00+00:00,9996.689705816307
2023-05-28 20:00:00+00:00,9996.689705816307
2023-05-28 21:00:00+00:00,9996.689705816307
2023-05-28 22:00:00+00:00,9996.689705816307
2023-05-28 23:00:00+00:00,9996.689705816307
2023-05-29 00:00:00+00:00,9996.689705816307
2023-05-29 01:00:00+00:00,9996.689705816307
2023-05-29 02:00:00+00:00,9995.473944946743
2023-05-29 03:00:00+00:00,9994.654520920034
2023-05-29 04:00:00+00:00,9994.654520920034
2023-05-29 05:00:00+00:00,9994.654520920034
2023-05-29 06:00:00+00:00,9994.654520920034
2023-05-29 07:00:00+00:00,9994.654520920034
2023-05-29 08:00:00+00:00,9994.654520920034
2023-05-29 09:00:00+00:00,9994.654520920034
2023-05-29 10:00:00+00:00,9994.654520920034
2023-05-29 11:00:00+00:00,9994.041271937482
2023-05-29 12:00:00+00:00,9994.041271937482
2023-05-29 13:00:00+00:00,9994.041271937482
2023-05-29 14:00:00+00:00,9994.041271937482
2023-05-29 15:00:00+00:00,9994.041271937482
2023-05-29 16:00:00+00:00,9994.041271937482
2023-05-29 17:00:00+00:00,9993.931410539755
2023-05-29 18:00:00+00:00,9993.931410539755
2023-05-29 19:00:00+00:00,9993.931410539755
2023-05-29 20:00:00+00:00,9993.931410539755
2023-05-29 21:00:00+00:00,9993.931410539755
2023-05-29 22:00:00+00:00,9993.931410539755
2023-05-29 23:00:00+00:00,9993.931410539755
2023-05-30 00:00:00+00:00,9993.931410539755
2023-05-30 01:00:00+00:00,9994.285212081235
2023-05-30 02:00:00+00:00,9994.285212081235
2023-05-30 03:00:00+00:00,9994.285212081235
2023-05-30 04:00:00+00:00,9994.285212081235
2023-05-30 05:00:00+00:00,9994.285212081235
2023-05-30 06:00:00+00:00,9994.285212081235
2023-05-30 07:00:00+00:00,9994.285212081235
2023-05-30 08:00:00+00:00,9994.285212081235
2023-05-30 09:00:00+00:00,9994.285212081235
2023-05-30 10:00:00+00:00,9994.285212081235
2023-05-30 11:00:00+00:00,9994.285212081235
2023-05-30 12:00:00+00:00,9994.285212081235
2023-05-30 13:00:00+00:00,9994.285212081235
2023-05-30 14:00:00+00:00,9994.285212081235
2023-05-30 15:00:00+00:00,9994.285212081235
2023-05-30 16:00:00+00:00,9994.285212081235
2023-05-30 17:00:00+00:00,9994.285212081235
2023-05-30 18:00:00+00:00,9994.285212081235
2023-05-30 19:00:00+00:00,9994.285212081235
2023-05-30 20:00:00+00:00,9994.285212081235
2023-05-30 21:00:00+00:00,9994.285212081235
2023-05-30 22:00:00+00:00,9994.285212081235
2023-05-30 23:00:00+00:00,9994.285212081235
2023-05-31 00:00:00+00:00,9994.285212081235
2023-05-31 01:00:00+00:00,9994.285212081235
2023-05-31 02:00:00+00:00,9994.285212081235
2023-05-31 03:00:00+00:00,9994.285212081235
2023-05-31 04:00:00+00:00,9994.285212081235
2023-05-31 05:00:00+00:00,9993.076250354332
2023-05-31 06:00:00+00:00,9993.076250354332
2023-05-31 07:00:00+00:00,9993.076250354332
2023-05-31 08:00:00+00:00,9993.076250354332
2023-05-31 09:00:00+00:00,9993.076250354332
2023-05-31 10:00:00+00:00,9993.076250354332
2023-05-31 11:00:00+00:00,9993.076250354332
2023-05-31 12:00:00+00:00,9993.076250354332
2023-05-31 13:00:00+00:00,9993.076250354332
2023-05-31 14:00:00+00:00,9993.076250354332
2023-05-31 15:00:00+00:00,9993.076250354332
2023-05-31 16:00:00+00:00,9993.076250354332
2023-05-31 17:00:00+00:00,9993.076250354332
2023-05-31 18:00:00+00:00,9993.076250354332
2023-05-31 19:00:00+00:00,9993.076250354332
2023-05-31 20:00:00+00:00,9993.076250354332
2023-05-31 21:00:00+00:00,9993.076250354332
2023-05-31 22:00:00+00:00,9993.076250354332
2023-05-31 23:00:00+00:00,9993.076250354332
2023-06-01 00:00:00+00:00,9993.076250354332
2023-06-01 01:00:00+00:00,9993.076250354332
2023-06-01 02:00:00+00:00,9993.076250354332
2023-06-01 03:00:00+00:00,9993.076250354332
2023-06-01 04:00:00+00:00,9993.076250354332
2023-06-01 05:00:00+00:00,9993.076250354332
2023-06-01 06:00:00+00:00,9993.076250354332
2023-06-01 07:00:00+00:00,9993.076250354332
2023-06-01 08:00:00+00:00,9993.076250354332
2023-06-01 09:00:00+00:00,9992.504721717507
2023-06-01 10:00:00+00:00,9992.504721717507
2023-06-01 11:00:00+00:00,9992.504721717507
2023-06-01 12:00:00+00:00,9992.504721717507
2023-06-01 13:00:00+00:00,9992.252683236211
2023-06-01 14:00:00+00:00,9993.667389331951
2023-06-01 15:00:00+00:00,9993.667389331951
2023-06-01 16:00:00+00:00,9993.667389331951
2023-06-01 17:00:00+00:00,9993.667389331951
2023-06-01 18:00:00+00:00,9993.667389331951
2023-06-01 19:00:00+00:00,9993.667389331951
2023-06-01 20:00:00+00:00,9993.667389331951
2023-06-01 21:00:00+00:00,9993.667389331951
2023-06-01 22:00:00+00:00,9993.667389331951
2023-06-01 23:00:00+00:00,9993.667389331951
2023-06-02 00:00:00+00:00,9993.667389331951
2023-06-02 01:00:00+00:00,9993.667389331951
2023-06-02 02:00:00+00:00,9993.667389331951
2023-06-02 03:00:00+00:00,9993.667389331951
2023-06-02 04:00:00+00:00,9993.667389331951
2023-06-02 05:00:00+00:00,9993.667389331951
2023-06-02 06:00:00+00:00,9993.667389331951
2023-06-02 07:00:00+00:00,9993.667389331951
2023-06-02 08:00:00+00:00,9993.667389331951
2023-06-02 09:00:00+00:00,9993.667389331951
2023-06-02 10:00:00+00:00,9993.667389331951
2023-06-02 11:00:00+00:00,9993.667389331951
2023-06-02 12:00:00+00:00,9993.667389331951
2023-06-02 13:00:00+00:00,9993.667389331951
2023-06-02 14:00:00+00:00,9993.667389331951
2023-06-02 15:00:00+00:00,9993.667389331951
2023-06-02 16:00:00+00:00,9993.667389331951
2023-06-02 17:00:00+00:00,9993.667389331951
2023-06-02 18:00:00+00:00,9993.667389331951
2023-06-02 19:00:00+00:00,9993.667389331951
2023-06-02 20:00:00+00:00,9993.667389331951
2023-06-02 21:00:00+00:00,9993.667389331951
2023-06-02 22:00:00+00:00,9993.667389331951
2023-06-02 23:00:00+00:00,9993.667389331951
2023-06-03 00:00:00+00:00,9993.667389331951
2023-06-03 01:00:00+00:00,9993.667389331951
2023-06-03 02:00:00+00:00,9993.667389331951
2023-06-03 03:00:00+00:00,9993.667389331951
2023-06-03 04:00:00+00:00,9993.667389331951
2023-06-03 05:00:00+00:00,9993.667389331951
2023-06-03 06:00:00+00:00,9993.667389331951
2023-06-03 07:00:00+00:00,9993.667389331951
2023-06-03 08:00:00+00:00,9993.667389331951
2023-06-03 09:00:00+00:00,9993.667389331951
2023-06-03 10:00:00+00:00,9993.667389331951
2023-06-03 11:00:00+00:00,9993.667389331951
2023-06-03 12:00:00+00:00,9993.667389331951
2023-06-03 13:00:00+00:00,9993.667389331951
2023-06-03 14:00:00+00:00,9993.667389331951
2023-06-03 15:00:00+00:00,9993.667389331951
2023-06-03 16:00:00+00:00,9993.667389331951
2023-06-03 17:00:00+00:00,9993.667389331951
2023-06-03 18:00:00+00:00,9993.667389331951
2023-06-03 19:00:00+00:00,9993.667389331951
2023-06-03 20:00:00+00:00,9993.667389331951
2023-06-03 21:00:00+00:00,9992.451628462386
2023-06-03 22:00:00+00:00,9992.451628462386
2023-06-03 23:00:00+00:00,9992.451628462386
2023-06-04 00:00:00+00:00,9992.451628462386
2023-06-04 01:00:00+00:00,9992.451628462386
2023-06-04 02:00:00+00:00,9992.451628462386
2023-06-04 03:00:00+00:00,9992.451628462386
2023-06-04 04:00:00+00:00,9992.451628462386
2023-06-04 05:00:00+00:00,9992.451628462386
2023-06-04 06:00:00+00:00,9992.451628462386
2023-06-04 07:00:00+00:00,9992.451628462386
2023-06-04 08:00:00+00:00,9992.451628462386
2023-06-04 09:00:00+00:00,9992.451628462386
2023-06-04 10:00:00+00:00,9992.451628462386
2023-06-04 11:00:00+00:00,9992.451628462386
2023-06-04 12:00:00+00:00,9992.451628462386
2023-06-04 13:00:00+00:00,9992.451628462386
2023-06-04 14:00:00+00:00,9992.451628462386
2023-06-04 15:00:00+00:00,9992.451628462386
2023-06-04 16:00:00+00:00,9992.451628462386
2023-06-04 17:00:00+00:00,9992.451628462386
2023-06-04 18:00:00+00:00,9992.451628462386
2023-06-04 19:00:00+00:00,9992.451628462386
2023-06-04 20:00:00+00:00,9992.451628462386
2023-06-04 21:00:00+00:00,9991.23586759282
2023-06-04 22:00:00+00:00,9991.23586759282
2023-06-04 23:00:00+00:00,9991.23586759282
2023-06-05 00:00:00+00:00,9991.23586759282
2023-06-05 01:00:00+00:00,9991.23586759282
2023-06-05 02:00:00+00:00,9991.817852063747
2023-06-05 03:00:00+00:00,9991.817852063747
2023-06-05 04:00:00+00:00,9992.142027589869
2023-06-05 05:00:00+00:00,9992.142027589869
2023-06-05 06:00:00+00:00,9992.142027589869
2023-06-05 07:00:00+00:00,9992.142027589869
2023-06-05 08:00:00+00:00,9992.142027589869
2023-06-05 09:00:00+00:00,9992.142027589869
2023-06-05 10:00:00+00:00,9992.142027589869
2023-06-05 11:00:00+00:00,9990.920783391894
2023-06-05 12:00:00+00:00,9990.920783391894
2023-06-05 13:00:00+00:00,9990.920783391894
2023-06-05 14:00:00+00:00,9990.920783391894
2023-06-05 15:00:00+00:00,9990.920783391894
2023-06-05 16:00:00+00:00,9990.920783391894
2023-06-05 17:00:00+00:00,9990.920783391894
2023-06-05 18:00:00+00:00,9989.705022522327
2023-06-05 19:00:00+00:00,9989.705022522327
2023-06-05 20:00:00+00:00,9989.705022522327
2023-06-05 21:00:00+00:00,9989.705022522327
2023-06-05 22:00:00+00:00,9989.705022522327
2023-06-05 23:00:00+00:00,9989.705022522327
2023-06-06 00:00:00+00:00,9989.705022522327
2023-06-06 01:00:00+00:00,9989.705022522327
2023-06-06 02:00:00+00:00,9989.705022522327
2023-06-06 03:00:00+00:00,9989.705022522327
2023-06-06 04:00:00+00:00,9989.705022522327
2023-06-06 05:00:00+00:00,9988.498583266055
2023-06-06 06:00:00+00:00,9988.498583266055
2023-06-06 07:00:00+00:00,9988.498583266055
2023-06-06 08:00:00+00:00,9988.498583266055
2023-06-06 09:00:00+00:00,9988.498583266055
2023-06-06 10:00:00+00:00,9988.498583266055
2023-06-06 11:00:00+00:00,9994.12262039096
2023-06-06 12:00:00+00:00,9999.55642607102
2023-06-06 13:00:00+00:00,9999.55642607102
2023-06-06 14:00:00+00:00,9992.240953560617
2023-06-06 15:00:00+00:00,9992.240953560617
2023-06-06 16:00:00+00:00,9992.240953560617
2023-06-06 17:00:00+00:00,9991.014699289923
2023-06-06 18:00:00+00:00,9991.014699289923
2023-06-06 19:00:00+00:00,9989.79118338003
2023-06-06 20:00:00+00:00,9989.79118338003
2023-06-06 21:00:00+00:00,9989.79118338003
2023-06-06 22:00:00+00:00,9989.79118338003
2023-06-06 23:00:00+00:00,9989.79118338003
2023-06-07 00:00:00+00:00,9991.15089271104
2023-06-07 01:00:00+00:00,9998.171458456523
2023-06-07 02:00:00+00:00,10000.341234084293
2023-06-07 03:00:00+00:00,10000.341234084293
2023-06-07 04:00:00+00:00,10000.341234084293
2023-06-07 05:00:00+00:00,10000.624073084962
2023-06-07 06:00:00+00:00,10000.930677884038
2023-06-07 07:00:00+00:00,10000.930677884038
2023-06-07 08:00:00+00:00,10000.930677884038
2023-06-07 09:00:00+00:00,10000.547716675308
2023-06-07 10:00:00+00:00,10000.547716675308
2023-06-07 11:00:00+00:00,9999.317609963718
2023-06-07 12:00:00+00:00,9999.317609963718
2023-06-07 13:00:00+00:00,9999.317609963718
2023-06-07 14:00:00+00:00,9999.317609963718
2023-06-07 15:00:00+00:00,9999.317609963718
2023-06-07 16:00:00+00:00,9999.317609963718
2023-06-07 17:00:00+00:00,9999.317609963718
2023-06-07 18:00:00+00:00,9999.317609963718
2023-06-07 19:00:00+00:00,9999.317609963718
2023-06-07 20:00:00+00:00,9999.317609963718
2023-06-07 21:00:00+00:00,9999.317609963718
2023-06-07 22:00:00+00:00,9999.317609963718
2023-06-07 23:00:00+00:00,9999.317609963718
2023-06-08 00:00:00+00:00,9999.317609963718
2023-06-08 01:00:00+00:00,9999.317609963718
2023-06-08 02:00:00+00:00,9999.475942043755
2023-06-08 03:00:00+00:00,9999.475942043755
2023-06-08 04:00:00+00:00,9999.475942043755
2023-06-08 05:00:00+00:00,10003.377389653251
2023-06-08 06:00:00+00:00,10003.377389653251
2023-06-08 07:00:00+00:00,10003.377389653251
2023-06-08 08:00:00+00:00,10003.377389653251
2023-06-08 09:00:00+00:00,10003.377389653251
2023-06-08 10:00:00+00:00,10003.377389653251
2023-06-08 11:00:00+00:00,10004.256835333093
2023-06-08 12:00:00+00:00,10004.256835333093
2023-06-08 13:00:00+00:00,10006.232065810895
2023-06-08 14:00:00+00:00,10006.232065810895
2023-06-08 15:00:00+00:00,10006.232065810895
2023-06-08 16:00:00+00:00,10011.892769958717
2023-06-08 17:00:00+00:00,10013.566240343373
2023-06-08 18:00:00+00:00,10013.566240343373
2023-06-08 19:00:00+00:00,10013.566240343373
2023-06-08 20:00:00+00:00,10013.566240343373
2023-06-08 21:00:00+00:00,10013.566240343373
2023-06-08 22:00:00+00:00,10013.566240343373
2023-06-08 23:00:00+00:00,10013.566240343373
2023-06-09 00:00:00+00:00,10014.138018755815
2023-06-09 01:00:00+00:00,10014.138018755815
2023-06-09 02:00:00+00:00,10014.138018755815
2023-06-09 03:00:00+00:00,10014.138018755815
2023-06-09 04:00:00+00:00,10014.138018755815
2023-06-09 05:00:00+00:00,10014.138018755815
2023-06-09 06:00:00+00:00,10014.138018755815
2023-06-09 07:00:00+00:00,10014.138018755815
2023-06-09 08:00:00+00:00,10014.138018755815
2023-06-09 09:00:00+00:00,10012.91480986761
2023-06-09 10:00:00+00:00,10012.91480986761
2023-06-09 11:00:00+00:00,10012.91480986761
2023-06-09 12:00:00+00:00,10011.668366794278
2023-06-09 13:00:00+00:00,10011.668366794278
2023-06-09 14:00:00+00:00,10011.622715371397
2023-06-09 15:00:00+00:00,10012.010421491756
2023-06-09 16:00:00+00:00,10012.010421491756
2023-06-09 17:00:00+00:00,10012.010421491756
2023-06-09 18:00:00+00:00,10012.010421491756
2023-06-09 19:00:00+00:00,10012.179615811734
2023-06-09 20:00:00+00:00,10012.179615811734
2023-06-09 21:00:00+00:00,10012.179615811734
2023-06-09 22:00:00+00:00,10012.179615811734
2023-06-09 23:00:00+00:00,10012.179615811734
2023-06-10 00:00:00+00:00,10012.179615811734
2023-06-10 01:00:00+00:00,10012.179615811734
2023-06-10 02:00:00+00:00,10012.179615811734
2023-06-10 03:00:00+00:00,10012.179615811734
2023-06-10 04:00:00+00:00,10012.179615811734
2023-06-10 05:00:00+00:00,10012.179615811734
2023-06-10 06:00:00+00:00,10012.179615811734
2023-06-10 07:00:00+00:00,10012.179615811734
2023-06-10 08:00:00+00:00,10012.179615811734
2023-06-10 09:00:00+00:00,10012.179615811734
2023-06-10 10:00:00+00:00,10012.179615811734
2023-06-10 11:00:00+00:00,10012.179615811734
2023-06-10 12:00:00+00:00,10012.179615811734
2023-06-10 13:00:00+00:00,10012.179615811734
2023-06-10 14:00:00+00:00,10012.179615811734
2023-06-10 15:00:00+00:00,10012.179615811734
2023-06-10 16:00:00+00:00,10012.179615811734
2023-06-10 17:00:00+00:00,10012.179615811734
2023-06-10 18:00:00+00:00,10024.053370571462
2023-06-10 19:00:00+00:00,10024.053370571462
2023-06-10 20:00:00+00:00,10024.053370571462
2023-06-10 21:00:00+00:00,10024.053370571462
2023-06-10 22:00:00+00:00,10024.053370571462
2023-06-10 23:00:00+00:00,10024.053370571462
2023-06-11 00:00:00+00:00,10046.447094640576
2023-06-11 01:00:00+00:00,10046.447094640576
2023-06-11 02:00:00+00:00,10046.447094640576
2023-06-11 03:00:00+00:00,10057.992272930825
2023-06-11 04:00:00+00:00,10057.992272930825
2023-06-11 05:00:00+00:00,10057.992272930825
2023-06-11 06:00:00+00:00,10057.992272930825
2023-06-11 07:00:00+00:00,10091.762710399344
2023-06-11 08:00:00+00:00,10091.762710399344
2023-06-11 09:00:00+00:00,10095.803017691258
2023-06-11 10:00:00+00:00,10095.803017691258
2023-06-11 11:00:00+00:00,10095.803017691258
2023-06-11 12:00:00+00:00,10095.803017691258
2023-06-11 13:00:00+00:00,10101.934341089742
2023-06-11 14:00:00+00:00,10101.934341089742
2023-06-11 15:00:00+00:00,10101.928589477853
2023-06-11 16:00:00+00:00,10101.928589477853
2023-06-11 17:00:00+00:00,10101.928589477853
2023-06-11 18:00:00+00:00,10101.928589477853
2023-06-11 19:00:00+00:00,10108.464032635116
2023-06-11 20:00:00+00:00,10108.464032635116
2023-06-11 21:00:00+00:00,10108.464032635116
2023-06-11 22:00:00+00:00,10108.464032635116
2023-06-11 23:00:00+00:00,10108.464032635116
2023-06-12 00:00:00+00:00,10108.372193035746
2023-06-12 01:00:00+00:00,10108.372193035746
2023-06-12 02:00:00+00:00,10108.372193035746
2023-06-12 03:00:00+00:00,10108.372193035746
2023-06-12 04:00:00+00:00,10107.12400319199
2023-06-12 05:00:00+00:00,10107.12400319199
2023-06-12 06:00:00+00:00,10103.351051583048
2023-06-12 07:00:00+00:00,10103.351051583048
2023-06-12 08:00:00+00:00,10100.830219486554
2023-06-12 09:00:00+00:00,10097.009580065078
2023-06-12 10:00:00+00:00,10095.758907429868
2023-06-12 11:00:00+00:00,10095.758907429868
2023-06-12 12:00:00+00:00,10095.758907429868
2023-06-12 13:00:00+00:00,10095.26055874755
2023-06-12 14:00:00+00:00,10095.26055874755
2023-06-12 15:00:00+00:00,10095.26055874755
2023-06-12 16:00:00+00:00,10095.26055874755
2023-06-12 17:00:00+00:00,10095.26055874755
2023-06-12 18:00:00+00:00,10095.26055874755
2023-06-12 19:00:00+00:00,10095.26055874755
2023-06-12 20:00:00+00:00,10095.26055874755
2023-06-12 21:00:00+00:00,10095.26055874755
2023-06-12 22:00:00+00:00,10095.26055874755
2023-06-12 23:00:00+00:00,10095.26055874755
2023-06-13 00:00:00+00:00,10095.26055874755
2023-06-13 01:00:00+00:00,10095.26055874755
2023-06-13 02:00:00+00:00,10095.26055874755
2023-06-13 03:00:00+00:00,10095.26055874755
2023-06-13 04:00:00+00:00,10095.652957139871
2023-06-13 05:00:00+00:00,10095.652957139871
2023-06-13 06:00:00+00:00,10095.652957139871
2023-06-13 07:00:00+00:00,10095.652957139871
2023-06-13 08:00:00+00:00,10095.652957139871
2023-06-13 09:00:00+00:00,10094.369596635577
2023-06-13 10:00:00+00:00,10094.369596635577
2023-06-13 11:00:00+00:00,10094.972707169125
2023-06-13 12:00:00+00:00,10094.972707169125
2023-06-13 13:00:00+00:00,10095.931223764874
2023-06-13 14:00:00+00:00,10095.931223764874
2023-06-13 15:00:00+00:00,10095.931223764874
2023-06-13 16:00:00+00:00,10094.650497428967
2023-06-13 17:00:00+00:00,10094.650497428967
2023-06-13 18:00:00+00:00,10092.140379106413
2023-06-13 19:00:00+00:00,10092.140379106413
2023-06-13 20:00:00+00:00,10092.140379106413
2023-06-13 21:00:00+00:00,10092.140379106413
2023-06-13 22:00:00+00:00,10092.140379106413
2023-06-13 23:00:00+00:00,10092.140379106413
2023-06-14 00:00:00+00:00,10090.901699008593
2023-06-14 01:00:00+00:00,10090.901699008593
2023-06-14 02:00:00+00:00,10090.901699008593
2023-06-14 03:00:00+00:00,10090.901699008593
2023-06-14 04:00:00+00:00,10089.93666405774
2023-06-14 05:00:00+00:00,10089.93666405774
2023-06-14 06:00:00+00:00,10089.93666405774
2023-06-14 07:00:00+00:00,10089.93666405774
2023-06-14 08:00:00+00:00,10089.93666405774
2023-06-14 09:00:00+00:00,10089.93666405774
2023-06-14 10:00:00+00:00,10090.225299407224
2023-06-14 11:00:00+00:00,10090.225299407224
2023-06-14 12:00:00+00:00,10090.225299407224
2023-06-14 13:00:00+00:00,10089.698396274702
2023-06-14 14:00:00+00:00,10089.698396274702
2023-06-14 15:00:00+00:00,10089.698396274702
2023-06-14 16:00:00+00:00,10089.698396274702
2023-06-14 17:00:00+00:00,10089.698396274702
2023-06-14 18:00:00+00:00,10089.698396274702
2023-06-14 19:00:00+00:00,10091.042648692366
2023-06-14 20:00:00+00:00,10095.042823789108
2023-06-14 21:00:00+00:00,10095.042823789108
2023-06-14 22:00:00+00:00,10095.042823789108
2023-06-14 23:00:00+00:00,10093.787133190275
2023-06-15 00:00:00+00:00,10087.518109331073
2023-06-15 01:00:00+00:00,10087.518109331073
2023-06-15 02:00:00+00:00,10086.275222516555
2023-06-15 03:00:00+00:00,10086.275222516555
2023-06-15 04:00:00+00:00,10087.304153905507
2023-06-15 05:00:00+00:00,10087.304153905507
2023-06-15 06:00:00+00:00,10087.304153905507
2023-06-15 07:00:00+00:00,10087.304153905507
2023-06-15 08:00:00+00:00,10087.304153905507
2023-06-15 09:00:00+00:00,10087.304153905507
2023-06-15 10:00:00+00:00,10087.304153905507
2023-06-15 11:00:00+00:00,10087.304153905507
2023-06-15 12:00:00+00:00,10090.648629498104
2023-06-15 13:00:00+00:00,10089.401415404682
2023-06-15 14:00:00+00:00,10089.401415404682
2023-06-15 15:00:00+00:00,10089.584651107663
2023-06-15 16:00:00+00:00,10089.584651107663
2023-06-15 17:00:00+00:00,10089.584651107663
2023-06-15 18:00:00+00:00,10088.333131922993
2023-06-15 19:00:00+00:00,10088.333131922993
2023-06-15 20:00:00+00:00,10087.071204259457
2023-06-15 21:00:00+00:00,10085.828621344719
2023-06-15 22:00:00+00:00,10085.828621344719
2023-06-15 23:00:00+00:00,10085.828621344719
2023-06-16 00:00:00+00:00,10088.016983673571
2023-06-16 01:00:00+00:00,10088.016983673571
2023-06-16 02:00:00+00:00,10088.016983673571
2023-06-16 03:00:00+00:00,10088.016983673571
2023-06-16 04:00:00+00:00,10088.016983673571
2023-06-16 05:00:00+00:00,10088.016983673571
2023-06-16 06:00:00+00:00,10088.016983673571
2023-06-16 07:00:00+00:00,10088.016983673571
2023-06-16 08:00:00+00:00,10088.016983673571
2023-06-16 09:00:00+00:00,10088.016983673571
2023-06-16 10:00:00+00:00,10088.016983673571
2023-06-16 11:00:00+00:00,10089.5537335311
2023-06-16 12:00:00+00:00,10088.306053798306
2023-06-16 13:00:00+00:00,10087.57841590764
2023-06-16 14:00:00+00:00,10087.57841590764
2023-06-16 15:00:00+00:00,10087.57841590764
2023-06-16 16:00:00+00:00,10087.57841590764
2023-06-16 17:00:00+00:00,10087.57841590764
2023-06-16 18:00:00+00:00,10087.57841590764
2023-06-16 19:00:00+00:00,10087.57841590764
2023-06-16 20:00:00+00:00,10087.57841590764
2023-06-16 21:00:00+00:00,10087.57841590764
2023-06-16 22:00:00+00:00,10087.57841590764
2023-06-16 23:00:00+00:00,10087.57841590764
2023-06-17 00:00:00+00:00,10087.57841590764
2023-06-17 01:00:00+00:00,10087.57841590764
2023-06-17 02:00:00+00:00,10087.57841590764
2023-06-17 03:00:00+00:00,10087.57841590764
2023-06-17 04:00:00+00:00,10087.57841590764
2023-06-17 05:00:00+00:00,10085.0617538857
2023-06-17 06:00:00+00:00,10085.0617538857
2023-06-17 07:00:00+00:00,10085.0617538857
2023-06-17 08:00:00+00:00,10085.0617538857
2023-06-17 09:00:00+00:00,10085.0617538857
2023-06-17 10:00:00+00:00,10085.0617538857
2023-06-17 11:00:00+00:00,10085.0617538857
2023-06-17 12:00:00+00:00,10085.0617538857
2023-06-17 13:00:00+00:00,10085.0617538857
2023-06-17 14:00:00+00:00,10085.0617538857
2023-06-17 15:00:00+00:00,10085.0617538857
2023-06-17 16:00:00+00:00,10085.0617538857
2023-06-17 17:00:00+00:00,10084.871420465071
2023-06-17 18:00:00+00:00,10084.871420465071
2023-06-17 19:00:00+00:00,10085.321951250427
2023-06-17 20:00:00+00:00,10085.741156138127
2023-06-17 21:00:00+00:00,10085.754705990941
2023-06-17 22:00:00+00:00,10085.754705990941
2023-06-17 23:00:00+00:00,10085.754705990941
2023-06-18 00:00:00+00:00,10085.754705990941
2023-06-18 01:00:00+00:00,10085.754705990941
2023-06-18 02:00:00+00:00,10085.754705990941
2023-06-18 03:00:00+00:00,10085.754705990941
2023-06-18 04:00:00+00:00,10085.754705990941
2023-06-18 05:00:00+00:00,10085.754705990941
2023-06-18 06:00:00+00:00,10085.754705990941
2023-06-18 07:00:00+00:00,10085.754705990941
2023-06-18 08:00:00+00:00,10085.754705990941
2023-06-18 09:00:00+00:00,10085.754705990941
2023-06-18 10:00:00+00:00,10085.754705990941
2023-06-18 11:00:00+00:00,10085.121593950353
2023-06-18 12:00:00+00:00,10085.121593950353
2023-06-18 13:00:00+00:00,10085.121593950353
2023-06-18 14:00:00+00:00,10085.121593950353
2023-06-18 15:00:00+00:00,10085.121593950353
2023-06-18 16:00:00+00:00,10085.121593950353
2023-06-18 17:00:00+00:00,10085.121593950353
2023-06-18 18:00:00+00:00,10085.507336869177
2023-06-18 19:00:00+00:00,10085.507336869177
2023-06-18 20:00:00+00:00,10085.507336869177
2023-06-18 21:00:00+00:00,10085.507336869177
2023-06-18 22:00:00+00:00,10085.507336869177
2023-06-18 23:00:00+00:00,10085.507336869177
2023-06-19 00:00:00+00:00,10085.507336869177
2023-06-19 01:00:00+00:00,10085.507336869177
2023-06-19 02:00:00+00:00,10085.507336869177
2023-06-19 03:00:00+00:00,10085.507336869177
2023-06-19 04:00:00+00:00,10085.507336869177
2023-06-19 05:00:00+00:00,10085.507336869177
2023-06-19 06:00:00+00:00,10085.507336869177
2023-06-19 07:00:00+00:00,10085.507336869177
2023-06-19 08:00:00+00:00,10085.507336869177
2023-06-19 09:00:00+00:00,10085.507336869177
2023-06-19 10:00:00+00:00,10085.507336869177
2023-06-19 11:00:00+00:00,10085.507336869177
2023-06-19 12:00:00+00:00,10084.247501836955
2023-06-19 13:00:00+00:00,10084.247501836955
2023-06-19 14:00:00+00:00,10084.247501836955
2023-06-19 15:00:00+00:00,10084.247501836955
2023-06-19 16:00:00+00:00,10084.247501836955
2023-06-19 17:00:00+00:00,10084.247501836955
2023-06-19 18:00:00+00:00,10084.247501836955
2023-06-19 19:00:00+00:00,10084.333900886877
2023-06-19 20:00:00+00:00,10084.333900886877
2023-06-19 21:00:00+00:00,10084.333900886877
2023-06-19 22:00:00+00:00,10084.333900886877
2023-06-19 23:00:00+00:00,10084.333900886877
2023-06-20 00:00:00+00:00,10084.333900886877
2023-06-20 01:00:00+00:00,10084.333900886877
2023-06-20 02:00:00+00:00,10084.333900886877
2023-06-20 03:00:00+00:00,10084.500783801415
2023-06-20 04:00:00+00:00,10084.500783801415
2023-06-20 05:00:00+00:00,10084.500783801415
2023-06-20 06:00:00+00:00,10084.500783801415
2023-06-20 07:00:00+00:00,10084.500783801415
2023-06-20 08:00:00+00:00,10084.500783801415
2023-06-20 09:00:00+00:00,10084.500783801415
2023-06-20 10:00:00+00:00,10084.500783801415
2023-06-20 11:00:00+00:00,10084.500783801415
2023-06-20 12:00:00+00:00,10084.611943889444
2023-06-20 13:00:00+00:00,10084.611943889444
2023-06-20 14:00:00+00:00,10085.19393449955
2023-06-20 15:00:00+00:00,10085.19393449955
2023-06-20 16:00:00+00:00,10085.19393449955
2023-06-20 17:00:00+00:00,10082.695513019395
2023-06-20 18:00:00+00:00,10078.930004708842
2023-06-20 19:00:00+00:00,10078.930004708842
2023-06-20 20:00:00+00:00,10078.930004708842
2023-06-20 21:00:00+00:00,10078.930004708842
2023-06-20 22:00:00+00:00,10078.930004708842
2023-06-20 23:00:00+00:00,10078.930004708842
2023-06-21 00:00:00+00:00,10076.447444528372
2023-06-21 01:00:00+00:00,10076.447444528372
2023-06-21 02:00:00+00:00,10076.447444528372
2023-06-21 03:00:00+00:00,10076.447444528372
2023-06-21 04:00:00+00:00,10076.447444528372
2023-06-21 05:00:00+00:00,10076.447444528372
2023-06-21 06:00:00+00:00,10076.447444528372
2023-06-21 07:00:00+00:00,10076.447444528372
2023-06-21 08:00:00+00:00,10076.447444528372
2023-06-21 09:00:00+00:00,10076.447444528372
2023-06-21 10:00:00+00:00,10076.639461033736
2023-06-21 11:00:00+00:00,10076.639461033736
2023-06-21 12:00:00+00:00,10077.40432817777
2023-06-21 13:00:00+00:00,10076.185306438636
2023-06-21 14:00:00+00:00,10076.185306438636
2023-06-21 15:00:00+00:00,10074.896871136614
2023-06-21 16:00:00+00:00,10067.476504645525
2023-06-21 17:00:00+00:00,10067.476504645525
2023-06-21 18:00:00+00:00,10066.236208324328
2023-06-21 19:00:00+00:00,10066.236208324328
2023-06-21 20:00:00+00:00,10066.236208324328
2023-06-21 21:00:00+00:00,10066.236208324328
2023-06-21 22:00:00+00:00,10066.236208324328
2023-06-21 23:00:00+00:00,10066.236208324328
2023-06-22 00:00:00+00:00,10066.236208324328
2023-06-22 01:00:00+00:00,10066.236208324328
2023-06-22 02:00:00+00:00,10066.236208324328
2023-06-22 03:00:00+00:00,10066.236208324328
2023-06-22 04:00:00+00:00,10066.236208324328
2023-06-22 05:00:00+00:00,10066.236208324328
2023-06-22 06:00:00+00:00,10066.236208324328
2023-06-22 07:00:00+00:00,10066.236208324328
2023-06-22 08:00:00+00:00,10064.994970546173
2023-06-22 09:00:00+00:00,10064.994970546173
2023-06-22 10:00:00+00:00,10064.994970546173
2023-06-22 11:00:00+00:00,10066.864289355375
2023-06-22 12:00:00+00:00,10066.864289355375
2023-06-22 13:00:00+00:00,10066.450612761904
2023-06-22 14:00:00+00:00,10066.450612761904
2023-06-22 15:00:00+00:00,10066.450612761904
2023-06-22 16:00:00+00:00,10066.450612761904
2023-06-22 17:00:00+00:00,10066.450612761904
2023-06-22 18:00:00+00:00,10066.450612761904
2023-06-22 19:00:00+00:00,10066.450612761904
2023-06-22 20:00:00+00:00,10066.450612761904
2023-06-22 21:00:00+00:00,10066.450612761904
2023-06-22 22:00:00+00:00,10066.450612761904
2023-06-22 23:00:00+00:00,10066.450612761904
2023-06-23 00:00:00+00:00,10065.169402360836
2023-06-23 01:00:00+00:00,10065.169402360836
2023-06-23 02:00:00+00:00,10065.169402360836
2023-06-23 03:00:00+00:00,10065.169402360836
2023-06-23 04:00:00+00:00,10065.169402360836
2023-06-23 05:00:00+00:00,10063.952132622626
2023-06-23 06:00:00+00:00,10063.349129175782
2023-06-23 07:00:00+00:00,10063.916248507512
2023-06-23 08:00:00+00:00,10063.916248507512
2023-06-23 09:00:00+00:00,10063.916248507512
2023-06-23 10:00:00+00:00,10063.916248507512
2023-06-23 11:00:00+00:00,10063.916248507512
2023-06-23 12:00:00+00:00,10063.916248507512
2023-06-23 13:00:00+00:00,10064.339034661074
2023-06-23 14:00:00+00:00,10064.339034661074
2023-06-23 15:00:00+00:00,10061.848212662899
2023-06-23 16:00:00+00:00,10060.613935125582
2023-06-23 17:00:00+00:00,10060.613935125582
2023-06-23 18:00:00+00:00,10060.613935125582
2023-06-23 19:00:00+00:00,10060.613935125582
2023-06-23 20:00:00+00:00,10059.350112316743
2023-06-23 21:00:00+00:00,10059.350112316743
2023-06-23 22:00:00+00:00,10059.350112316743
2023-06-23 23:00:00+00:00,10059.350112316743
2023-06-24 00:00:00+00:00,10058.811626719124
2023-06-24 01:00:00+00:00,10058.811626719124
2023-06-24 02:00:00+00:00,10056.344446898533
2023-06-24 03:00:00+00:00,10056.344446898533
2023-06-24 04:00:00+00:00,10056.344446898533
2023-06-24 05:00:00+00:00,10056.344446898533
2023-06-24 06:00:00+00:00,10056.296704512984
2023-06-24 07:00:00+00:00,10056.799445726452
2023-06-24 08:00:00+00:00,10056.799445726452
2023-06-24 09:00:00+00:00,10056.799445726452
2023-06-24 10:00:00+00:00,10056.799445726452
2023-06-24 11:00:00+00:00,10056.799445726452
2023-06-24 12:00:00+00:00,10056.799445726452
2023-06-24 13:00:00+00:00,10057.981978980883
2023-06-24 14:00:00+00:00,10057.981978980883
2023-06-24 15:00:00+00:00,10056.766218111317
2023-06-24 16:00:00+00:00,10056.766218111317
2023-06-24 17:00:00+00:00,10055.538616760885
2023-06-24 18:00:00+00:00,10055.538616760885
2023-06-24 19:00:00+00:00,10054.311260434859
2023-06-24 20:00:00+00:00,10054.311260434859
2023-06-24 21:00:00+00:00,10054.311260434859
2023-06-24 22:00:00+00:00,10054.311260434859
2023-06-24 23:00:00+00:00,10054.311260434859
2023-06-25 00:00:00+00:00,10051.857392111666
2023-06-25 01:00:00+00:00,10049.339526108535
2023-06-25 02:00:00+00:00,10044.382179920622
2023-06-25 03:00:00+00:00,10043.146179901443
2023-06-25 04:00:00+00:00,10043.146179901443
2023-06-25 05:00:00+00:00,10043.146179901443
2023-06-25 06:00:00+00:00,10041.908461657578
2023-06-25 07:00:00+00:00,10041.908461657578
2023-06-25 08:00:00+00:00,10041.908461657578
2023-06-25 09:00:00+00:00,10041.908461657578
2023-06-25 10:00:00+00:00,10042.488028542903
2023-06-25 11:00:00+00:00,10042.488028542903
2023-06-25 12:00:00+00:00,10042.488028542903
2023-06-25 13:00:00+00:00,10041.272267673336
2023-06-25 14:00:00+00:00,10042.521320544109
2023-06-25 15:00:00+00:00,10042.521320544109
2023-06-25 16:00:00+00:00,10042.521320544109
2023-06-25 17:00:00+00:00,10042.513228930167
2023-06-25 18:00:00+00:00,10042.513228930167
2023-06-25 19:00:00+00:00,10042.513228930167
2023-06-25 20:00:00+00:00,10043.52550491069
2023-06-25 21:00:00+00:00,10043.52550491069
2023-06-25 22:00:00+00:00,10043.52550491069
2023-06-25 23:00:00+00:00,10043.52550491069
2023-06-26 00:00:00+00:00,10044.526055012226
2023-06-26 01:00:00+00:00,10044.526055012226
2023-06-26 02:00:00+00:00,10044.526055012226
2023-06-26 03:00:00+00:00,10043.299904749236
2023-06-26 04:00:00+00:00,10043.299904749236
2023-06-26 05:00:00+00:00,10043.299904749236
2023-06-26 06:00:00+00:00,10043.299904749236
2023-06-26 07:00:00+00:00,10043.299904749236
2023-06-26 08:00:00+00:00,10042.078337617171
2023-06-26 09:00:00+00:00,10038.238758455185
2023-06-26 10:00:00+00:00,10038.238758455185
2023-06-26 11:00:00+00:00,10038.238758455185
2023-06-26 12:00:00+00:00,10038.238758455185
2023-06-26 13:00:00+00:00,10036.916720495892
2023-06-26 14:00:00+00:00,10036.91017136074
2023-06-26 15:00:00+00:00,10036.91017136074
2023-06-26 16:00:00+00:00,10040.616578463714
2023-06-26 17:00:00+00:00,10040.616578463714
2023-06-26 18:00:00+00:00,10040.616578463714
2023-06-26 19:00:00+00:00,10040.616578463714
2023-06-26 20:00:00+00:00,10041.395688511777
2023-06-26 21:00:00+00:00,10041.636250448237
2023-06-26 22:00:00+00:00,10041.636250448237
2023-06-26 23:00:00+00:00,10039.142737179829
2023-06-27 00:00:00+00:00,10037.888819335616
2023-06-27 01:00:00+00:00,10035.343866031933
2023-06-27 02:00:00+00:00,10032.890419002017
2023-06-27 03:00:00+00:00,10032.293575838889
2023-06-27 04:00:00+00:00,10032.64444161731
2023-06-27 05:00:00+00:00,10033.433466138591
2023-06-27 06:00:00+00:00,10033.433466138591
2023-06-27 07:00:00+00:00,10033.433466138591
2023-06-27 08:00:00+00:00,10034.351776202315
2023-06-27 09:00:00+00:00,10034.351776202315
2023-06-27 10:00:00+00:00,10034.351776202315
2023-06-27 11:00:00+00:00,10034.351776202315
2023-06-27 12:00:00+00:00,10034.351776202315
2023-06-27 13:00:00+00:00,10034.351776202315
2023-06-27 14:00:00+00:00,10034.351776202315
2023-06-27 15:00:00+00:00,10036.296984825713
2023-06-27 16:00:00+00:00,10036.296984825713
2023-06-27 17:00:00+00:00,10036.296984825713
2023-06-27 18:00:00+00:00,10036.296984825713
2023-06-27 19:00:00+00:00,10036.296984825713
2023-06-27 20:00:00+00:00,10036.296984825713
2023-06-27 21:00:00+00:00,10036.296984825713
2023-06-27 22:00:00+00:00,10035.955865699107
2023-06-27 23:00:00+00:00,10035.915776079153
2023-06-28 00:00:00+00:00,10035.915776079153
2023-06-28 01:00:00+00:00,10036.05810674157
2023-06-28 02:00:00+00:00,10036.05810674157
2023-06-28 03:00:00+00:00,10036.05810674157
2023-06-28 04:00:00+00:00,10036.05810674157
2023-06-28 05:00:00+00:00,10036.05810674157
2023-06-28 06:00:00+00:00,10036.05810674157
2023-06-28 07:00:00+00:00,10036.05810674157
2023-06-28 08:00:00+00:00,10036.05810674157
2023-06-28 09:00:00+00:00,10036.05810674157
2023-06-28 10:00:00+00:00,10036.05810674157
2023-06-28 11:00:00+00:00,10036.05810674157
2023-06-28 12:00:00+00:00,10036.05810674157
2023-06-28 13:00:00+00:00,10036.05810674157
2023-06-28 14:00:00+00:00,10034.808084696639
2023-06-28 15:00:00+00:00,10034.808084696639
2023-06-28 16:00:00+00:00,10033.597559979215
2023-06-28 17:00:00+00:00,10033.597559979215
2023-06-28 18:00:00+00:00,10033.597559979215
2023-06-28 19:00:00+00:00,10033.597559979215
2023-06-28 20:00:00+00:00,10033.597559979215
2023-06-28 21:00:00+00:00,10033.597559979215
2023-06-28 22:00:00+00:00,10033.597559979215
2023-06-28 23:00:00+00:00,10033.597559979215
2023-06-29 00:00:00+00:00,10033.597559979215
2023-06-29 01:00:00+00:00,10033.597559979215
2023-06-29 02:00:00+00:00,10033.597559979215
2023-06-29 03:00:00+00:00,10033.597559979215
2023-06-29 04:00:00+00:00,10033.597559979215
2023-06-29 05:00:00+00:00,10035.086623274132
2023-06-29 06:00:00+00:00,10035.086623274132
2023-06-29 07:00:00+00:00,10035.086623274132
2023-06-29 08:00:00+00:00,10036.331466491187
2023-06-29 09:00:00+00:00,10036.331466491187
2023-06-29 10:00:00+00:00,10035.105669433393
2023-06-29 11:00:00+00:00,10035.105669433393
2023-06-29 12:00:00+00:00,10035.105669433393
2023-06-29 13:00:00+00:00,10035.520358698861
2023-06-29 14:00:00+00:00,10035.520358698861
2023-06-29 15:00:00+00:00,10037.260255413205
2023-06-29 16:00:00+00:00,10037.260255413205
2023-06-29 17:00:00+00:00,10039.709983403729
2023-06-29 18:00:00+00:00,10039.709983403729
2023-06-29 19:00:00+00:00,10039.709983403729
2023-06-29 20:00:00+00:00,10042.614831657838
2023-06-29 21:00:00+00:00,10042.614831657838
2023-06-29 22:00:00+00:00,10041.367974408986
2023-06-29 23:00:00+00:00,10041.367974408986
2023-06-30 00:00:00+00:00,10045.259815938565
2023-06-30 01:00:00+00:00,10045.259815938565
2023-06-30 02:00:00+00:00,10045.259815938565
2023-06-30 03:00:00+00:00,10044.004348861647
2023-06-30 04:00:00+00:00,10044.004348861647
2023-06-30 05:00:00+00:00,10044.004348861647
2023-06-30 06:00:00+00:00,10044.004348861647
2023-06-30 07:00:00+00:00,10044.004348861647
2023-06-30 08:00:00+00:00,10044.004348861647
2023-06-30 09:00:00+00:00,10044.004348861647
2023-06-30 10:00:00+00:00,10044.004348861647
2023-06-30 11:00:00+00:00,10044.004348861647
2023-06-30 12:00:00+00:00,10042.764483364817
2023-06-30 13:00:00+00:00,10042.764483364817
2023-06-30 14:00:00+00:00,10041.7888938724
2023-06-30 15:00:00+00:00,10041.7888938724
2023-06-30 16:00:00+00:00,10031.927928957493
2023-06-30 17:00:00+00:00,10031.927928957493
2023-06-30 18:00:00+00:00,10031.927928957493
2023-06-30 19:00:00+00:00,10031.927928957493
2023-06-30 20:00:00+00:00,10031.927928957493
2023-06-30 21:00:00+00:00,10031.927928957493
2023-06-30 22:00:00+00:00,10031.927928957493
2023-06-30 23:00:00+00:00,10031.927928957493
2023-07-01 00:00:00+00:00,10029.497792933285
2023-07-01 01:00:00+00:00,10029.497792933285
2023-07-01 02:00:00+00:00,10028.28203206372
2023-07-01 03:00:00+00:00,10028.28203206372
2023-07-01 04:00:00+00:00,10029.199846144418
2023-07-01 05:00:00+00:00,10027.922475979742
2023-07-01 06:00:00+00:00,10027.922475979742
2023-07-01 07:00:00+00:00,10027.922475979742
2023-07-01 08:00:00+00:00,10027.713510869782
2023-07-01 09:00:00+00:00,10027.713510869782
2023-07-01 10:00:00+00:00,10026.487511478099
2023-07-01 11:00:00+00:00,10026.487511478099
2023-07-01 12:00:00+00:00,10025.271289563605
2023-07-01 13:00:00+00:00,10025.271289563605
2023-07-01 14:00:00+00:00,10024.029863072976
2023-07-01 15:00:00+00:00,10024.029863072976
2023-07-01 16:00:00+00:00,10022.819050863867
2023-07-01 17:00:00+00:00,10022.819050863867
2023-07-01 18:00:00+00:00,10022.819050863867
2023-07-01 19:00:00+00:00,10022.819050863867
2023-07-01 20:00:00+00:00,10022.819050863867
2023-07-01 21:00:00+00:00,10022.819050863867
2023-07-01 22:00:00+00:00,10021.609648913756
2023-07-01 23:00:00+00:00,10021.609648913756
2023-07-02 00:00:00+00:00,10021.609648913756
2023-07-02 01:00:00+00:00,10021.688039187335
2023-07-02 02:00:00+00:00,10021.81243235526
2023-07-02 03:00:00+00:00,10023.555155727106
2023-07-02 04:00:00+00:00,10023.555155727106
2023-07-02 05:00:00+00:00,10022.187828257418
2023-07-02 06:00:00+00:00,10022.187828257418
2023-07-02 07:00:00+00:00,10022.951612938004
2023-07-02 08:00:00+00:00,10022.951612938004
2023-07-02 09:00:00+00:00,10022.951612938004
2023-07-02 10:00:00+00:00,10021.732488337911
2023-07-02 11:00:00+00:00,10021.732488337911
2023-07-02 12:00:00+00:00,10021.732488337911
2023-07-02 13:00:00+00:00,10021.70846587441
2023-07-02 14:00:00+00:00,10021.70846587441
2023-07-02 15:00:00+00:00,10021.70846587441
2023-07-02 16:00:00+00:00,10021.70846587441
2023-07-02 17:00:00+00:00,10021.70846587441
2023-07-02 18:00:00+00:00,10021.70846587441
2023-07-02 19:00:00+00:00,10021.70846587441
2023-07-02 20:00:00+00:00,10020.49617751551
2023-07-02 21:00:00+00:00,10020.49617751551
2023-07-02 22:00:00+00:00,10016.665852830074
2023-07-02 23:00:00+00:00,10016.665852830074
2023-07-03 00:00:00+00:00,10016.665852830074
2023-07-03 01:00:00+00:00,10014.25195762913
2023-07-03 02:00:00+00:00,10011.814727509274
2023-07-03 03:00:00+00:00,10011.814727509274
2023-07-03 04:00:00+00:00,10011.814727509274
2023-07-03 05:00:00+00:00,10011.814727509274
2023-07-03 06:00:00+00:00,10011.814727509274
2023-07-03 07:00:00+00:00,10011.814727509274
2023-07-03 08:00:00+00:00,10011.814727509274
2023-07-03 09:00:00+00:00,10011.814727509274
2023-07-03 10:00:00+00:00,10011.814727509274
2023-07-03 11:00:00+00:00,10011.814727509274
2023-07-03 12:00:00+00:00,10011.814727509274
2023-07-03 13:00:00+00:00,10011.814727509274
2023-07-03 14:00:00+00:00,10011.814727509274
2023-07-03 15:00:00+00:00,10010.58392138694
2023-07-03 16:00:00+00:00,10010.58392138694
2023-07-03 17:00:00+00:00,10010.58392138694
2023-07-03 18:00:00+00:00,10010.58392138694
2023-07-03 19:00:00+00:00,10010.58392138694
2023-07-03 20:00:00+00:00,10010.526836767687
2023-07-03 21:00:00+00:00,10010.526836767687
2023-07-03 22:00:00+00:00,10010.526836767687
2023-07-03 23:00:00+00:00,10010.526836767687
2023-07-04 00:00:00+00:00,10010.526836767687
2023-07-04 01:00:00+00:00,10010.686802444578
2023-07-04 02:00:00+00:00,10010.686802444578
2023-07-04 03:00:00+00:00,10009.494045214948
2023-07-04 04:00:00+00:00,10009.29763634224
2023-07-04 05:00:00+00:00,10009.04114153038
2023-07-04 06:00:00+00:00,10009.04114153038
2023-07-04 07:00:00+00:00,10008.357819927334
2023-07-04 08:00:00+00:00,10008.357819927334
2023-07-04 09:00:00+00:00,10008.357819927334
2023-07-04 10:00:00+00:00,10008.357819927334
2023-07-04 11:00:00+00:00,10008.357819927334
2023-07-04 12:00:00+00:00,10008.347077893553
2023-07-04 13:00:00+00:00,10008.347077893553
2023-07-04 14:00:00+00:00,10008.347077893553
2023-07-04 15:00:00+00:00,10008.347077893553
2023-07-04 16:00:00+00:00,10008.347077893553
2023-07-04 17:00:00+00:00,10008.347077893553
2023-07-04 18:00:00+00:00,10008.347077893553
2023-07-04 19:00:00+00:00,10008.347077893553
2023-07-04 20:00:00+00:00,10008.347077893553
2023-07-04 21:00:00+00:00,10008.347077893553
2023-07-04 22:00:00+00:00,10008.347077893553
2023-07-04 23:00:00+00:00,10009.526184601978
2023-07-05 00:00:00+00:00,10009.311873167191
2023-07-05 01:00:00+00:00,10009.311873167191
2023-07-05 02:00:00+00:00,10009.311873167191
2023-07-05 03:00:00+00:00,10009.311873167191
2023-07-05 04:00:00+00:00,10009.311873167191
2023-07-05 05:00:00+00:00,10009.311873167191
2023-07-05 06:00:00+00:00,10009.311873167191
2023-07-05 07:00:00+00:00,10009.311873167191
2023-07-05 08:00:00+00:00,10009.868669787675
2023-07-05 09:00:00+00:00,10009.868669787675
2023-07-05 10:00:00+00:00,10011.498181880968
2023-07-05 11:00:00+00:00,10011.498181880968
2023-07-05 12:00:00+00:00,10011.498181880968
2023-07-05 13:00:00+00:00,10011.498181880968
2023-07-05 14:00:00+00:00,10011.498181880968
2023-07-05 15:00:00+00:00,10011.498181880968
2023-07-05 16:00:00+00:00,10011.498181880968
2023-07-05 17:00:00+00:00,10011.498181880968
2023-07-05 18:00:00+00:00,10011.498181880968
2023-07-05 19:00:00+00:00,10011.498181880968
2023-07-05 20:00:00+00:00,10011.498181880968
2023-07-05 21:00:00+00:00,10011.498181880968
2023-07-05 22:00:00+00:00,10011.498181880968
2023-07-05 23:00:00+00:00,10011.498181880968
2023-07-06 00:00:00+00:00,10011.498181880968
2023-07-06 01:00:00+00:00,10011.498181880968
2023-07-06 02:00:00+00:00,10011.498181880968
2023-07-06 03:00:00+00:00,10011.498181880968
2023-07-06 04:00:00+00:00,10011.40803713172
2023-07-06 05:00:00+00:00,10011.40803713172
2023-07-06 06:00:00+00:00,10011.40803713172
2023-07-06 07:00:00+00:00,10011.40803713172
2023-07-06 08:00:00+00:00,10008.973376270013
2023-07-06 09:00:00+00:00,10006.523663329759
2023-07-06 10:00:00+00:00,10006.523663329759
2023-07-06 11:00:00+00:00,10007.644991610014
2023-07-06 12:00:00+00:00,10009.258020453835
2023-07-06 13:00:00+00:00,10009.258020453835
2023-07-06 14:00:00+00:00,10010.409780328733
2023-07-06 15:00:00+00:00,10010.409780328733
2023-07-06 16:00:00+00:00,10010.409780328733
2023-07-06 17:00:00+00:00,10010.409780328733
2023-07-06 18:00:00+00:00,10009.183135592391
2023-07-06 19:00:00+00:00,10009.183135592391
2023-07-06 20:00:00+00:00,10009.183135592391
2023-07-06 21:00:00+00:00,10009.183135592391
2023-07-06 22:00:00+00:00,10009.78187814699
2023-07-06 23:00:00+00:00,10011.504720507652
2023-07-07 00:00:00+00:00,10011.504720507652
2023-07-07 01:00:00+00:00,10011.504720507652
2023-07-07 02:00:00+00:00,10011.504720507652
2023-07-07 03:00:00+00:00,10011.504720507652
2023-07-07 04:00:00+00:00,10011.875903839067
2023-07-07 05:00:00+00:00,10011.875903839067
2023-07-07 06:00:00+00:00,10010.27024959672
2023-07-07 07:00:00+00:00,10010.27024959672
2023-07-07 08:00:00+00:00,10010.27024959672
2023-07-07 09:00:00+00:00,10010.27024959672
2023-07-07 10:00:00+00:00,10010.38179013012
2023-07-07 11:00:00+00:00,10010.38179013012
2023-07-07 12:00:00+00:00,10010.38179013012
2023-07-07 13:00:00+00:00,10010.38179013012
2023-07-07 14:00:00+00:00,10010.38179013012
2023-07-07 15:00:00+00:00,10010.38179013012
2023-07-07 16:00:00+00:00,10012.204061551713
2023-07-07 17:00:00+00:00,10013.942445652689
2023-07-07 18:00:00+00:00,10014.124804443445
2023-07-07 19:00:00+00:00,10014.124804443445
2023-07-07 20:00:00+00:00,10014.124804443445
2023-07-07 21:00:00+00:00,10014.124804443445
2023-07-07 22:00:00+00:00,10014.124804443445
2023-07-07 23:00:00+00:00,10014.124804443445
2023-07-08 00:00:00+00:00,10014.124804443445
2023-07-08 01:00:00+00:00,10014.124804443445
2023-07-08 02:00:00+00:00,10014.124804443445
2023-07-08 03:00:00+00:00,10014.124804443445
2023-07-08 04:00:00+00:00,10014.46783957576
2023-07-08 05:00:00+00:00,10014.46783957576
2023-07-08 06:00:00+00:00,10014.46783957576
2023-07-08 07:00:00+00:00,10014.46783957576
2023-07-08 08:00:00+00:00,10014.46783957576
2023-07-08 09:00:00+00:00,10014.46783957576
2023-07-08 10:00:00+00:00,10014.46783957576
2023-07-08 11:00:00+00:00,10014.46783957576
2023-07-08 12:00:00+00:00,10014.46783957576
2023-07-08 13:00:00+00:00,10015.292228601293
2023-07-08 14:00:00+00:00,10015.292228601293
2023-07-08 15:00:00+00:00,10015.292228601293
2023-07-08 16:00:00+00:00,10015.292228601293
2023-07-08 17:00:00+00:00,10015.292228601293
2023-07-08 18:00:00+00:00,10015.292228601293
2023-07-08 19:00:00+00:00,10015.292228601293
2023-07-08 20:00:00+00:00,10015.292228601293
2023-07-08 21:00:00+00:00,10015.292228601293
2023-07-08 22:00:00+00:00,10015.292228601293
2023-07-08 23:00:00+00:00,10015.292228601293
2023-07-09 00:00:00+00:00,10015.292228601293
2023-07-09 01:00:00+00:00,10015.292228601293
2023-07-09 02:00:00+00:00,10015.292228601293
2023-07-09 03:00:00+00:00,10015.292228601293
2023-07-09 04:00:00+00:00,10015.292228601293
2023-07-09 05:00:00+00:00,10015.292228601293
2023-07-09 06:00:00+00:00,10015.292228601293
2023-07-09 07:00:00+00:00,10015.292228601293
2023-07-09 08:00:00+00:00,10015.292228601293
2023-07-09 09:00:00+00:00,10015.292228601293
2023-07-09 10:00:00+00:00,10015.292228601293
2023-07-09 11:00:00+00:00,10015.292228601293
2023-07-09 12:00:00+00:00,10015.292228601293
2023-07-09 13:00:00+00:00,10015.292228601293
2023-07-09 14:00:00+00:00,10015.292228601293
2023-07-09 15:00:00+00:00,10015.292228601293
2023-07-09 16:00:00+00:00,10015.292228601293
2023-07-09 17:00:00+00:00,10015.292228601293
2023-07-09 18:00:00+00:00,10015.292228601293
2023-07-09 19:00:00+00:00,10015.292228601293
2023-07-09 20:00:00+00:00,10015.292228601293
2023-07-09 21:00:00+00:00,10015.292228601293
2023-07-09 22:00:00+00:00,10015.292228601293
2023-07-09 23:00:00+00:00,10015.292228601293
2023-07-10 00:00:00+00:00,10015.292228601293
2023-07-10 01:00:00+00:00,10015.292228601293
2023-07-10 02:00:00+00:00,10015.292228601293
2023-07-10 03:00:00+00:00,10015.292228601293
2023-07-10 04:00:00+00:00,10015.292228601293
2023-07-10 05:00:00+00:00,10015.292228601293
2023-07-10 06:00:00+00:00,10015.292228601293
2023-07-10 07:00:00+00:00,10015.292228601293
2023-07-10 08:00:00+00:00,10015.292228601293
2023-07-10 09:00:00+00:00,10015.292228601293
2023-07-10 10:00:00+00:00,10015.292228601293
2023-07-10 11:00:00+00:00,10015.292228601293
2023-07-10 12:00:00+00:00,10015.292228601293
2023-07-10 13:00:00+00:00,10015.292228601293
2023-07-10 14:00:00+00:00,10012.859320958836
2023-07-10 15:00:00+00:00,10012.859320958836
2023-07-10 16:00:00+00:00,10012.859320958836
2023-07-10 17:00:00+00:00,10012.859320958836
2023-07-10 18:00:00+00:00,10012.859320958836
2023-07-10 19:00:00+00:00,10011.64806595073
2023-07-10 20:00:00+00:00,10010.45444428477
2023-07-10 21:00:00+00:00,10010.45444428477
2023-07-10 22:00:00+00:00,10010.45444428477
2023-07-10 23:00:00+00:00,10010.45444428477
2023-07-11 00:00:00+00:00,10010.964319245431
2023-07-11 01:00:00+00:00,10010.964319245431
2023-07-11 02:00:00+00:00,10010.964319245431
2023-07-11 03:00:00+00:00,10010.964319245431
2023-07-11 04:00:00+00:00,10010.964319245431
2023-07-11 05:00:00+00:00,10010.964319245431
2023-07-11 06:00:00+00:00,10010.964319245431
2023-07-11 07:00:00+00:00,10010.964319245431
2023-07-11 08:00:00+00:00,10010.964319245431
2023-07-11 09:00:00+00:00,10010.64386992862
2023-07-11 10:00:00+00:00,10010.337863630188
2023-07-11 11:00:00+00:00,10010.337863630188
2023-07-11 12:00:00+00:00,10010.337863630188
2023-07-11 13:00:00+00:00,10010.337863630188
2023-07-11 14:00:00+00:00,10010.337863630188
2023-07-11 15:00:00+00:00,10010.337863630188
2023-07-11 16:00:00+00:00,10010.337863630188
2023-07-11 17:00:00+00:00,10010.337863630188
2023-07-11 18:00:00+00:00,10010.337863630188
2023-07-11 19:00:00+00:00,10010.337863630188
2023-07-11 20:00:00+00:00,10010.337863630188
2023-07-11 21:00:00+00:00,10010.337863630188
2023-07-11 22:00:00+00:00,10010.337863630188
2023-07-11 23:00:00+00:00,10010.337863630188
2023-07-12 00:00:00+00:00,10010.337863630188
2023-07-12 01:00:00+00:00,10010.337863630188
2023-07-12 02:00:00+00:00,10010.337863630188
2023-07-12 03:00:00+00:00,10010.337863630188
2023-07-12 04:00:00+00:00,10010.337863630188
2023-07-12 05:00:00+00:00,10010.337863630188
2023-07-12 06:00:00+00:00,10010.337863630188
2023-07-12 07:00:00+00:00,10010.337863630188
2023-07-12 08:00:00+00:00,10010.337863630188
2023-07-12 09:00:00+00:00,10010.337863630188
2023-07-12 10:00:00+00:00,10010.337863630188
2023-07-12 11:00:00+00:00,10010.337863630188
2023-07-12 12:00:00+00:00,10010.337863630188
2023-07-12 13:00:00+00:00,10009.162206217972
2023-07-12 14:00:00+00:00,10009.162206217972
2023-07-12 15:00:00+00:00,10009.162206217972
2023-07-12 16:00:00+00:00,10009.162206217972
2023-07-12 17:00:00+00:00,10009.162206217972
2023-07-12 18:00:00+00:00,10009.162206217972
2023-07-12 19:00:00+00:00,10009.162206217972
2023-07-12 20:00:00+00:00,10009.162206217972
2023-07-12 21:00:00+00:00,10009.162206217972
2023-07-12 22:00:00+00:00,10009.162206217972
2023-07-12 23:00:00+00:00,10009.162206217972
2023-07-13 00:00:00+00:00,10009.162206217972
2023-07-13 01:00:00+00:00,10010.393928011512
2023-07-13 02:00:00+00:00,10010.393928011512
2023-07-13 03:00:00+00:00,10010.393928011512
2023-07-13 04:00:00+00:00,10010.393928011512
2023-07-13 05:00:00+00:00,10010.393928011512
2023-07-13 06:00:00+00:00,10010.393928011512
2023-07-13 07:00:00+00:00,10010.393928011512
2023-07-13 08:00:00+00:00,10010.393928011512
2023-07-13 09:00:00+00:00,10010.393928011512
2023-07-13 10:00:00+00:00,10010.393928011512
2023-07-13 11:00:00+00:00,10010.393928011512
2023-07-13 12:00:00+00:00,10010.393928011512
2023-07-13 13:00:00+00:00,10010.393928011512
2023-07-13 14:00:00+00:00,10010.393928011512
2023-07-13 15:00:00+00:00,10009.150320310873
2023-07-13 16:00:00+00:00,10009.150320310873
2023-07-13 17:00:00+00:00,10009.150320310873
2023-07-13 18:00:00+00:00,10009.150320310873
2023-07-13 19:00:00+00:00,10009.150320310873
2023-07-13 20:00:00+00:00,10009.150320310873
2023-07-13 21:00:00+00:00,10009.150320310873
2023-07-13 22:00:00+00:00,10009.150320310873
2023-07-13 23:00:00+00:00,10006.740766428575
2023-07-14 00:00:00+00:00,10005.399726678099
2023-07-14 01:00:00+00:00,10005.399726678099
2023-07-14 02:00:00+00:00,10005.399726678099
2023-07-14 03:00:00+00:00,10005.399726678099
2023-07-14 04:00:00+00:00,10005.383037264399
2023-07-14 05:00:00+00:00,10005.383037264399
2023-07-14 06:00:00+00:00,10005.383037264399
2023-07-14 07:00:00+00:00,10004.199921441808
2023-07-14 08:00:00+00:00,10004.199921441808
2023-07-14 09:00:00+00:00,10004.199921441808
2023-07-14 10:00:00+00:00,10004.227256417218
2023-07-14 11:00:00+00:00,10006.235903028908
2023-07-14 12:00:00+00:00,10006.887251458325
2023-07-14 13:00:00+00:00,10006.887251458325
2023-07-14 14:00:00+00:00,10005.684585482226
2023-07-14 15:00:00+00:00,10005.684585482226
2023-07-14 16:00:00+00:00,10005.684585482226
2023-07-14 17:00:00+00:00,10007.890392380434
2023-07-14 18:00:00+00:00,10007.890392380434
2023-07-14 19:00:00+00:00,10007.890392380434
2023-07-14 20:00:00+00:00,10007.890392380434
2023-07-14 21:00:00+00:00,10007.890392380434
2023-07-14 22:00:00+00:00,10006.649111404371
2023-07-14 23:00:00+00:00,10004.154972896282
2023-07-15 00:00:00+00:00,10004.154972896282
2023-07-15 01:00:00+00:00,10004.154972896282
2023-07-15 02:00:00+00:00,10004.154972896282
2023-07-15 03:00:00+00:00,10004.154972896282
2023-07-15 04:00:00+00:00,10004.154972896282
2023-07-15 05:00:00+00:00,10004.154972896282
2023-07-15 06:00:00+00:00,10004.074496869158
2023-07-15 07:00:00+00:00,10001.706020770045
2023-07-15 08:00:00+00:00,10001.706020770045
2023-07-15 09:00:00+00:00,10000.373189718546
2023-07-15 10:00:00+00:00,10000.373189718546
2023-07-15 11:00:00+00:00,10000.373189718546
2023-07-15 12:00:00+00:00,10000.373189718546
2023-07-15 13:00:00+00:00,10000.373189718546
2023-07-15 14:00:00+00:00,10000.373189718546
2023-07-15 15:00:00+00:00,10000.723549849103
2023-07-15 16:00:00+00:00,10001.2345251983
2023-07-15 17:00:00+00:00,10001.2345251983
2023-07-15 18:00:00+00:00,10001.2345251983
2023-07-15 19:00:00+00:00,10001.2345251983
2023-07-15 20:00:00+00:00,10001.19138369471
2023-07-15 21:00:00+00:00,10001.880521530253
2023-07-15 22:00:00+00:00,10003.637966577067
2023-07-15 23:00:00+00:00,10003.637966577067
2023-07-16 00:00:00+00:00,10003.637966577067
2023-07-16 01:00:00+00:00,10003.637966577067
2023-07-16 02:00:00+00:00,10003.837158939396
2023-07-16 03:00:00+00:00,10004.325846423804
2023-07-16 04:00:00+00:00,10004.325846423804
2023-07-16 05:00:00+00:00,10004.325846423804
2023-07-16 06:00:00+00:00,10004.325846423804
2023-07-16 07:00:00+00:00,10004.325846423804
2023-07-16 08:00:00+00:00,10004.325846423804
2023-07-16 09:00:00+00:00,10004.325846423804
2023-07-16 10:00:00+00:00,10003.736218518365
2023-07-16 11:00:00+00:00,10003.736218518365
2023-07-16 12:00:00+00:00,10002.01293849993
2023-07-16 13:00:00+00:00,10001.877349548547
2023-07-16 14:00:00+00:00,10001.877349548547
2023-07-16 15:00:00+00:00,10001.877349548547
2023-07-16 16:00:00+00:00,10002.088479228392
2023-07-16 17:00:00+00:00,10002.088479228392
2023-07-16 18:00:00+00:00,10002.088479228392
2023-07-16 19:00:00+00:00,10002.384416104744
2023-07-16 20:00:00+00:00,10002.384416104744
2023-07-16 21:00:00+00:00,10002.384416104744
2023-07-16 22:00:00+00:00,10002.384416104744
2023-07-16 23:00:00+00:00,10002.5029413041
2023-07-17 00:00:00+00:00,10002.5029413041
2023-07-17 01:00:00+00:00,10002.5029413041
2023-07-17 02:00:00+00:00,10002.5029413041
2023-07-17 03:00:00+00:00,10001.333056923499
2023-07-17 04:00:00+00:00,10001.333056923499
2023-07-17 05:00:00+00:00,9999.723531706464
2023-07-17 06:00:00+00:00,9998.391289074596
2023-07-17 07:00:00+00:00,9997.123198182124
2023-07-17 08:00:00+00:00,9997.123198182124
2023-07-17 09:00:00+00:00,9997.123198182124
2023-07-17 10:00:00+00:00,9995.862218109327
2023-07-17 11:00:00+00:00,9994.619426156816
2023-07-17 12:00:00+00:00,9994.619426156816
2023-07-17 13:00:00+00:00,9994.619426156816
2023-07-17 14:00:00+00:00,9993.294654075506
2023-07-17 15:00:00+00:00,9992.860159619446
2023-07-17 16:00:00+00:00,9990.139002574299
2023-07-17 17:00:00+00:00,9990.139002574299
2023-07-17 18:00:00+00:00,9990.139002574299
2023-07-17 19:00:00+00:00,9990.139002574299
2023-07-17 20:00:00+00:00,9988.91585673313
2023-07-17 21:00:00+00:00,9986.543416163706
2023-07-17 22:00:00+00:00,9982.206789277612
2023-07-17 23:00:00+00:00,9980.969201398346
2023-07-18 00:00:00+00:00,9980.969201398346
2023-07-18 01:00:00+00:00,9980.969201398346
2023-07-18 02:00:00+00:00,9980.969201398346
2023-07-18 03:00:00+00:00,9985.560089951887
2023-07-18 04:00:00+00:00,9985.560089951887
2023-07-18 05:00:00+00:00,9985.866423561569
2023-07-18 06:00:00+00:00,9985.866423561569
2023-07-18 07:00:00+00:00,9985.866423561569
2023-07-18 08:00:00+00:00,9985.866423561569
2023-07-18 09:00:00+00:00,9985.866423561569
2023-07-18 10:00:00+00:00,9985.866423561569
2023-07-18 11:00:00+00:00,9987.531436210962
2023-07-18 12:00:00+00:00,9987.531436210962
2023-07-18 13:00:00+00:00,9987.531436210962
2023-07-18 14:00:00+00:00,9987.531436210962
2023-07-18 15:00:00+00:00,9987.531436210962
2023-07-18 16:00:00+00:00,9987.531436210962
2023-07-18 17:00:00+00:00,9987.531436210962
2023-07-18 18:00:00+00:00,9987.531436210962
2023-07-18 19:00:00+00:00,9987.531436210962
2023-07-18 20:00:00+00:00,9987.531436210962
2023-07-18 21:00:00+00:00,9987.531436210962
2023-07-18 22:00:00+00:00,9987.398615290167
2023-07-18 23:00:00+00:00,9987.398615290167
2023-07-19 00:00:00+00:00,9983.689762878435
2023-07-19 01:00:00+00:00,9982.493228492167
2023-07-19 02:00:00+00:00,9982.493228492167
2023-07-19 03:00:00+00:00,9982.493228492167
2023-07-19 04:00:00+00:00,9984.83521468277
2023-07-19 05:00:00+00:00,9984.83521468277
2023-07-19 06:00:00+00:00,9984.83521468277
2023-07-19 07:00:00+00:00,9985.436951599102
2023-07-19 08:00:00+00:00,9985.368298897945
2023-07-19 09:00:00+00:00,9985.368298897945
2023-07-19 10:00:00+00:00,9985.368298897945
2023-07-19 11:00:00+00:00,9985.368298897945
2023-07-19 12:00:00+00:00,9984.998029394119
2023-07-19 13:00:00+00:00,9984.998029394119
2023-07-19 14:00:00+00:00,9987.118801981293
2023-07-19 15:00:00+00:00,9987.118801981293
2023-07-19 16:00:00+00:00,9987.118801981293
2023-07-19 17:00:00+00:00,9987.118801981293
2023-07-19 18:00:00+00:00,9987.118801981293
2023-07-19 19:00:00+00:00,9987.118801981293
2023-07-19 20:00:00+00:00,9986.548704124905
2023-07-19 21:00:00+00:00,9986.548704124905
2023-07-19 22:00:00+00:00,9993.574561208985
2023-07-19 23:00:00+00:00,9993.574561208985
2023-07-20 00:00:00+00:00,9993.574561208985
2023-07-20 01:00:00+00:00,9993.574561208985
2023-07-20 02:00:00+00:00,9993.574561208985
2023-07-20 03:00:00+00:00,9993.574561208985
2023-07-20 04:00:00+00:00,9993.574561208985
2023-07-20 05:00:00+00:00,9991.167612483272
2023-07-20 06:00:00+00:00,9991.167612483272
2023-07-20 07:00:00+00:00,9991.167612483272
2023-07-20 08:00:00+00:00,9991.167612483272
2023-07-20 09:00:00+00:00,9988.722409812288
2023-07-20 10:00:00+00:00,9988.722409812288
2023-07-20 11:00:00+00:00,9988.722409812288
2023-07-20 12:00:00+00:00,9988.669902968766
2023-07-20 13:00:00+00:00,9988.669902968766
2023-07-20 14:00:00+00:00,9989.672308605517
2023-07-20 15:00:00+00:00,9986.473319629176
2023-07-20 16:00:00+00:00,9986.473319629176
2023-07-20 17:00:00+00:00,9985.251603369123
2023-07-20 18:00:00+00:00,9985.306162016574
2023-07-20 19:00:00+00:00,9985.306162016574
2023-07-20 20:00:00+00:00,9985.306162016574
2023-07-20 21:00:00+00:00,9985.306162016574
2023-07-20 22:00:00+00:00,9985.306162016574
2023-07-20 23:00:00+00:00,9985.306162016574
2023-07-21 00:00:00+00:00,9985.306162016574
2023-07-21 01:00:00+00:00,9985.306162016574
2023-07-21 02:00:00+00:00,9985.306162016574
2023-07-21 03:00:00+00:00,9985.306162016574
2023-07-21 04:00:00+00:00,9985.306162016574
2023-07-21 05:00:00+00:00,9985.306162016574
2023-07-21 06:00:00+00:00,9985.306162016574
2023-07-21 07:00:00+00:00,9985.306162016574
2023-07-21 08:00:00+00:00,9985.388624932106
2023-07-21 09:00:00+00:00,9985.388624932106
2023-07-21 10:00:00+00:00,9985.388624932106
2023-07-21 11:00:00+00:00,9985.388624932106
2023-07-21 12:00:00+00:00,9985.388624932106
2023-07-21 13:00:00+00:00,9985.388624932106
2023-07-21 14:00:00+00:00,9985.388624932106
2023-07-21 15:00:00+00:00,9985.98581980386
2023-07-21 16:00:00+00:00,9985.98581980386
2023-07-21 17:00:00+00:00,9984.770058934293
2023-07-21 18:00:00+00:00,9984.770058934293
2023-07-21 19:00:00+00:00,9984.770058934293
2023-07-21 20:00:00+00:00,9984.445969752094
2023-07-21 21:00:00+00:00,9984.07396071876
2023-07-21 22:00:00+00:00,9984.07396071876
2023-07-21 23:00:00+00:00,9984.376860444538
2023-07-22 00:00:00+00:00,9984.376860444538
2023-07-22 01:00:00+00:00,9984.757319510034
2023-07-22 02:00:00+00:00,9983.491307782462
2023-07-22 03:00:00+00:00,9983.491307782462
2023-07-22 04:00:00+00:00,9983.491307782462
2023-07-22 05:00:00+00:00,9983.491307782462
2023-07-22 06:00:00+00:00,9983.491307782462
2023-07-22 07:00:00+00:00,9983.491307782462
2023-07-22 08:00:00+00:00,9983.491307782462
2023-07-22 09:00:00+00:00,9983.755233875268
2023-07-22 10:00:00+00:00,9983.755233875268
2023-07-22 11:00:00+00:00,9983.755233875268
2023-07-22 12:00:00+00:00,9983.755233875268
2023-07-22 13:00:00+00:00,9983.755233875268
2023-07-22 14:00:00+00:00,9983.755233875268
2023-07-22 15:00:00+00:00,9982.49632130846
2023-07-22 16:00:00+00:00,9982.49632130846
2023-07-22 17:00:00+00:00,9982.49632130846
2023-07-22 18:00:00+00:00,9982.49632130846
2023-07-22 19:00:00+00:00,9982.49632130846
2023-07-22 20:00:00+00:00,9982.49632130846
2023-07-22 21:00:00+00:00,9982.49632130846
2023-07-22 22:00:00+00:00,9982.49632130846
2023-07-22 23:00:00+00:00,9982.39503234248
2023-07-23 00:00:00+00:00,9982.39503234248
2023-07-23 01:00:00+00:00,9981.14317912789
2023-07-23 02:00:00+00:00,9981.14317912789
2023-07-23 03:00:00+00:00,9981.14317912789
2023-07-23 04:00:00+00:00,9981.14317912789
2023-07-23 05:00:00+00:00,9979.787979424902
2023-07-23 06:00:00+00:00,9979.787979424902
2023-07-23 07:00:00+00:00,9979.787979424902
2023-07-23 08:00:00+00:00,9979.787979424902
2023-07-23 09:00:00+00:00,9979.787979424902
2023-07-23 10:00:00+00:00,9979.787979424902
2023-07-23 11:00:00+00:00,9979.787979424902
2023-07-23 12:00:00+00:00,9978.575499246743
2023-07-23 13:00:00+00:00,9978.575499246743
2023-07-23 14:00:00+00:00,9978.575499246743
2023-07-23 15:00:00+00:00,9978.575499246743
2023-07-23 16:00:00+00:00,9978.575499246743
2023-07-23 17:00:00+00:00,9978.575499246743
2023-07-23 18:00:00+00:00,9978.575499246743
2023-07-23 19:00:00+00:00,9978.065179116613
2023-07-23 20:00:00+00:00,9978.065179116613
2023-07-23 21:00:00+00:00,9977.84225179482
2023-07-23 22:00:00+00:00,9977.84225179482
2023-07-23 23:00:00+00:00,9977.84225179482
2023-07-24 00:00:00+00:00,9976.636570599261
2023-07-24 01:00:00+00:00,9976.593461090019
2023-07-24 02:00:00+00:00,9976.920584782814
2023-07-24 03:00:00+00:00,9976.531301693514
2023-07-24 04:00:00+00:00,9976.531301693514
2023-07-24 05:00:00+00:00,9976.531301693514
2023-07-24 06:00:00+00:00,9976.531301693514
2023-07-24 07:00:00+00:00,9975.382154291392
2023-07-24 08:00:00+00:00,9975.382154291392
2023-07-24 09:00:00+00:00,9975.382154291392
2023-07-24 10:00:00+00:00,9975.382154291392
2023-07-24 11:00:00+00:00,9975.382154291392
2023-07-24 12:00:00+00:00,9975.382154291392
2023-07-24 13:00:00+00:00,9975.382154291392
2023-07-24 14:00:00+00:00,9974.239450733325
2023-07-24 15:00:00+00:00,9974.239450733325
2023-07-24 16:00:00+00:00,9974.239450733325
2023-07-24 17:00:00+00:00,9974.239450733325
2023-07-24 18:00:00+00:00,9974.239450733325
2023-07-24 19:00:00+00:00,9974.239450733325
2023-07-24 20:00:00+00:00,9974.239450733325
2023-07-24 21:00:00+00:00,9974.239450733325
2023-07-24 22:00:00+00:00,9974.239450733325
2023-07-24 23:00:00+00:00,9974.239450733325
2023-07-25 00:00:00+00:00,9974.11553230483
2023-07-25 01:00:00+00:00,9976.912897744915
2023-07-25 02:00:00+00:00,9976.912897744915
2023-07-25 03:00:00+00:00,9976.912897744915
2023-07-25 04:00:00+00:00,9981.22885025769
2023-07-25 05:00:00+00:00,9981.22885025769
2023-07-25 06:00:00+00:00,9982.707734207534
2023-07-25 07:00:00+00:00,9982.707734207534
2023-07-25 08:00:00+00:00,9982.707734207534
2023-07-25 09:00:00+00:00,9982.707734207534
2023-07-25 10:00:00+00:00,9982.476424047418
2023-07-25 11:00:00+00:00,9982.476424047418
2023-07-25 12:00:00+00:00,9982.506654066874
2023-07-25 13:00:00+00:00,9981.984916394409
2023-07-25 14:00:00+00:00,9983.700519749325
2023-07-25 15:00:00+00:00,9983.700519749325
2023-07-25 16:00:00+00:00,9983.700519749325
2023-07-25 17:00:00+00:00,9983.700519749325
2023-07-25 18:00:00+00:00,9983.700519749325
2023-07-25 19:00:00+00:00,9983.700519749325
2023-07-25 20:00:00+00:00,9983.700519749325
2023-07-25 21:00:00+00:00,9983.700519749325
2023-07-25 22:00:00+00:00,9983.700519749325
2023-07-25 23:00:00+00:00,9983.700519749325
2023-07-26 00:00:00+00:00,9984.756538889962
2023-07-26 01:00:00+00:00,9985.014443751483
2023-07-26 02:00:00+00:00,9985.014443751483
2023-07-26 03:00:00+00:00,9985.014443751483
2023-07-26 04:00:00+00:00,9983.822246359023
2023-07-26 05:00:00+00:00,9983.822246359023
2023-07-26 06:00:00+00:00,9983.822246359023
2023-07-26 07:00:00+00:00,9983.822246359023
2023-07-26 08:00:00+00:00,9983.822246359023
2023-07-26 09:00:00+00:00,9983.822246359023
2023-07-26 10:00:00+00:00,9983.822246359023
2023-07-26 11:00:00+00:00,9983.822246359023
2023-07-26 12:00:00+00:00,9983.822246359023
2023-07-26 13:00:00+00:00,9983.822246359023
2023-07-26 14:00:00+00:00,9983.822246359023
2023-07-26 15:00:00+00:00,9983.822246359023
2023-07-26 16:00:00+00:00,9983.822246359023
2023-07-26 17:00:00+00:00,9983.822246359023
2023-07-26 18:00:00+00:00,9983.822246359023
2023-07-26 19:00:00+00:00,9983.822246359023
2023-07-26 20:00:00+00:00,9982.636734213442
2023-07-26 21:00:00+00:00,9982.636734213442
2023-07-26 22:00:00+00:00,9982.636734213442
2023-07-26 23:00:00+00:00,9982.636734213442
2023-07-27 00:00:00+00:00,9982.62389043253
2023-07-27 01:00:00+00:00,9982.62389043253
2023-07-27 02:00:00+00:00,9982.62389043253
2023-07-27 03:00:00+00:00,9982.62389043253
2023-07-27 04:00:00+00:00,9982.62389043253
2023-07-27 05:00:00+00:00,9982.62389043253
2023-07-27 06:00:00+00:00,9982.62389043253
2023-07-27 07:00:00+00:00,9982.62389043253
2023-07-27 08:00:00+00:00,9982.62389043253
2023-07-27 09:00:00+00:00,9982.62389043253
2023-07-27 10:00:00+00:00,9982.62389043253
2023-07-27 11:00:00+00:00,9982.62389043253
2023-07-27 12:00:00+00:00,9982.62389043253
2023-07-27 13:00:00+00:00,9982.62389043253
2023-07-27 14:00:00+00:00,9982.62389043253
2023-07-27 15:00:00+00:00,9982.62389043253
2023-07-27 16:00:00+00:00,9982.62389043253
2023-07-27 17:00:00+00:00,9982.62389043253
2023-07-27 18:00:00+00:00,9982.62389043253
2023-07-27 19:00:00+00:00,9982.62389043253
2023-07-27 20:00:00+00:00,9982.62389043253
2023-07-27 21:00:00+00:00,9982.62389043253
2023-07-27 22:00:00+00:00,9981.445026046305
2023-07-27 23:00:00+00:00,9981.445026046305
2023-07-28 00:00:00+00:00,9981.445026046305
2023-07-28 01:00:00+00:00,9981.445026046305
2023-07-28 02:00:00+00:00,9980.250879993273
2023-07-28 03:00:00+00:00,9980.250879993273
2023-07-28 04:00:00+00:00,9980.250879993273
2023-07-28 05:00:00+00:00,9981.57692697626
2023-07-28 06:00:00+00:00,9981.57692697626
2023-07-28 07:00:00+00:00,9981.57692697626
2023-07-28 08:00:00+00:00,9981.57692697626
2023-07-28 09:00:00+00:00,9980.389477097218
2023-07-28 10:00:00+00:00,9980.389477097218
2023-07-28 11:00:00+00:00,9980.389477097218
2023-07-28 12:00:00+00:00,9980.389477097218
2023-07-28 13:00:00+00:00,9980.389477097218
2023-07-28 14:00:00+00:00,9980.389477097218
2023-07-28 15:00:00+00:00,9980.389477097218
2023-07-28 16:00:00+00:00,9980.389477097218
2023-07-28 17:00:00+00:00,9980.389477097218
2023-07-28 18:00:00+00:00,9980.389477097218
2023-07-28 19:00:00+00:00,9980.389477097218
2023-07-28 20:00:00+00:00,9980.389477097218
2023-07-28 21:00:00+00:00,9980.389477097218
2023-07-28 22:00:00+00:00,9980.389477097218
2023-07-28 23:00:00+00:00,9980.389477097218
2023-07-29 00:00:00+00:00,9980.389477097218
2023-07-29 01:00:00+00:00,9980.389477097218
2023-07-29 02:00:00+00:00,9980.389477097218
2023-07-29 03:00:00+00:00,9980.926669710783
2023-07-29 04:00:00+00:00,9980.926669710783
2023-07-29 05:00:00+00:00,9980.926669710783
2023-07-29 06:00:00+00:00,9980.926669710783
2023-07-29 07:00:00+00:00,9980.926669710783
2023-07-29 08:00:00+00:00,9980.926669710783
2023-07-29 09:00:00+00:00,9980.926669710783
2023-07-29 10:00:00+00:00,9980.926669710783
2023-07-29 11:00:00+00:00,9980.926669710783
2023-07-29 12:00:00+00:00,9980.926669710783
2023-07-29 13:00:00+00:00,9980.926669710783
2023-07-29 14:00:00+00:00,9980.926669710783
2023-07-29 15:00:00+00:00,9980.926669710783
2023-07-29 16:00:00+00:00,9980.926669710783
2023-07-29 17:00:00+00:00,9980.926669710783
2023-07-29 18:00:00+00:00,9980.926669710783
2023-07-29 19:00:00+00:00,9980.926669710783
2023-07-29 20:00:00+00:00,9980.926669710783
2023-07-29 21:00:00+00:00,9980.926669710783
2023-07-29 22:00:00+00:00,9980.926669710783
2023-07-29 23:00:00+00:00,9980.926669710783
2023-07-30 00:00:00+00:00,9980.800121121903
2023-07-30 01:00:00+00:00,9980.800121121903
2023-07-30 02:00:00+00:00,9980.800121121903
2023-07-30 03:00:00+00:00,9980.800121121903
2023-07-30 04:00:00+00:00,9980.800121121903
2023-07-30 05:00:00+00:00,9980.800121121903
2023-07-30 06:00:00+00:00,9980.816827611467
2023-07-30 07:00:00+00:00,9980.816827611467
2023-07-30 08:00:00+00:00,9980.816827611467
2023-07-30 09:00:00+00:00,9980.816827611467
2023-07-30 10:00:00+00:00,9980.816827611467
2023-07-30 11:00:00+00:00,9980.816827611467
2023-07-30 12:00:00+00:00,9980.816827611467
2023-07-30 13:00:00+00:00,9980.816827611467
2023-07-30 14:00:00+00:00,9980.816827611467
2023-07-30 15:00:00+00:00,9980.816827611467
2023-07-30 16:00:00+00:00,9980.816827611467
2023-07-30 17:00:00+00:00,9980.816827611467
2023-07-30 18:00:00+00:00,9980.816827611467
2023-07-30 19:00:00+00:00,9980.816827611467
2023-07-30 20:00:00+00:00,9979.634835212464
2023-07-30 21:00:00+00:00,9979.634835212464
2023-07-30 22:00:00+00:00,9979.634835212464
2023-07-30 23:00:00+00:00,9979.634835212464
2023-07-31 00:00:00+00:00,9979.634835212464
2023-07-31 01:00:00+00:00,9979.634835212464
2023-07-31 02:00:00+00:00,9979.634835212464
2023-07-31 03:00:00+00:00,9979.634835212464
2023-07-31 04:00:00+00:00,9980.274592641512
2023-07-31 05:00:00+00:00,9980.274592641512
2023-07-31 06:00:00+00:00,9980.274592641512
2023-07-31 07:00:00+00:00,9980.274592641512
2023-07-31 08:00:00+00:00,9980.274592641512
2023-07-31 09:00:00+00:00,9980.274592641512
2023-07-31 10:00:00+00:00,9980.274592641512
2023-07-31 11:00:00+00:00,9980.274592641512
2023-07-31 12:00:00+00:00,9980.274592641512
2023-07-31 13:00:00+00:00,9980.274592641512
2023-07-31 14:00:00+00:00,9979.095640825102
2023-07-31 15:00:00+00:00,9979.11412190094
2023-07-31 16:00:00+00:00,9979.11412190094
2023-07-31 17:00:00+00:00,9979.11412190094
2023-07-31 18:00:00+00:00,9979.11412190094
2023-07-31 19:00:00+00:00,9979.11412190094
2023-07-31 20:00:00+00:00,9977.941781056841
2023-07-31 21:00:00+00:00,9977.941781056841
2023-07-31 22:00:00+00:00,9977.941781056841
2023-07-31 23:00:00+00:00,9977.941781056841
2023-08-01 00:00:00+00:00,9977.941781056841
2023-08-01 01:00:00+00:00,9977.542551074073
2023-08-01 02:00:00+00:00,9977.542551074073
2023-08-01 03:00:00+00:00,9977.542551074073
2023-08-01 04:00:00+00:00,9977.542551074073
2023-08-01 05:00:00+00:00,9977.542551074073
2023-08-01 06:00:00+00:00,9977.542551074073
2023-08-01 07:00:00+00:00,9977.542551074073
2023-08-01 08:00:00+00:00,9976.361759820229
2023-08-01 09:00:00+00:00,9975.303765842933
2023-08-01 10:00:00+00:00,9975.303765842933
2023-08-01 11:00:00+00:00,9975.303765842933
2023-08-01 12:00:00+00:00,9975.303765842933
2023-08-01 13:00:00+00:00,9975.303765842933
2023-08-01 14:00:00+00:00,9975.303765842933
2023-08-01 15:00:00+00:00,9975.303765842933
2023-08-01 16:00:00+00:00,9975.0993702122
2023-08-01 17:00:00+00:00,9975.0993702122
2023-08-01 18:00:00+00:00,9975.0993702122
2023-08-01 19:00:00+00:00,9975.0993702122
2023-08-01 20:00:00+00:00,9975.0993702122
2023-08-01 21:00:00+00:00,9975.0993702122
2023-08-01 22:00:00+00:00,9976.665533072959
2023-08-01 23:00:00+00:00,9974.156377171696
2023-08-02 00:00:00+00:00,9974.156377171696
2023-08-02 01:00:00+00:00,9974.156377171696
2023-08-02 02:00:00+00:00,9974.156377171696
2023-08-02 03:00:00+00:00,9974.156377171696
2023-08-02 04:00:00+00:00,9974.784804652536
2023-08-02 05:00:00+00:00,9975.397405120973
2023-08-02 06:00:00+00:00,9975.397405120973
2023-08-02 07:00:00+00:00,9975.397405120973
2023-08-02 08:00:00+00:00,9975.397405120973
2023-08-02 09:00:00+00:00,9975.397405120973
2023-08-02 10:00:00+00:00,9975.397405120973
2023-08-02 11:00:00+00:00,9975.397405120973
2023-08-02 12:00:00+00:00,9975.397405120973
2023-08-02 13:00:00+00:00,9975.397405120973
2023-08-02 14:00:00+00:00,9975.397405120973
2023-08-02 15:00:00+00:00,9975.397405120973
2023-08-02 16:00:00+00:00,9975.397405120973
2023-08-02 17:00:00+00:00,9975.397405120973
2023-08-02 18:00:00+00:00,9975.397405120973
2023-08-02 19:00:00+00:00,9975.397405120973
2023-08-02 20:00:00+00:00,9975.397405120973
2023-08-02 21:00:00+00:00,9975.397405120973
2023-08-02 22:00:00+00:00,9974.222855919916
2023-08-02 23:00:00+00:00,9974.222855919916
2023-08-03 00:00:00+00:00,9972.968856193125
2023-08-03 01:00:00+00:00,9972.968856193125
2023-08-03 02:00:00+00:00,9972.968856193125
2023-08-03 03:00:00+00:00,9972.968856193125
2023-08-03 04:00:00+00:00,9971.800893276712
2023-08-03 05:00:00+00:00,9971.800893276712
2023-08-03 06:00:00+00:00,9971.800893276712
2023-08-03 07:00:00+00:00,9971.800893276712
2023-08-03 08:00:00+00:00,9971.800893276712
2023-08-03 09:00:00+00:00,9971.800893276712
2023-08-03 10:00:00+00:00,9971.800893276712
2023-08-03 11:00:00+00:00,9971.800893276712
2023-08-03 12:00:00+00:00,9971.800893276712
2023-08-03 13:00:00+00:00,9971.800893276712
2023-08-03 14:00:00+00:00,9971.800893276712
2023-08-03 15:00:00+00:00,9971.800893276712
2023-08-03 16:00:00+00:00,9971.800893276712
2023-08-03 17:00:00+00:00,9971.800893276712
2023-08-03 18:00:00+00:00,9971.800893276712
2023-08-03 19:00:00+00:00,9971.800893276712
2023-08-03 20:00:00+00:00,9971.800893276712
2023-08-03 21:00:00+00:00,9971.800893276712
2023-08-03 22:00:00+00:00,9971.800893276712
2023-08-03 23:00:00+00:00,9970.639479712354
2023-08-04 00:00:00+00:00,9970.639479712354
2023-08-04 01:00:00+00:00,9970.639479712354
2023-08-04 02:00:00+00:00,9970.639479712354
2023-08-04 03:00:00+00:00,9970.639479712354
2023-08-04 04:00:00+00:00,9970.639479712354
2023-08-04 05:00:00+00:00,9970.639479712354
2023-08-04 06:00:00+00:00,9970.639479712354
2023-08-04 07:00:00+00:00,9970.639479712354
2023-08-04 08:00:00+00:00,9970.639479712354
2023-08-04 09:00:00+00:00,9970.639479712354
2023-08-04 10:00:00+00:00,9970.639479712354
2023-08-04 11:00:00+00:00,9970.639479712354
2023-08-04 12:00:00+00:00,9970.639479712354
2023-08-04 13:00:00+00:00,9970.639479712354
2023-08-04 14:00:00+00:00,9970.639479712354
2023-08-04 15:00:00+00:00,9970.639479712354
2023-08-04 16:00:00+00:00,9973.476999562585
2023-08-04 17:00:00+00:00,9973.476999562585
2023-08-04 18:00:00+00:00,9973.476999562585
2023-08-04 19:00:00+00:00,9973.476999562585
2023-08-04 20:00:00+00:00,9973.476999562585
2023-08-04 21:00:00+00:00,9973.476999562585
2023-08-04 22:00:00+00:00,9973.476999562585
2023-08-04 23:00:00+00:00,9973.476999562585
2023-08-05 00:00:00+00:00,9973.476999562585
2023-08-05 01:00:00+00:00,9973.476999562585
2023-08-05 02:00:00+00:00,9973.476999562585
2023-08-05 03:00:00+00:00,9973.476999562585
2023-08-05 04:00:00+00:00,9973.476999562585
2023-08-05 05:00:00+00:00,9973.476999562585
2023-08-05 06:00:00+00:00,9973.476999562585
2023-08-05 07:00:00+00:00,9973.476999562585
2023-08-05 08:00:00+00:00,9973.476999562585
2023-08-05 09:00:00+00:00,9973.476999562585
2023-08-05 10:00:00+00:00,9973.476999562585
2023-08-05 11:00:00+00:00,9973.476999562585
2023-08-05 12:00:00+00:00,9973.476999562585
2023-08-05 13:00:00+00:00,9973.476999562585
2023-08-05 14:00:00+00:00,9973.476999562585
2023-08-05 15:00:00+00:00,9973.476999562585
2023-08-05 16:00:00+00:00,9973.476999562585
2023-08-05 17:00:00+00:00,9975.876353557187
2023-08-05 18:00:00+00:00,9975.876353557187
2023-08-05 19:00:00+00:00,9975.876353557187
2023-08-05 20:00:00+00:00,9975.876353557187
2023-08-05 21:00:00+00:00,9974.736605823726
2023-08-05 22:00:00+00:00,9974.736605823726
2023-08-05 23:00:00+00:00,9974.736605823726
2023-08-06 00:00:00+00:00,9974.736605823726
2023-08-06 01:00:00+00:00,9974.736605823726
2023-08-06 02:00:00+00:00,9974.736605823726
2023-08-06 03:00:00+00:00,9974.736605823726
2023-08-06 04:00:00+00:00,9974.736605823726
2023-08-06 05:00:00+00:00,9974.736605823726
2023-08-06 06:00:00+00:00,9974.736605823726
2023-08-06 07:00:00+00:00,9974.736605823726
2023-08-06 08:00:00+00:00,9974.736605823726
2023-08-06 09:00:00+00:00,9973.502642746562
2023-08-06 10:00:00+00:00,9973.502642746562
2023-08-06 11:00:00+00:00,9973.502642746562
2023-08-06 12:00:00+00:00,9973.502642746562
2023-08-06 13:00:00+00:00,9974.720581657732
2023-08-06 14:00:00+00:00,9974.720581657732
2023-08-06 15:00:00+00:00,9974.720581657732
2023-08-06 16:00:00+00:00,9974.720581657732
2023-08-06 17:00:00+00:00,9974.720581657732
2023-08-06 18:00:00+00:00,9974.720581657732
2023-08-06 19:00:00+00:00,9974.720581657732
2023-08-06 20:00:00+00:00,9974.720581657732
2023-08-06 21:00:00+00:00,9974.720581657732
2023-08-06 22:00:00+00:00,9974.720581657732
2023-08-06 23:00:00+00:00,9974.720581657732
2023-08-07 00:00:00+00:00,9974.720581657732
2023-08-07 01:00:00+00:00,9974.720581657732
2023-08-07 02:00:00+00:00,9974.720581657732
2023-08-07 03:00:00+00:00,9974.720581657732
2023-08-07 04:00:00+00:00,9974.720581657732
2023-08-07 05:00:00+00:00,9974.720581657732
2023-08-07 06:00:00+00:00,9975.958940854327
2023-08-07 07:00:00+00:00,9975.958940854327
2023-08-07 08:00:00+00:00,9974.611340433677
2023-08-07 09:00:00+00:00,9974.611340433677
2023-08-07 10:00:00+00:00,9974.611340433677
2023-08-07 11:00:00+00:00,9974.611340433677
2023-08-07 12:00:00+00:00,9974.611340433677
2023-08-07 13:00:00+00:00,9974.611340433677
2023-08-07 14:00:00+00:00,9974.611340433677
2023-08-07 15:00:00+00:00,9974.505456481447
2023-08-07 16:00:00+00:00,9974.505456481447
2023-08-07 17:00:00+00:00,9974.505456481447
2023-08-07 18:00:00+00:00,9974.505456481447
2023-08-07 19:00:00+00:00,9974.505456481447
2023-08-07 20:00:00+00:00,9973.258488558124
2023-08-07 21:00:00+00:00,9973.258488558124
2023-08-07 22:00:00+00:00,9973.258488558124
2023-08-07 23:00:00+00:00,9973.258488558124
2023-08-08 00:00:00+00:00,9973.258488558124
2023-08-08 01:00:00+00:00,9971.70831046436
2023-08-08 02:00:00+00:00,9971.70831046436
2023-08-08 03:00:00+00:00,9971.70831046436
2023-08-08 04:00:00+00:00,9971.70831046436
2023-08-08 05:00:00+00:00,9971.70831046436
2023-08-08 06:00:00+00:00,9971.061001168873
2023-08-08 07:00:00+00:00,9971.061001168873
2023-08-08 08:00:00+00:00,9970.466047399133
2023-08-08 09:00:00+00:00,9970.466047399133
2023-08-08 10:00:00+00:00,9970.466047399133
2023-08-08 11:00:00+00:00,9970.466047399133
2023-08-08 12:00:00+00:00,9969.275046309149
2023-08-08 13:00:00+00:00,9969.953142153176
2023-08-08 14:00:00+00:00,9969.953142153176
2023-08-08 15:00:00+00:00,9969.953142153176
2023-08-08 16:00:00+00:00,9969.953142153176
2023-08-08 17:00:00+00:00,9969.953142153176
2023-08-08 18:00:00+00:00,9969.953142153176
2023-08-08 19:00:00+00:00,9969.953142153176
2023-08-08 20:00:00+00:00,9969.953142153176
2023-08-08 21:00:00+00:00,9969.953142153176
2023-08-08 22:00:00+00:00,9969.953142153176
2023-08-08 23:00:00+00:00,9969.953142153176
2023-08-09 00:00:00+00:00,9969.953142153176
2023-08-09 01:00:00+00:00,9969.953142153176
2023-08-09 02:00:00+00:00,9969.953142153176
2023-08-09 03:00:00+00:00,9969.953142153176
2023-08-09 04:00:00+00:00,9969.953142153176
2023-08-09 05:00:00+00:00,9969.953142153176
2023-08-09 06:00:00+00:00,9969.953142153176
2023-08-09 07:00:00+00:00,9969.953142153176
2023-08-09 08:00:00+00:00,9969.953142153176
2023-08-09 09:00:00+00:00,9969.953142153176
2023-08-09 10:00:00+00:00,9969.953142153176
2023-08-09 11:00:00+00:00,9969.953142153176
2023-08-09 12:00:00+00:00,9969.953142153176
2023-08-09 13:00:00+00:00,9969.953142153176
2023-08-09 14:00:00+00:00,9969.953142153176
2023-08-09 15:00:00+00:00,9969.953142153176
2023-08-09 16:00:00+00:00,9969.953142153176
2023-08-09 17:00:00+00:00,9969.953142153176
2023-08-09 18:00:00+00:00,9969.953142153176
2023-08-09 19:00:00+00:00,9969.953142153176
2023-08-09 20:00:00+00:00,9969.953142153176
2023-08-09 21:00:00+00:00,9969.953142153176
2023-08-09 22:00:00+00:00,9969.953142153176
2023-08-09 23:00:00+00:00,9969.953142153176
2023-08-10 00:00:00+00:00,9969.953142153176
2023-08-10 01:00:00+00:00,9969.953142153176
2023-08-10 02:00:00+00:00,9969.953142153176
2023-08-10 03:00:00+00:00,9969.953142153176
2023-08-10 04:00:00+00:00,9969.953142153176
2023-08-10 05:00:00+00:00,9969.953142153176
2023-08-10 06:00:00+00:00,9969.953142153176
2023-08-10 07:00:00+00:00,9969.953142153176
2023-08-10 08:00:00+00:00,9969.953142153176
2023-08-10 09:00:00+00:00,9969.953142153176
2023-08-10 10:00:00+00:00,9969.953142153176
2023-08-10 11:00:00+00:00,9969.953142153176
2023-08-10 12:00:00+00:00,9969.953142153176
2023-08-10 13:00:00+00:00,9969.953142153176
2023-08-10 14:00:00+00:00,9969.953142153176
2023-08-10 15:00:00+00:00,9969.953142153176
2023-08-10 16:00:00+00:00,9969.953142153176
2023-08-10 17:00:00+00:00,9969.953142153176
2023-08-10 18:00:00+00:00,9969.953142153176
2023-08-10 19:00:00+00:00,9969.953142153176
2023-08-10 20:00:00+00:00,9969.953142153176
2023-08-10 21:00:00+00:00,9969.953142153176
2023-08-10 22:00:00+00:00,9969.953142153176
2023-08-10 23:00:00+00:00,9969.953142153176
2023-08-11 00:00:00+00:00,9969.953142153176
2023-08-11 01:00:00+00:00,9969.953142153176
2023-08-11 02:00:00+00:00,9969.953142153176
2023-08-11 03:00:00+00:00,9969.953142153176
2023-08-11 04:00:00+00:00,9969.953142153176
2023-08-11 05:00:00+00:00,9969.953142153176
2023-08-11 06:00:00+00:00,9969.953142153176
2023-08-11 07:00:00+00:00,9969.953142153176
2023-08-11 08:00:00+00:00,9969.953142153176
2023-08-11 09:00:00+00:00,9969.953142153176
2023-08-11 10:00:00+00:00,9969.953142153176
2023-08-11 11:00:00+00:00,9969.953142153176
2023-08-11 12:00:00+00:00,9969.953142153176
2023-08-11 13:00:00+00:00,9969.953142153176
2023-08-11 14:00:00+00:00,9969.953142153176
2023-08-11 15:00:00+00:00,9969.953142153176
2023-08-11 16:00:00+00:00,9969.953142153176
2023-08-11 17:00:00+00:00,9969.953142153176
2023-08-11 18:00:00+00:00,9969.953142153176
2023-08-11 19:00:00+00:00,9969.953142153176
2023-08-11 20:00:00+00:00,9969.953142153176
2023-08-11 21:00:00+00:00,9969.953142153176
2023-08-11 22:00:00+00:00,9969.953142153176
2023-08-11 23:00:00+00:00,9969.953142153176
2023-08-12 00:00:00+00:00,9969.953142153176
2023-08-12 01:00:00+00:00,9969.953142153176
2023-08-12 02:00:00+00:00,9969.953142153176
2023-08-12 03:00:00+00:00,9969.953142153176
2023-08-12 04:00:00+00:00,9969.953142153176
2023-08-12 05:00:00+00:00,9969.953142153176
2023-08-12 06:00:00+00:00,9969.953142153176
2023-08-12 07:00:00+00:00,9969.953142153176
2023-08-12 08:00:00+00:00,9969.953142153176
2023-08-12 09:00:00+00:00,9969.953142153176
2023-08-12 10:00:00+00:00,9969.953142153176
2023-08-12 11:00:00+00:00,9969.953142153176
2023-08-12 12:00:00+00:00,9969.953142153176
2023-08-12 13:00:00+00:00,9969.953142153176
2023-08-12 14:00:00+00:00,9969.953142153176
2023-08-12 15:00:00+00:00,9969.953142153176
2023-08-12 16:00:00+00:00,9969.953142153176
2023-08-12 17:00:00+00:00,9969.953142153176
2023-08-12 18:00:00+00:00,9969.953142153176
2023-08-12 19:00:00+00:00,9969.953142153176
2023-08-12 20:00:00+00:00,9969.953142153176
2023-08-12 21:00:00+00:00,9969.953142153176
2023-08-12 22:00:00+00:00,9969.953142153176
2023-08-12 23:00:00+00:00,9969.953142153176
2023-08-13 00:00:00+00:00,9969.953142153176
2023-08-13 01:00:00+00:00,9969.953142153176
2023-08-13 02:00:00+00:00,9969.953142153176
2023-08-13 03:00:00+00:00,9969.953142153176
2023-08-13 04:00:00+00:00,9969.953142153176
2023-08-13 05:00:00+00:00,9969.953142153176
2023-08-13 06:00:00+00:00,9969.953142153176
2023-08-13 07:00:00+00:00,9969.953142153176
2023-08-13 08:00:00+00:00,9969.953142153176
2023-08-13 09:00:00+00:00,9969.953142153176
2023-08-13 10:00:00+00:00,9969.953142153176
2023-08-13 11:00:00+00:00,9969.953142153176
2023-08-13 12:00:00+00:00,9969.953142153176
2023-08-13 13:00:00+00:00,9969.953142153176
2023-08-13 14:00:00+00:00,9969.953142153176
2023-08-13 15:00:00+00:00,9969.953142153176
2023-08-13 16:00:00+00:00,9969.953142153176
2023-08-13 17:00:00+00:00,9969.953142153176
2023-08-13 18:00:00+00:00,9969.953142153176
2023-08-13 19:00:00+00:00,9969.953142153176
2023-08-13 20:00:00+00:00,9969.953142153176
2023-08-13 21:00:00+00:00,9969.953142153176
2023-08-13 22:00:00+00:00,9969.953142153176
2023-08-13 23:00:00+00:00,9969.953142153176
2023-08-14 00:00:00+00:00,9969.953142153176
2023-08-14 01:00:00+00:00,9969.953142153176
2023-08-14 02:00:00+00:00,9969.953142153176
2023-08-14 03:00:00+00:00,9969.953142153176
2023-08-14 04:00:00+00:00,9969.953142153176
2023-08-14 05:00:00+00:00,9969.953142153176
2023-08-14 06:00:00+00:00,9969.953142153176
2023-08-14 07:00:00+00:00,9969.953142153176
2023-08-14 08:00:00+00:00,9969.953142153176
2023-08-14 09:00:00+00:00,9969.953142153176
2023-08-14 10:00:00+00:00,9969.953142153176
2023-08-14 11:00:00+00:00,9969.953142153176
2023-08-14 12:00:00+00:00,9969.953142153176
2023-08-14 13:00:00+00:00,9968.809641650363
2023-08-14 14:00:00+00:00,9968.809641650363
2023-08-14 15:00:00+00:00,9968.809641650363
2023-08-14 16:00:00+00:00,9968.809641650363
2023-08-14 17:00:00+00:00,9968.809641650363
2023-08-14 18:00:00+00:00,9968.809641650363
2023-08-14 19:00:00+00:00,9968.809641650363
2023-08-14 20:00:00+00:00,9968.809641650363
2023-08-14 21:00:00+00:00,9968.809641650363
2023-08-14 22:00:00+00:00,9968.809641650363
2023-08-14 23:00:00+00:00,9968.809641650363
2023-08-15 00:00:00+00:00,9968.809641650363
2023-08-15 01:00:00+00:00,9968.809641650363
2023-08-15 02:00:00+00:00,9968.809641650363
2023-08-15 03:00:00+00:00,9968.809641650363
2023-08-15 04:00:00+00:00,9968.809641650363
2023-08-15 05:00:00+00:00,9968.809641650363
2023-08-15 06:00:00+00:00,9968.809641650363
2023-08-15 07:00:00+00:00,9968.809641650363
2023-08-15 08:00:00+00:00,9968.809641650363
2023-08-15 09:00:00+00:00,9968.809641650363
2023-08-15 10:00:00+00:00,9968.809641650363
2023-08-15 11:00:00+00:00,9968.809641650363
2023-08-15 12:00:00+00:00,9968.809641650363
2023-08-15 13:00:00+00:00,9968.809641650363
2023-08-15 14:00:00+00:00,9968.809641650363
2023-08-15 15:00:00+00:00,9968.809641650363
2023-08-15 16:00:00+00:00,9969.007568962985
2023-08-15 17:00:00+00:00,9969.007568962985
2023-08-15 18:00:00+00:00,9969.007568962985
2023-08-15 19:00:00+00:00,9969.007568962985
2023-08-15 20:00:00+00:00,9969.007568962985
2023-08-15 21:00:00+00:00,9969.007568962985
2023-08-15 22:00:00+00:00,9969.007568962985
2023-08-15 23:00:00+00:00,9969.007568962985
2023-08-16 00:00:00+00:00,9969.007568962985
2023-08-16 01:00:00+00:00,9969.007568962985
2023-08-16 02:00:00+00:00,9969.007568962985
2023-08-16 03:00:00+00:00,9969.007568962985
2023-08-16 04:00:00+00:00,9969.007568962985
2023-08-16 05:00:00+00:00,9975.42701433844
