instrument,member_id,bars_total,total_trades,long_trades,short_trades,gross_pnl,net_pnl,net_return,fees,slippage_drag,cost_drag,profit_factor_gross,win_rate,max_drawdown,sharpe,avg_hold_hours,stop_triggers,entry_intents,exit_intents,canonical_chain_bound,entry_side_none,entry_side_other,engine_signal_source
1INCH,okx:linear_perpetual:1INCH:USDT:USDT:perp,9162,2,0,2,-99.71962499999933,-111.8355594374993,-0.011183555943749889,8.077289624999981,4.0386448124999905,12.115934437499973,0.0,0.0,-0.011183555943749889,NOT_AVAILABLE,65.0,2,2,8820,True,9102,0,mv2_decision_replay_series
ADA,okx:linear_perpetual:ADA:USDT:USDT:perp,9162,7,0,7,-344.1668445702086,-385.98311618548894,-0.0385983116185489,27.877514410186937,13.938757205093468,41.81627161528036,0.0,0.0,-0.0385983116185489,NOT_AVAILABLE,101.28571428571429,7,7,7548,True,9102,0,mv2_decision_replay_series
AGLD,okx:linear_perpetual:AGLD:USDT:USDT:perp,9162,0,0,0,0.0,0.0,0.0,0.0,0.0,0.0,NOT_AVAILABLE,0.0,0.0,NOT_AVAILABLE,NOT_AVAILABLE,0,0,8986,True,9102,0,mv2_decision_replay_series
ALGO,okx:linear_perpetual:ALGO:USDT:USDT:perp,9162,1,0,1,-49.9999999999997,-56.07499999999969,-0.005607499999999891,4.049999999999992,2.024999999999996,6.074999999999989,0.0,0.0,-0.005607499999999891,NOT_AVAILABLE,6.0,1,1,8803,True,9102,0,mv2_decision_replay_series
APE,okx:linear_perpetual:APE:USDT:USDT:perp,9162,7,1,6,-344.1712819555145,-385.8380927131096,-0.03858380927131093,27.777873838396747,13.888936919198374,41.6668107575951,0.0,0.0,-0.03858380927131093,NOT_AVAILABLE,344.2857142857143,7,8,6593,True,9102,0,mv2_decision_replay_series
API3,okx:linear_perpetual:API3:USDT:USDT:perp,9162,2,1,1,-99.72037499999976,-111.68640056249974,-0.011168640056249932,7.977350374999983,3.9886751874999913,11.96602556249998,0.0,0.0,-0.011168640056249932,NOT_AVAILABLE,100.0,2,2,13,True,9102,0,mv2_decision_replay_series
APT,okx:linear_perpetual:APT:USDT:USDT:perp,9162,13,0,13,-628.5741596250194,-704.9459200194595,-0.0704945920019456,50.914506929626754,25.457253464813377,76.37176039444012,0.0,0.0,-0.0704945920019456,NOT_AVAILABLE,79.92307692307692,13,13,7523,True,9102,0,mv2_decision_replay_series
AR,okx:linear_perpetual:AR:USDT:USDT:perp,9162,4,0,4,-198.3240299951219,-222.42039963952934,-0.022242039963952992,16.064246429604935,8.032123214802468,24.096369644407446,0.0,0.0,-0.022242039963952992,NOT_AVAILABLE,117.5,4,4,8359,True,9102,0,mv2_decision_replay_series
ARB,okx:linear_perpetual:ARB:USDT:USDT:perp,9162,6,0,6,-295.82568711068103,-331.7685080946289,-0.03317685080946285,23.96188065596526,11.98094032798263,35.942820983947854,0.0,0.0,-0.03317685080946285,NOT_AVAILABLE,275.5,6,6,6886,True,9102,0,mv2_decision_replay_series
ATOM,okx:linear_perpetual:ATOM:USDT:USDT:perp,9162,3,0,3,-149.16044720281184,-167.28344153795354,-0.016728344153795295,12.081996223427808,6.040998111713904,18.122994335141698,0.0,0.0,-0.016728344153795295,NOT_AVAILABLE,567.3333333333334,3,3,7286,True,9102,0,mv2_decision_replay_series
BCH,okx:linear_perpetual:BCH:USDT:USDT:perp,9162,1,0,1,-49.999999999999694,-56.0749999999997,-0.005607499999999891,4.049999999999999,2.0249999999999995,6.075000000000003,0.0,0.0,-0.005607499999999891,NOT_AVAILABLE,15.0,1,1,8895,True,9102,0,mv2_decision_replay_series
BLUR,okx:linear_perpetual:BLUR:USDT:USDT:perp,9162,3,0,3,-149.16044720281198,-167.2834415379537,-0.016728344153795295,12.081996223427808,6.040998111713904,18.122994335141726,0.0,0.0,-0.016728344153795295,NOT_AVAILABLE,40.0,3,3,8780,True,9102,0,mv2_decision_replay_series
BNB,okx:linear_perpetual:BNB:USDT:USDT:perp,9162,3,0,3,-149.1604472028117,-167.28344153795342,-0.016728344153795295,12.0819962234278,6.0409981117139,18.122994335141726,0.0,0.0,-0.016728344153795295,NOT_AVAILABLE,126.66666666666667,3,3,7596,True,9102,0,mv2_decision_replay_series
CFX,okx:linear_perpetual:CFX:USDT:USDT:perp,9162,4,0,4,-198.32402999512163,-222.42039963952902,-0.02224203996395281,16.06424642960493,8.032123214802464,24.09636964440739,0.0,0.0,-0.02224203996395281,NOT_AVAILABLE,35.5,4,4,8777,True,9102,0,mv2_decision_replay_series
CHZ,okx:linear_perpetual:CHZ:USDT:USDT:perp,9162,7,0,7,-344.1668445702081,-385.9831161854885,-0.03859831161854872,27.87751441018692,13.93875720509346,41.81627161528036,0.0,0.0,-0.03859831161854872,NOT_AVAILABLE,153.85714285714286,7,7,7478,True,9102,0,mv2_decision_replay_series
COMP,okx:linear_perpetual:COMP:USDT:USDT:perp,9162,1,0,1,-49.99999999999965,-56.07499999999964,-0.005607499999999891,4.049999999999993,2.0249999999999964,6.074999999999989,0.0,0.0,-0.005607499999999891,NOT_AVAILABLE,5.0,1,1,8970,True,9102,0,mv2_decision_replay_series
CORE,okx:linear_perpetual:CORE:USDT:USDT:perp,9162,6,0,6,-295.8256871106815,-331.7685080946294,-0.03317685080946285,23.96188065596528,11.98094032798264,35.94282098394791,0.0,0.0,-0.03317685080946285,NOT_AVAILABLE,862.0,6,6,314,True,9102,0,mv2_decision_replay_series
CRO,okx:linear_perpetual:CRO:USDT:USDT:perp,9162,2,0,2,-99.71962499999974,-111.83555943749974,-0.01118355594375007,8.077289625,4.0386448125,12.115934437500002,0.0,0.0,-0.01118355594375007,NOT_AVAILABLE,444.5,2,2,7633,True,9102,0,mv2_decision_replay_series
DOGE,okx:linear_perpetual:DOGE:USDT:USDT:perp,9162,2,0,2,-99.71962499999934,-111.83555943749931,-0.011183555943749889,8.077289624999985,4.038644812499992,12.115934437499973,0.0,0.0,-0.011183555943749889,NOT_AVAILABLE,127.0,2,2,7529,True,9102,0,mv2_decision_replay_series
DYDX,okx:linear_perpetual:DYDX:USDT:USDT:perp,9162,4,0,4,-198.3240299951218,-222.42039963952917,-0.02224203996395281,16.064246429604914,8.032123214802457,24.09636964440736,0.0,0.0,-0.02224203996395281,NOT_AVAILABLE,23.5,4,4,8298,True,9102,0,mv2_decision_replay_series
EGLD,okx:linear_perpetual:EGLD:USDT:USDT:perp,9162,11,0,11,-534.8359018541315,-599.8184639294086,-0.05998184639294068,43.321708050184796,21.660854025092398,64.98256207527709,0.0,0.0,-0.05998184639294068,NOT_AVAILABLE,113.63636363636364,11,12,1660,True,9102,0,mv2_decision_replay_series
ENS,okx:linear_perpetual:ENS:USDT:USDT:perp,9162,2,0,2,-99.71962499999978,-111.83555943749977,-0.011183555943749889,8.077289624999995,4.038644812499998,12.115934437499988,0.0,0.0,-0.011183555943749889,NOT_AVAILABLE,362.0,2,2,7995,True,9102,0,mv2_decision_replay_series
ETC,okx:linear_perpetual:ETC:USDT:USDT:perp,9162,2,1,1,-99.72037499999976,-111.68640056249974,-0.011168640056249932,7.977350374999984,3.988675187499992,11.96602556249998,0.0,0.0,-0.011168640056249932,NOT_AVAILABLE,3.0,2,2,8835,True,9102,0,mv2_decision_replay_series
ETH,okx:linear_perpetual:ETH:USDT:USDT:perp,9162,2,0,2,-99.71962499999947,-111.83555943749947,-0.011183555943749889,8.077289625,4.0386448125,12.115934437500002,0.0,0.0,-0.011183555943749889,NOT_AVAILABLE,615.0,2,2,165,True,9102,0,mv2_decision_replay_series
ETHW,okx:linear_perpetual:ETHW:USDT:USDT:perp,9162,9,1,8,-440.04334396390726,-493.35861025552225,-0.04933586102555219,35.54351086107662,17.77175543053831,53.31526629161499,0.0,0.0,-0.04933586102555219,NOT_AVAILABLE,139.77777777777777,9,11,165,True,9102,0,mv2_decision_replay_series
FIL,okx:linear_perpetual:FIL:USDT:USDT:perp,9162,12,0,12,-581.8368095344839,-652.529981892924,-0.06525299818929216,47.128781572293406,23.564390786146703,70.69317235844005,0.0,0.0,-0.06525299818929216,NOT_AVAILABLE,100.91666666666667,12,12,1366,True,9102,0,mv2_decision_replay_series
FLOKI,okx:linear_perpetual:FLOKI:USDT:USDT:perp,9162,14,0,14,-675.0494300249217,-757.0679357729499,-0.07570679357729478,54.679003832018836,27.339501916009418,82.01850574802825,0.0,0.0,-0.07570679357729478,NOT_AVAILABLE,81.14285714285714,14,15,7638,True,9102,0,mv2_decision_replay_series
GMT,okx:linear_perpetual:GMT:USDT:USDT:perp,9162,10,0,10,-487.5699503507227,-546.8096993183358,-0.05468096993183372,39.49316597840871,19.746582989204356,59.23974896761308,0.0,0.0,-0.05468096993183372,NOT_AVAILABLE,128.2,10,11,7454,True,9102,0,mv2_decision_replay_series
GMX,okx:linear_perpetual:GMX:USDT:USDT:perp,9162,5,0,5,-247.21192799692471,-277.2481772485511,-0.027724817724855164,20.024166167750927,10.012083083875464,30.036249251626373,0.0,0.0,-0.027724817724855164,NOT_AVAILABLE,138.8,5,5,7883,True,9102,0,mv2_decision_replay_series
GRT,okx:linear_perpetual:GRT:USDT:USDT:perp,9162,7,0,7,-344.1668445702077,-385.98311618548803,-0.03859831161854872,27.87751441018691,13.938757205093456,41.81627161528036,0.0,0.0,-0.03859831161854872,NOT_AVAILABLE,163.28571428571428,7,7,30,True,9102,0,mv2_decision_replay_series
HBAR,okx:linear_perpetual:HBAR:USDT:USDT:perp,9162,5,0,5,-247.21192799692403,-277.24817724855046,-0.027724817724854984,20.02416616775092,10.01208308387546,30.03624925162643,0.0,0.0,-0.027724817724854984,NOT_AVAILABLE,502.0,5,5,6500,True,9102,0,mv2_decision_replay_series
ICP,okx:linear_perpetual:ICP:USDT:USDT:perp,9162,6,1,5,-295.8293952896013,-331.62266681728795,-0.03316226668172876,23.86218101845777,11.931090509228884,35.79327152768667,0.0,0.0,-0.03316226668172876,NOT_AVAILABLE,224.0,6,6,7562,True,9102,0,mv2_decision_replay_series
IMX,okx:linear_perpetual:IMX:USDT:USDT:perp,9162,3,0,3,-149.16044720281178,-167.28344153795348,-0.01672834415379548,12.081996223427792,6.040998111713896,18.122994335141698,0.0,0.0,-0.01672834415379548,NOT_AVAILABLE,472.3333333333333,3,3,7558,True,9102,0,mv2_decision_replay_series
IOST,okx:linear_perpetual:IOST:USDT:USDT:perp,9162,0,0,0,0.0,0.0,0.0,0.0,0.0,0.0,NOT_AVAILABLE,0.0,0.0,NOT_AVAILABLE,NOT_AVAILABLE,0,0,8777,True,9102,0,mv2_decision_replay_series
IOTA,okx:linear_perpetual:IOTA:USDT:USDT:perp,9162,1,1,0,-50.0,-55.92499999999998,-0.005592499999999927,3.949999999999986,1.974999999999993,5.924999999999983,0.0,0.0,-0.005592499999999927,NOT_AVAILABLE,50.0,1,1,8804,True,9102,0,mv2_decision_replay_series
LDO,okx:linear_perpetual:LDO:USDT:USDT:perp,9162,5,0,5,-247.21192799692372,-277.2481772485501,-0.027724817724854984,20.02416616775092,10.01208308387546,30.0362492516264,0.0,0.0,-0.027724817724854984,NOT_AVAILABLE,156.4,5,5,8024,True,9102,0,mv2_decision_replay_series
LINK,okx:linear_perpetual:LINK:USDT:USDT:perp,9162,5,2,3,-247.21712775138548,-276.9548476481789,-0.027695484764817774,19.82514659786225,9.912573298931125,29.737719896793408,0.0,0.0,-0.027695484764817774,NOT_AVAILABLE,50.6,5,5,40,True,9102,0,mv2_decision_replay_series
LPT,okx:linear_perpetual:LPT:USDT:USDT:perp,9162,5,1,4,-247.2149028573745,-277.1015135545456,-0.02771015135545458,19.924407131447385,9.962203565723692,29.88661069717108,0.0,0.0,-0.02771015135545458,NOT_AVAILABLE,17.8,5,5,8867,True,9102,0,mv2_decision_replay_series
LTC,okx:linear_perpetual:LTC:USDT:USDT:perp,9162,6,0,6,-295.8256871106813,-331.76850809462917,-0.03317685080946285,23.961880655965256,11.980940327982628,35.942820983947854,0.0,0.0,-0.03317685080946285,NOT_AVAILABLE,45.0,6,6,8331,True,9102,0,mv2_decision_replay_series
LUNA,okx:linear_perpetual:LUNA:USDT:USDT:perp,9162,2,0,2,-99.71962499999975,-111.83555943749974,-0.011183555943749889,8.077289624999999,4.038644812499999,12.115934437499988,0.0,0.0,-0.011183555943749889,NOT_AVAILABLE,70.5,2,2,8663,True,9102,0,mv2_decision_replay_series
MAGIC,okx:linear_perpetual:MAGIC:USDT:USDT:perp,9162,4,0,4,-198.32402999512203,-222.42039963952936,-0.02224203996395281,16.064246429604914,8.032123214802457,24.096369644407332,0.0,0.0,-0.02224203996395281,NOT_AVAILABLE,398.75,4,9,7433,True,9102,0,mv2_decision_replay_series
MANA,okx:linear_perpetual:MANA:USDT:USDT:perp,9162,9,0,9,-440.0374604099725,-493.50201184978425,-0.04935020118497851,35.64303429320788,17.82151714660394,53.46455143981177,0.0,0.0,-0.04935020118497851,NOT_AVAILABLE,39.333333333333336,9,9,8072,True,9102,0,mv2_decision_replay_series
MASK,okx:linear_perpetual:MASK:USDT:USDT:perp,9162,1,0,1,-50.0,-56.075,-0.0056075000000000725,4.050000000000004,2.025000000000002,6.075000000000003,0.0,0.0,-0.0056075000000000725,NOT_AVAILABLE,238.0,1,1,8789,True,9102,0,mv2_decision_replay_series
MINA,okx:linear_perpetual:MINA:USDT:USDT:perp,9162,3,0,3,-149.16044720281198,-167.28344153795368,-0.016728344153795295,12.081996223427808,6.040998111713904,18.122994335141698,0.0,0.0,-0.016728344153795295,NOT_AVAILABLE,483.6666666666667,3,3,1395,True,9102,0,mv2_decision_replay_series
NEO,okx:linear_perpetual:NEO:USDT:USDT:perp,9162,1,0,1,-49.999999999999744,-56.07499999999975,-0.005607499999999891,4.050000000000004,2.025000000000002,6.075000000000003,0.0,0.0,-0.005607499999999891,NOT_AVAILABLE,2.0,1,1,8815,True,9102,0,mv2_decision_replay_series
ONT,okx:linear_perpetual:ONT:USDT:USDT:perp,9162,4,2,2,-198.3277548309754,-222.12541591793894,-0.022212541591793707,15.865107391309037,7.932553695654518,23.79766108696353,0.0,0.0,-0.022212541591793707,NOT_AVAILABLE,45.5,4,4,8510,True,9102,0,mv2_decision_replay_series
OP,okx:linear_perpetual:OP:USDT:USDT:perp,9162,7,0,7,-344.16684457020796,-385.9831161854883,-0.0385983116185489,27.877514410186926,13.938757205093463,41.81627161528036,0.0,0.0,-0.0385983116185489,NOT_AVAILABLE,226.14285714285714,7,7,7250,True,9102,0,mv2_decision_replay_series
ORDI,okx:linear_perpetual:ORDI:USDT:USDT:perp,9162,1,1,0,-50.0,-55.925,-0.005592499999999927,3.9500000000000015,1.9750000000000008,5.924999999999997,0.0,0.0,-0.005592499999999927,NOT_AVAILABLE,40.0,1,1,9018,True,9102,0,mv2_decision_replay_series
PEPE,okx:linear_perpetual:PEPE:USDT:USDT:perp,9162,3,0,3,-149.16044720281133,-167.283441537953,-0.016728344153795295,12.081996223427769,6.0409981117138845,18.12299433514167,0.0,0.0,-0.016728344153795295,NOT_AVAILABLE,500.6666666666667,3,3,7527,True,9102,0,mv2_decision_replay_series
QTUM,okx:linear_perpetual:QTUM:USDT:USDT:perp,9162,6,0,6,-295.8256871106819,-331.7685080946298,-0.03317685080946303,23.96188065596529,11.980940327982646,35.94282098394791,0.0,0.0,-0.03317685080946303,NOT_AVAILABLE,85.83333333333333,6,6,8047,True,9102,0,mv2_decision_replay_series
RVN,okx:linear_perpetual:RVN:USDT:USDT:perp,9162,8,0,8,-392.2369289892803,-439.8937158614779,-0.04398937158614772,31.771191248131778,15.885595624065889,47.65678687219764,0.0,0.0,-0.04398937158614772,NOT_AVAILABLE,152.375,8,8,7403,True,9102,0,mv2_decision_replay_series
SOL,okx:linear_perpetual:SOL:USDT:USDT:perp,9162,10,0,10,-487.5699503507237,-546.8096993183368,-0.05468096993183372,39.493165978408754,19.746582989204377,59.23974896761314,0.0,0.0,-0.05468096993183372,NOT_AVAILABLE,40.7,10,10,7724,True,9102,0,mv2_decision_replay_series
STX,okx:linear_perpetual:STX:USDT:USDT:perp,9162,11,0,11,-534.8359018541312,-599.8184639294085,-0.05998184639294068,43.3217080501848,21.6608540250924,64.98256207527731,0.0,0.0,-0.05998184639294068,NOT_AVAILABLE,53.72727272727273,11,11,8082,True,9102,0,mv2_decision_replay_series
SUI,okx:linear_perpetual:SUI:USDT:USDT:perp,9162,0,0,0,0.0,0.0,0.0,0.0,0.0,0.0,NOT_AVAILABLE,0.0,0.0,NOT_AVAILABLE,NOT_AVAILABLE,0,0,8677,True,9102,0,mv2_decision_replay_series
SUSHI,okx:linear_perpetual:SUSHI:USDT:USDT:perp,9162,1,0,1,-50.0,-56.075,-0.0056075000000000725,4.05,2.025,6.075000000000003,0.0,0.0,-0.0056075000000000725,NOT_AVAILABLE,48.0,1,1,8774,True,9102,0,mv2_decision_replay_series
THETA,okx:linear_perpetual:THETA:USDT:USDT:perp,9162,3,0,3,-149.16044720281215,-167.28344153795388,-0.01672834415379548,12.081996223427808,6.040998111713904,18.122994335141726,0.0,0.0,-0.01672834415379548,NOT_AVAILABLE,195.66666666666666,3,3,7598,True,9102,0,mv2_decision_replay_series
TRX,okx:linear_perpetual:TRX:USDT:USDT:perp,9162,0,0,0,0.0,0.0,0.0,0.0,0.0,0.0,NOT_AVAILABLE,0.0,0.0,NOT_AVAILABLE,NOT_AVAILABLE,0,0,25,True,9102,0,mv2_decision_replay_series
UNI,okx:linear_perpetual:UNI:USDT:USDT:perp,9162,1,0,1,-49.99999999999963,-56.07499999999961,-0.005607499999999891,4.0499999999999865,2.0249999999999932,6.0749999999999815,0.0,0.0,-0.005607499999999891,NOT_AVAILABLE,4.0,1,1,8990,True,9102,0,mv2_decision_replay_series
USDC,okx:linear_perpetual:USDC:USDT:USDT:perp,9162,0,0,0,0.0,0.0,0.0,0.0,0.0,0.0,NOT_AVAILABLE,0.0,0.0,NOT_AVAILABLE,NOT_AVAILABLE,0,0,0,True,9102,0,mv2_decision_replay_series
WLD,okx:linear_perpetual:WLD:USDT:USDT:perp,9162,9,1,8,-440.04334396390766,-493.35861025552265,-0.04933586102555237,35.54351086107661,17.771755430538306,53.31526629161499,0.0,0.0,-0.04933586102555237,NOT_AVAILABLE,79.66666666666667,9,16,8374,True,9102,0,mv2_decision_replay_series
WOO,okx:linear_perpetual:WOO:USDT:USDT:perp,9162,7,0,7,-344.166844570207,-385.9831161854873,-0.03859831161854872,27.877514410186897,13.938757205093449,41.8162716152803,0.0,0.0,-0.03859831161854872,NOT_AVAILABLE,10.714285714285714,7,7,8790,True,9102,0,mv2_decision_replay_series
XLM,okx:linear_perpetual:XLM:USDT:USDT:perp,9162,1,1,0,-50.00000000000001,-55.925000000000004,-0.005592499999999927,3.949999999999997,1.9749999999999985,5.924999999999997,0.0,0.0,-0.005592499999999927,NOT_AVAILABLE,302.0,1,1,8838,True,9102,0,mv2_decision_replay_series
XRP,okx:linear_perpetual:XRP:USDT:USDT:perp,9162,8,0,8,-392.2369289892794,-439.89371586147706,-0.0439893715861479,31.771191248131775,15.885595624065887,47.65678687219764,0.0,0.0,-0.0439893715861479,NOT_AVAILABLE,141.25,8,8,5359,True,9102,0,mv2_decision_replay_series
XTZ,okx:linear_perpetual:XTZ:USDT:USDT:perp,9162,4,0,4,-198.3240299951221,-222.4203996395295,-0.02224203996395281,16.06424642960494,8.03212321480247,24.096369644407417,0.0,0.0,-0.02224203996395281,NOT_AVAILABLE,141.5,4,4,7776,True,9102,0,mv2_decision_replay_series
YGG,okx:linear_perpetual:YGG:USDT:USDT:perp,9162,11,1,10,-534.8432154033867,-599.6766660748985,-0.05996766660748999,43.222300447674506,21.611150223837253,64.83345067151186,0.0,0.0,-0.05996766660748999,NOT_AVAILABLE,137.72727272727272,11,16,7402,True,9102,0,mv2_decision_replay_series
