contract	classification	producer_binding	notes
MarketInstrumentSnapshotV1	BINDABLE_WITH_EXPLICIT_UNAVAILABLE_FIELDS	market_futures_ohlcv_readmodel.v0 dict	venue+instrument_id explicit
MarketRankingSnapshotV1	BINDABLE_WITH_EXPLICIT_UNAVAILABLE_FIELDS	market_ranking_funnel_readmodel.v0 dict	eligibility NOT_PROVIDED
CanonicalDecisionSummaryV1	BINDABLE_WITH_EXPLICIT_UNAVAILABLE_FIELDS	CanonicalTradingDecisionEvidenceV1-like object	no replay call
DoublePlayDecisionSnapshotV1	BINDABLE_WITH_EXPLICIT_UNAVAILABLE_FIELDS	DoublePlayCompositionResultV1-like + side assessments	no static DP path
SafetyAuthoritySnapshotV1	SOURCE_NOT_BOUND	none consolidated	NOT_BOUND unavailable default
ExecutionStateSnapshotV1	BINDABLE_WITH_EXPLICIT_UNAVAILABLE_FIELDS	EntryExitPolicyDecisionV0-like	fill NOT_PROVIDED
EconomicSummarySnapshotV1	BINDABLE_WITH_EXPLICIT_UNAVAILABLE_FIELDS	EconomicViabilityEvidenceV1-like	COMPUTED only
DiagnosticsSummarySnapshotV1	BINDABLE_LOSSLESS	support bundle artifacts mapping	non_authoritative forced
DashboardFreshnessSnapshotV1	BINDABLE_WITH_EXPLICIT_UNAVAILABLE_FIELDS	snapshot metadata + explicit eval time	policy v1
